{
  "timestamp": "2026-07-23 21:06:59",
  "level": "ERROR",
  "message": "✅ Cleanup Worker Connected To PostgreSQL"
}
{
  "timestamp": "2026-07-23 21:06:59",
  "level": "ERROR",
  "message": "✅ Cleanup Worker Started Successfully\""
}
{
  "timestamp": "2026-07-23 21:06:59",
  "level": "ERROR",
  "message": "✅ Cleanup BullMQ Worker Ready"
}
{
  "timestamp": "2026-07-24 02:00:00",
  "level": "ERROR",
  "message": "Cleanup job scheduled",
  "time": "2026-07-23T20:30:00.334Z"
}
{
  "timestamp": "2026-07-24 02:00:00",
  "level": "ERROR",
  "message": "🎉 Cleanup Finished | JobId=daily-cleanup-1784838600331"
}
{
  "timestamp": "2026-07-24 02:00:00",
  "level": "ERROR",
  "message": "✅ Job Completed | JobId=daily-cleanup-1784838600331"
}
{
  "timestamp": "2026-07-24 02:01:00",
  "level": "ERROR",
  "message": "Cleanup job scheduled",
  "time": "2026-07-23T20:31:00.031Z"
}
{
  "timestamp": "2026-07-24 02:01:00",
  "level": "ERROR",
  "message": "🎉 Cleanup Finished | JobId=daily-cleanup-1784838660029"
}
{
  "timestamp": "2026-07-24 02:01:00",
  "level": "ERROR",
  "message": "✅ Job Completed | JobId=daily-cleanup-1784838660029"
}
{
  "timestamp": "2026-07-24 02:02:00",
  "level": "ERROR",
  "message": "Cleanup job scheduled",
  "time": "2026-07-23T20:32:00.022Z"
}
{
  "timestamp": "2026-07-24 02:02:00",
  "level": "ERROR",
  "message": "🎉 Cleanup Finished | JobId=daily-cleanup-1784838720020"
}
{
  "timestamp": "2026-07-24 02:02:00",
  "level": "ERROR",
  "message": "✅ Job Completed | JobId=daily-cleanup-1784838720020"
}
{
  "timestamp": "2026-07-24 02:03:00",
  "level": "ERROR",
  "message": "Cleanup job scheduled",
  "time": "2026-07-23T20:33:00.019Z"
}
{
  "timestamp": "2026-07-24 02:03:00",
  "level": "ERROR",
  "message": "🎉 Cleanup Finished | JobId=daily-cleanup-1784838780018"
}
{
  "timestamp": "2026-07-24 02:03:00",
  "level": "ERROR",
  "message": "✅ Job Completed | JobId=daily-cleanup-1784838780018"
}
{
  "timestamp": "2026-07-24 02:04:00",
  "level": "ERROR",
  "message": "Cleanup job scheduled",
  "time": "2026-07-23T20:34:00.024Z"
}
{
  "timestamp": "2026-07-24 02:04:00",
  "level": "ERROR",
  "message": "🎉 Cleanup Finished | JobId=daily-cleanup-1784838840023"
}
{
  "timestamp": "2026-07-24 02:04:00",
  "level": "ERROR",
  "message": "✅ Job Completed | JobId=daily-cleanup-1784838840023"
}
{
  "timestamp": "2026-07-24 02:05:00",
  "level": "ERROR",
  "message": "Cleanup job scheduled",
  "time": "2026-07-23T20:35:00.022Z"
}
{
  "timestamp": "2026-07-24 02:05:00",
  "level": "ERROR",
  "message": "🎉 Cleanup Finished | JobId=daily-cleanup-1784838900020"
}
{
  "timestamp": "2026-07-24 02:05:00",
  "level": "ERROR",
  "message": "✅ Job Completed | JobId=daily-cleanup-1784838900020"
}
{
  "timestamp": "2026-07-24 02:06:00",
  "level": "ERROR",
  "message": "Cleanup job scheduled",
  "time": "2026-07-23T20:36:00.037Z"
}
{
  "timestamp": "2026-07-24 02:06:00",
  "level": "ERROR",
  "message": "🎉 Cleanup Finished | JobId=daily-cleanup-1784838960033"
}
{
  "timestamp": "2026-07-24 02:06:00",
  "level": "ERROR",
  "message": "✅ Job Completed | JobId=daily-cleanup-1784838960033"
}
{
  "timestamp": "2026-07-24 02:07:00",
  "level": "ERROR",
  "message": "Cleanup job scheduled",
  "time": "2026-07-23T20:37:00.033Z"
}
{
  "timestamp": "2026-07-24 02:07:00",
  "level": "ERROR",
  "message": "🎉 Cleanup Finished | JobId=daily-cleanup-1784839020031"
}
{
  "timestamp": "2026-07-24 02:07:00",
  "level": "ERROR",
  "message": "✅ Job Completed | JobId=daily-cleanup-1784839020031"
}
{
  "timestamp": "2026-07-24 02:08:00",
  "level": "ERROR",
  "message": "Cleanup job scheduled",
  "time": "2026-07-23T20:38:00.022Z"
}
{
  "timestamp": "2026-07-24 02:08:00",
  "level": "ERROR",
  "message": "🎉 Cleanup Finished | JobId=daily-cleanup-1784839080020"
}
{
  "timestamp": "2026-07-24 02:08:00",
  "level": "ERROR",
  "message": "✅ Job Completed | JobId=daily-cleanup-1784839080020"
}
{
  "timestamp": "2026-07-24 02:09:00",
  "level": "ERROR",
  "message": "Cleanup job scheduled",
  "time": "2026-07-23T20:39:00.027Z"
}
{
  "timestamp": "2026-07-24 02:09:00",
  "level": "ERROR",
  "message": "🎉 Cleanup Finished | JobId=daily-cleanup-1784839140025"
}
{
  "timestamp": "2026-07-24 02:09:00",
  "level": "ERROR",
  "message": "✅ Job Completed | JobId=daily-cleanup-1784839140025"
}
{
  "timestamp": "2026-07-24 02:10:00",
  "level": "ERROR",
  "message": "Cleanup job scheduled",
  "time": "2026-07-23T20:40:00.023Z"
}
{
  "timestamp": "2026-07-24 02:10:00",
  "level": "ERROR",
  "message": "🎉 Cleanup Finished | JobId=daily-cleanup-1784839200021"
}
{
  "timestamp": "2026-07-24 02:10:00",
  "level": "ERROR",
  "message": "✅ Job Completed | JobId=daily-cleanup-1784839200021"
}
{
  "timestamp": "2026-07-24 02:11:00",
  "level": "ERROR",
  "message": "Cleanup job scheduled",
  "time": "2026-07-23T20:41:00.020Z"
}
{
  "timestamp": "2026-07-24 02:11:00",
  "level": "ERROR",
  "message": "🎉 Cleanup Finished | JobId=daily-cleanup-1784839260018"
}
{
  "timestamp": "2026-07-24 02:11:00",
  "level": "ERROR",
  "message": "✅ Job Completed | JobId=daily-cleanup-1784839260018"
}
{
  "timestamp": "2026-07-24 02:12:00",
  "level": "ERROR",
  "message": "Cleanup job scheduled",
  "time": "2026-07-23T20:42:00.033Z"
}
{
  "timestamp": "2026-07-24 02:12:00",
  "level": "ERROR",
  "message": "🎉 Cleanup Finished | JobId=daily-cleanup-1784839320032"
}
{
  "timestamp": "2026-07-24 02:12:00",
  "level": "ERROR",
  "message": "✅ Job Completed | JobId=daily-cleanup-1784839320032"
}
{
  "timestamp": "2026-07-24 02:13:00",
  "level": "ERROR",
  "message": "Cleanup job scheduled",
  "time": "2026-07-23T20:43:00.025Z"
}
{
  "timestamp": "2026-07-24 02:13:00",
  "level": "ERROR",
  "message": "🎉 Cleanup Finished | JobId=daily-cleanup-1784839380023"
}
{
  "timestamp": "2026-07-24 02:13:00",
  "level": "ERROR",
  "message": "✅ Job Completed | JobId=daily-cleanup-1784839380023"
}
{
  "timestamp": "2026-07-24 02:14:00",
  "level": "ERROR",
  "message": "Cleanup job scheduled",
  "time": "2026-07-23T20:44:00.031Z"
}
{
  "timestamp": "2026-07-24 02:14:00",
  "level": "ERROR",
  "message": "🎉 Cleanup Finished | JobId=daily-cleanup-1784839440028"
}
{
  "timestamp": "2026-07-24 02:14:00",
  "level": "ERROR",
  "message": "✅ Job Completed | JobId=daily-cleanup-1784839440028"
}
{
  "timestamp": "2026-07-24 02:15:00",
  "level": "ERROR",
  "message": "Cleanup job scheduled",
  "time": "2026-07-23T20:45:00.020Z"
}
{
  "timestamp": "2026-07-24 02:15:00",
  "level": "ERROR",
  "message": "🎉 Cleanup Finished | JobId=daily-cleanup-1784839500017"
}
{
  "timestamp": "2026-07-24 02:15:00",
  "level": "ERROR",
  "message": "✅ Job Completed | JobId=daily-cleanup-1784839500017"
}
{
  "timestamp": "2026-07-24 02:16:00",
  "level": "ERROR",
  "message": "Cleanup job scheduled",
  "time": "2026-07-23T20:46:00.026Z"
}
{
  "timestamp": "2026-07-24 02:16:00",
  "level": "ERROR",
  "message": "🎉 Cleanup Finished | JobId=daily-cleanup-1784839560022"
}
{
  "timestamp": "2026-07-24 02:16:00",
  "level": "ERROR",
  "message": "✅ Job Completed | JobId=daily-cleanup-1784839560022"
}
{
  "timestamp": "2026-07-24 02:17:00",
  "level": "ERROR",
  "message": "Cleanup job scheduled",
  "time": "2026-07-23T20:47:00.025Z"
}
{
  "timestamp": "2026-07-24 02:17:00",
  "level": "ERROR",
  "message": "🎉 Cleanup Finished | JobId=daily-cleanup-1784839620021"
}
{
  "timestamp": "2026-07-24 02:17:00",
  "level": "ERROR",
  "message": "✅ Job Completed | JobId=daily-cleanup-1784839620021"
}
{
  "timestamp": "2026-07-24 02:18:00",
  "level": "ERROR",
  "message": "Cleanup job scheduled",
  "time": "2026-07-23T20:48:00.017Z"
}
{
  "timestamp": "2026-07-24 02:18:00",
  "level": "ERROR",
  "message": "🎉 Cleanup Finished | JobId=daily-cleanup-1784839680015"
}
{
  "timestamp": "2026-07-24 02:18:00",
  "level": "ERROR",
  "message": "✅ Job Completed | JobId=daily-cleanup-1784839680015"
}
{
  "timestamp": "2026-07-24 02:19:00",
  "level": "ERROR",
  "message": "Cleanup job scheduled",
  "time": "2026-07-23T20:49:00.025Z"
}
{
  "timestamp": "2026-07-24 02:19:00",
  "level": "ERROR",
  "message": "🎉 Cleanup Finished | JobId=daily-cleanup-1784839740022"
}
{
  "timestamp": "2026-07-24 02:19:00",
  "level": "ERROR",
  "message": "✅ Job Completed | JobId=daily-cleanup-1784839740022"
}
{
  "timestamp": "2026-07-24 02:20:00",
  "level": "ERROR",
  "message": "Cleanup job scheduled",
  "time": "2026-07-23T20:50:00.026Z"
}
{
  "timestamp": "2026-07-24 02:20:00",
  "level": "ERROR",
  "message": "🎉 Cleanup Finished | JobId=daily-cleanup-1784839800023"
}
{
  "timestamp": "2026-07-24 02:20:00",
  "level": "ERROR",
  "message": "✅ Job Completed | JobId=daily-cleanup-1784839800023"
}
{
  "timestamp": "2026-07-24 02:21:00",
  "level": "ERROR",
  "message": "Cleanup job scheduled",
  "time": "2026-07-23T20:51:00.022Z"
}
{
  "timestamp": "2026-07-24 02:21:00",
  "level": "ERROR",
  "message": "🎉 Cleanup Finished | JobId=daily-cleanup-1784839860019"
}
{
  "timestamp": "2026-07-24 02:21:00",
  "level": "ERROR",
  "message": "✅ Job Completed | JobId=daily-cleanup-1784839860019"
}
{
  "timestamp": "2026-07-24 02:22:00",
  "level": "ERROR",
  "message": "Cleanup job scheduled",
  "time": "2026-07-23T20:52:00.027Z"
}
{
  "timestamp": "2026-07-24 02:22:00",
  "level": "ERROR",
  "message": "🎉 Cleanup Finished | JobId=daily-cleanup-1784839920026"
}
{
  "timestamp": "2026-07-24 02:22:00",
  "level": "ERROR",
  "message": "✅ Job Completed | JobId=daily-cleanup-1784839920026"
}
{
  "timestamp": "2026-07-24 02:23:00",
  "level": "ERROR",
  "message": "Cleanup job scheduled",
  "time": "2026-07-23T20:53:00.030Z"
}
{
  "timestamp": "2026-07-24 02:23:00",
  "level": "ERROR",
  "message": "🎉 Cleanup Finished | JobId=daily-cleanup-1784839980027"
}
{
  "timestamp": "2026-07-24 02:23:00",
  "level": "ERROR",
  "message": "✅ Job Completed | JobId=daily-cleanup-1784839980027"
}
{
  "timestamp": "2026-07-24 02:24:00",
  "level": "ERROR",
  "message": "Cleanup job scheduled",
  "time": "2026-07-23T20:54:00.034Z"
}
{
  "timestamp": "2026-07-24 02:24:00",
  "level": "ERROR",
  "message": "🎉 Cleanup Finished | JobId=daily-cleanup-1784840040031"
}
{
  "timestamp": "2026-07-24 02:24:00",
  "level": "ERROR",
  "message": "✅ Job Completed | JobId=daily-cleanup-1784840040031"
}
{
  "timestamp": "2026-07-24 02:25:00",
  "level": "ERROR",
  "message": "Cleanup job scheduled",
  "time": "2026-07-23T20:55:00.026Z"
}
{
  "timestamp": "2026-07-24 02:25:00",
  "level": "ERROR",
  "message": "🎉 Cleanup Finished | JobId=daily-cleanup-1784840100024"
}
{
  "timestamp": "2026-07-24 02:25:00",
  "level": "ERROR",
  "message": "✅ Job Completed | JobId=daily-cleanup-1784840100024"
}
{
  "timestamp": "2026-07-24 02:26:00",
  "level": "ERROR",
  "message": "Cleanup job scheduled",
  "time": "2026-07-23T20:56:00.029Z"
}
{
  "timestamp": "2026-07-24 02:26:00",
  "level": "ERROR",
  "message": "🎉 Cleanup Finished | JobId=daily-cleanup-1784840160027"
}
{
  "timestamp": "2026-07-24 02:26:00",
  "level": "ERROR",
  "message": "✅ Job Completed | JobId=daily-cleanup-1784840160027"
}
{
  "timestamp": "2026-07-24 02:27:00",
  "level": "ERROR",
  "message": "Cleanup job scheduled",
  "time": "2026-07-23T20:57:00.019Z"
}
{
  "timestamp": "2026-07-24 02:27:00",
  "level": "ERROR",
  "message": "🎉 Cleanup Finished | JobId=daily-cleanup-1784840220018"
}
{
  "timestamp": "2026-07-24 02:27:00",
  "level": "ERROR",
  "message": "✅ Job Completed | JobId=daily-cleanup-1784840220018"
}
{
  "timestamp": "2026-07-24 02:28:00",
  "level": "ERROR",
  "message": "Cleanup job scheduled",
  "time": "2026-07-23T20:58:00.035Z"
}
{
  "timestamp": "2026-07-24 02:28:00",
  "level": "ERROR",
  "message": "🎉 Cleanup Finished | JobId=daily-cleanup-1784840280031"
}
{
  "timestamp": "2026-07-24 02:28:00",
  "level": "ERROR",
  "message": "✅ Job Completed | JobId=daily-cleanup-1784840280031"
}
{
  "timestamp": "2026-07-24 02:29:00",
  "level": "ERROR",
  "message": "Cleanup job scheduled",
  "time": "2026-07-23T20:59:00.025Z"
}
{
  "timestamp": "2026-07-24 02:29:00",
  "level": "ERROR",
  "message": "🎉 Cleanup Finished | JobId=daily-cleanup-1784840340024"
}
{
  "timestamp": "2026-07-24 02:29:00",
  "level": "ERROR",
  "message": "✅ Job Completed | JobId=daily-cleanup-1784840340024"
}
{
  "timestamp": "2026-07-24 02:30:00",
  "level": "ERROR",
  "message": "Cleanup job scheduled",
  "time": "2026-07-23T21:00:00.033Z"
}
{
  "timestamp": "2026-07-24 02:30:00",
  "level": "ERROR",
  "message": "🎉 Cleanup Finished | JobId=daily-cleanup-1784840400029"
}
{
  "timestamp": "2026-07-24 02:30:00",
  "level": "ERROR",
  "message": "✅ Job Completed | JobId=daily-cleanup-1784840400029"
}
{
  "timestamp": "2026-07-24 02:31:00",
  "level": "ERROR",
  "message": "Cleanup job scheduled",
  "time": "2026-07-23T21:01:00.023Z"
}
{
  "timestamp": "2026-07-24 02:31:00",
  "level": "ERROR",
  "message": "🎉 Cleanup Finished | JobId=daily-cleanup-1784840460021"
}
{
  "timestamp": "2026-07-24 02:31:00",
  "level": "ERROR",
  "message": "✅ Job Completed | JobId=daily-cleanup-1784840460021"
}
{
  "timestamp": "2026-07-24 02:32:00",
  "level": "ERROR",
  "message": "Cleanup job scheduled",
  "time": "2026-07-23T21:02:00.022Z"
}
{
  "timestamp": "2026-07-24 02:32:00",
  "level": "ERROR",
  "message": "🎉 Cleanup Finished | JobId=daily-cleanup-1784840520020"
}
{
  "timestamp": "2026-07-24 02:32:00",
  "level": "ERROR",
  "message": "✅ Job Completed | JobId=daily-cleanup-1784840520020"
}
{
  "timestamp": "2026-07-24 02:33:00",
  "level": "ERROR",
  "message": "Cleanup job scheduled",
  "time": "2026-07-23T21:03:00.021Z"
}
{
  "timestamp": "2026-07-24 02:33:00",
  "level": "ERROR",
  "message": "🎉 Cleanup Finished | JobId=daily-cleanup-1784840580019"
}
{
  "timestamp": "2026-07-24 02:33:00",
  "level": "ERROR",
  "message": "✅ Job Completed | JobId=daily-cleanup-1784840580019"
}
{
  "timestamp": "2026-07-24 02:34:00",
  "level": "ERROR",
  "message": "Cleanup job scheduled",
  "time": "2026-07-23T21:04:00.032Z"
}
{
  "timestamp": "2026-07-24 02:34:00",
  "level": "ERROR",
  "message": "🎉 Cleanup Finished | JobId=daily-cleanup-1784840640031"
}
{
  "timestamp": "2026-07-24 02:34:00",
  "level": "ERROR",
  "message": "✅ Job Completed | JobId=daily-cleanup-1784840640031"
}
{
  "timestamp": "2026-07-24 02:35:00",
  "level": "ERROR",
  "message": "Cleanup job scheduled",
  "time": "2026-07-23T21:05:00.023Z"
}
{
  "timestamp": "2026-07-24 02:35:00",
  "level": "ERROR",
  "message": "🎉 Cleanup Finished | JobId=daily-cleanup-1784840700020"
}
{
  "timestamp": "2026-07-24 02:35:00",
  "level": "ERROR",
  "message": "✅ Job Completed | JobId=daily-cleanup-1784840700020"
}
{
  "timestamp": "2026-07-24 02:36:00",
  "level": "ERROR",
  "message": "Cleanup job scheduled",
  "time": "2026-07-23T21:06:00.019Z"
}
{
  "timestamp": "2026-07-24 02:36:00",
  "level": "ERROR",
  "message": "🎉 Cleanup Finished | JobId=daily-cleanup-1784840760017"
}
{
  "timestamp": "2026-07-24 02:36:00",
  "level": "ERROR",
  "message": "✅ Job Completed | JobId=daily-cleanup-1784840760017"
}
{
  "timestamp": "2026-07-24 02:37:00",
  "level": "ERROR",
  "message": "Cleanup job scheduled",
  "time": "2026-07-23T21:07:00.036Z"
}
{
  "timestamp": "2026-07-24 02:37:00",
  "level": "ERROR",
  "message": "🎉 Cleanup Finished | JobId=daily-cleanup-1784840820033"
}
{
  "timestamp": "2026-07-24 02:37:00",
  "level": "ERROR",
  "message": "✅ Job Completed | JobId=daily-cleanup-1784840820033"
}
{
  "timestamp": "2026-07-24 02:38:00",
  "level": "ERROR",
  "message": "Cleanup job scheduled",
  "time": "2026-07-23T21:08:00.020Z"
}
{
  "timestamp": "2026-07-24 02:38:00",
  "level": "ERROR",
  "message": "🎉 Cleanup Finished | JobId=daily-cleanup-1784840880018"
}
{
  "timestamp": "2026-07-24 02:38:00",
  "level": "ERROR",
  "message": "✅ Job Completed | JobId=daily-cleanup-1784840880018"
}
{
  "timestamp": "2026-07-24 02:39:00",
  "level": "ERROR",
  "message": "Cleanup job scheduled",
  "time": "2026-07-23T21:09:00.028Z"
}
{
  "timestamp": "2026-07-24 02:39:00",
  "level": "ERROR",
  "message": "🎉 Cleanup Finished | JobId=daily-cleanup-1784840940025"
}
{
  "timestamp": "2026-07-24 02:39:00",
  "level": "ERROR",
  "message": "✅ Job Completed | JobId=daily-cleanup-1784840940025"
}
{
  "timestamp": "2026-07-24 02:40:00",
  "level": "ERROR",
  "message": "Cleanup job scheduled",
  "time": "2026-07-23T21:10:00.022Z"
}
{
  "timestamp": "2026-07-24 02:40:00",
  "level": "ERROR",
  "message": "🎉 Cleanup Finished | JobId=daily-cleanup-1784841000019"
}
{
  "timestamp": "2026-07-24 02:40:00",
  "level": "ERROR",
  "message": "✅ Job Completed | JobId=daily-cleanup-1784841000019"
}
{
  "timestamp": "2026-07-24 02:41:00",
  "level": "ERROR",
  "message": "Cleanup job scheduled",
  "time": "2026-07-23T21:11:00.025Z"
}
{
  "timestamp": "2026-07-24 02:41:00",
  "level": "ERROR",
  "message": "🎉 Cleanup Finished | JobId=daily-cleanup-1784841060023"
}
{
  "timestamp": "2026-07-24 02:41:00",
  "level": "ERROR",
  "message": "✅ Job Completed | JobId=daily-cleanup-1784841060023"
}
{
  "timestamp": "2026-07-24 02:42:00",
  "level": "ERROR",
  "message": "Cleanup job scheduled",
  "time": "2026-07-23T21:12:00.024Z"
}
{
  "timestamp": "2026-07-24 02:42:00",
  "level": "ERROR",
  "message": "🎉 Cleanup Finished | JobId=daily-cleanup-1784841120021"
}
{
  "timestamp": "2026-07-24 02:42:00",
  "level": "ERROR",
  "message": "✅ Job Completed | JobId=daily-cleanup-1784841120021"
}
{
  "timestamp": "2026-07-24 02:43:00",
  "level": "ERROR",
  "message": "Cleanup job scheduled",
  "time": "2026-07-23T21:13:00.027Z"
}
{
  "timestamp": "2026-07-24 02:43:00",
  "level": "ERROR",
  "message": "🎉 Cleanup Finished | JobId=daily-cleanup-1784841180026"
}
{
  "timestamp": "2026-07-24 02:43:00",
  "level": "ERROR",
  "message": "✅ Job Completed | JobId=daily-cleanup-1784841180026"
}
{
  "timestamp": "2026-07-24 02:44:00",
  "level": "ERROR",
  "message": "Cleanup job scheduled",
  "time": "2026-07-23T21:14:00.022Z"
}
{
  "timestamp": "2026-07-24 02:44:00",
  "level": "ERROR",
  "message": "🎉 Cleanup Finished | JobId=daily-cleanup-1784841240021"
}
{
  "timestamp": "2026-07-24 02:44:00",
  "level": "ERROR",
  "message": "✅ Job Completed | JobId=daily-cleanup-1784841240021"
}
{
  "timestamp": "2026-07-24 02:45:00",
  "level": "ERROR",
  "message": "Cleanup job scheduled",
  "time": "2026-07-23T21:15:00.022Z"
}
{
  "timestamp": "2026-07-24 02:45:00",
  "level": "ERROR",
  "message": "🎉 Cleanup Finished | JobId=daily-cleanup-1784841300019"
}
{
  "timestamp": "2026-07-24 02:45:00",
  "level": "ERROR",
  "message": "✅ Job Completed | JobId=daily-cleanup-1784841300019"
}
{
  "timestamp": "2026-07-24 02:46:00",
  "level": "ERROR",
  "message": "Cleanup job scheduled",
  "time": "2026-07-23T21:16:00.033Z"
}
{
  "timestamp": "2026-07-24 02:46:00",
  "level": "ERROR",
  "message": "🎉 Cleanup Finished | JobId=daily-cleanup-1784841360031"
}
{
  "timestamp": "2026-07-24 02:46:00",
  "level": "ERROR",
  "message": "✅ Job Completed | JobId=daily-cleanup-1784841360031"
}
{
  "timestamp": "2026-07-24 02:47:00",
  "level": "ERROR",
  "message": "Cleanup job scheduled",
  "time": "2026-07-23T21:17:00.017Z"
}
{
  "timestamp": "2026-07-24 02:47:00",
  "level": "ERROR",
  "message": "🎉 Cleanup Finished | JobId=daily-cleanup-1784841420015"
}
{
  "timestamp": "2026-07-24 02:47:00",
  "level": "ERROR",
  "message": "✅ Job Completed | JobId=daily-cleanup-1784841420015"
}
{
  "timestamp": "2026-07-24 02:48:00",
  "level": "ERROR",
  "message": "Cleanup job scheduled",
  "time": "2026-07-23T21:18:00.023Z"
}
{
  "timestamp": "2026-07-24 02:48:00",
  "level": "ERROR",
  "message": "🎉 Cleanup Finished | JobId=daily-cleanup-1784841480021"
}
{
  "timestamp": "2026-07-24 02:48:00",
  "level": "ERROR",
  "message": "✅ Job Completed | JobId=daily-cleanup-1784841480021"
}
{
  "timestamp": "2026-07-24 02:49:00",
  "level": "ERROR",
  "message": "Cleanup job scheduled",
  "time": "2026-07-23T21:19:00.024Z"
}
{
  "timestamp": "2026-07-24 02:49:00",
  "level": "ERROR",
  "message": "🎉 Cleanup Finished | JobId=daily-cleanup-1784841540022"
}
{
  "timestamp": "2026-07-24 02:49:00",
  "level": "ERROR",
  "message": "✅ Job Completed | JobId=daily-cleanup-1784841540022"
}
{
  "timestamp": "2026-07-24 02:50:00",
  "level": "ERROR",
  "message": "Cleanup job scheduled",
  "time": "2026-07-23T21:20:00.033Z"
}
{
  "timestamp": "2026-07-24 02:50:00",
  "level": "ERROR",
  "message": "🎉 Cleanup Finished | JobId=daily-cleanup-1784841600031"
}
{
  "timestamp": "2026-07-24 02:50:00",
  "level": "ERROR",
  "message": "✅ Job Completed | JobId=daily-cleanup-1784841600031"
}
{
  "timestamp": "2026-07-24 02:51:00",
  "level": "ERROR",
  "message": "Cleanup job scheduled",
  "time": "2026-07-23T21:21:00.030Z"
}
{
  "timestamp": "2026-07-24 02:51:00",
  "level": "ERROR",
  "message": "🎉 Cleanup Finished | JobId=daily-cleanup-1784841660027"
}
{
  "timestamp": "2026-07-24 02:51:00",
  "level": "ERROR",
  "message": "✅ Job Completed | JobId=daily-cleanup-1784841660027"
}
{
  "timestamp": "2026-07-24 02:52:00",
  "level": "ERROR",
  "message": "Cleanup job scheduled",
  "time": "2026-07-23T21:22:00.025Z"
}
{
  "timestamp": "2026-07-24 02:52:00",
  "level": "ERROR",
  "message": "🎉 Cleanup Finished | JobId=daily-cleanup-1784841720023"
}
{
  "timestamp": "2026-07-24 02:52:00",
  "level": "ERROR",
  "message": "✅ Job Completed | JobId=daily-cleanup-1784841720023"
}
{
  "timestamp": "2026-07-24 02:53:00",
  "level": "ERROR",
  "message": "Cleanup job scheduled",
  "time": "2026-07-23T21:23:00.030Z"
}
{
  "timestamp": "2026-07-24 02:53:00",
  "level": "ERROR",
  "message": "🎉 Cleanup Finished | JobId=daily-cleanup-1784841780029"
}
{
  "timestamp": "2026-07-24 02:53:00",
  "level": "ERROR",
  "message": "✅ Job Completed | JobId=daily-cleanup-1784841780029"
}
{
  "timestamp": "2026-07-24 02:54:00",
  "level": "ERROR",
  "message": "Cleanup job scheduled",
  "time": "2026-07-23T21:24:00.015Z"
}
{
  "timestamp": "2026-07-24 02:54:00",
  "level": "ERROR",
  "message": "🎉 Cleanup Finished | JobId=daily-cleanup-1784841840013"
}
{
  "timestamp": "2026-07-24 02:54:00",
  "level": "ERROR",
  "message": "✅ Job Completed | JobId=daily-cleanup-1784841840013"
}
{
  "timestamp": "2026-07-24 02:55:00",
  "level": "ERROR",
  "message": "Cleanup job scheduled",
  "time": "2026-07-23T21:25:00.020Z"
}
{
  "timestamp": "2026-07-24 02:55:00",
  "level": "ERROR",
  "message": "🎉 Cleanup Finished | JobId=daily-cleanup-1784841900019"
}
{
  "timestamp": "2026-07-24 02:55:00",
  "level": "ERROR",
  "message": "✅ Job Completed | JobId=daily-cleanup-1784841900019"
}
{
  "timestamp": "2026-07-24 02:56:00",
  "level": "ERROR",
  "message": "Cleanup job scheduled",
  "time": "2026-07-23T21:26:00.021Z"
}
{
  "timestamp": "2026-07-24 02:56:00",
  "level": "ERROR",
  "message": "🎉 Cleanup Finished | JobId=daily-cleanup-1784841960019"
}
{
  "timestamp": "2026-07-24 02:56:00",
  "level": "ERROR",
  "message": "✅ Job Completed | JobId=daily-cleanup-1784841960019"
}
{
  "timestamp": "2026-07-24 02:57:00",
  "level": "ERROR",
  "message": "Cleanup job scheduled",
  "time": "2026-07-23T21:27:00.028Z"
}
{
  "timestamp": "2026-07-24 02:57:00",
  "level": "ERROR",
  "message": "🎉 Cleanup Finished | JobId=daily-cleanup-1784842020027"
}
{
  "timestamp": "2026-07-24 02:57:00",
  "level": "ERROR",
  "message": "✅ Job Completed | JobId=daily-cleanup-1784842020027"
}
{
  "timestamp": "2026-07-24 02:58:00",
  "level": "ERROR",
  "message": "Cleanup job scheduled",
  "time": "2026-07-23T21:28:00.035Z"
}
{
  "timestamp": "2026-07-24 02:58:00",
  "level": "ERROR",
  "message": "🎉 Cleanup Finished | JobId=daily-cleanup-1784842080032"
}
{
  "timestamp": "2026-07-24 02:58:00",
  "level": "ERROR",
  "message": "✅ Job Completed | JobId=daily-cleanup-1784842080032"
}
{
  "timestamp": "2026-07-24 02:59:00",
  "level": "ERROR",
  "message": "Cleanup job scheduled",
  "time": "2026-07-23T21:29:00.024Z"
}
{
  "timestamp": "2026-07-24 02:59:00",
  "level": "ERROR",
  "message": "🎉 Cleanup Finished | JobId=daily-cleanup-1784842140022"
}
{
  "timestamp": "2026-07-24 02:59:00",
  "level": "ERROR",
  "message": "✅ Job Completed | JobId=daily-cleanup-1784842140022"
}
{
  "timestamp": "2026-07-24 12:00:00",
  "level": "ERROR",
  "message": "Cleanup job scheduled",
  "time": "2026-07-24T06:30:00.298Z"
}
{
  "timestamp": "2026-07-24 12:00:00",
  "level": "ERROR",
  "message": "🎉 Cleanup Finished | JobId=daily-cleanup-1784874600297"
}
{
  "timestamp": "2026-07-24 12:00:00",
  "level": "ERROR",
  "message": "✅ Job Completed | JobId=daily-cleanup-1784874600297"
}
{
  "timestamp": "2026-07-24 12:01:00",
  "level": "ERROR",
  "message": "Cleanup job scheduled",
  "time": "2026-07-24T06:31:00.033Z"
}
{
  "timestamp": "2026-07-24 12:01:00",
  "level": "ERROR",
  "message": "🎉 Cleanup Finished | JobId=daily-cleanup-1784874660031"
}
{
  "timestamp": "2026-07-24 12:01:00",
  "level": "ERROR",
  "message": "✅ Job Completed | JobId=daily-cleanup-1784874660031"
}
{
  "timestamp": "2026-07-24 12:02:00",
  "level": "ERROR",
  "message": "Cleanup job scheduled",
  "time": "2026-07-24T06:32:00.027Z"
}
{
  "timestamp": "2026-07-24 12:02:00",
  "level": "ERROR",
  "message": "🎉 Cleanup Finished | JobId=daily-cleanup-1784874720025"
}
{
  "timestamp": "2026-07-24 12:02:00",
  "level": "ERROR",
  "message": "✅ Job Completed | JobId=daily-cleanup-1784874720025"
}
{
  "timestamp": "2026-07-24 12:03:00",
  "level": "ERROR",
  "message": "Cleanup job scheduled",
  "time": "2026-07-24T06:33:00.033Z"
}
{
  "timestamp": "2026-07-24 12:03:00",
  "level": "ERROR",
  "message": "🎉 Cleanup Finished | JobId=daily-cleanup-1784874780031"
}
{
  "timestamp": "2026-07-24 12:03:00",
  "level": "ERROR",
  "message": "✅ Job Completed | JobId=daily-cleanup-1784874780031"
}
{
  "timestamp": "2026-07-24 12:04:00",
  "level": "ERROR",
  "message": "Cleanup job scheduled",
  "time": "2026-07-24T06:34:00.025Z"
}
{
  "timestamp": "2026-07-24 12:04:00",
  "level": "ERROR",
  "message": "🎉 Cleanup Finished | JobId=daily-cleanup-1784874840023"
}
{
  "timestamp": "2026-07-24 12:04:00",
  "level": "ERROR",
  "message": "✅ Job Completed | JobId=daily-cleanup-1784874840023"
}
{
  "timestamp": "2026-07-24 12:05:00",
  "level": "ERROR",
  "message": "Cleanup job scheduled",
  "time": "2026-07-24T06:35:00.024Z"
}
{
  "timestamp": "2026-07-24 12:05:00",
  "level": "ERROR",
  "message": "🎉 Cleanup Finished | JobId=daily-cleanup-1784874900022"
}
{
  "timestamp": "2026-07-24 12:05:00",
  "level": "ERROR",
  "message": "✅ Job Completed | JobId=daily-cleanup-1784874900022"
}
{
  "timestamp": "2026-07-24 12:06:00",
  "level": "ERROR",
  "message": "Cleanup job scheduled",
  "time": "2026-07-24T06:36:00.032Z"
}
{
  "timestamp": "2026-07-24 12:06:00",
  "level": "ERROR",
  "message": "🎉 Cleanup Finished | JobId=daily-cleanup-1784874960031"
}
{
  "timestamp": "2026-07-24 12:06:00",
  "level": "ERROR",
  "message": "✅ Job Completed | JobId=daily-cleanup-1784874960031"
}
{
  "timestamp": "2026-07-24 12:07:00",
  "level": "ERROR",
  "message": "Cleanup job scheduled",
  "time": "2026-07-24T06:37:00.016Z"
}
{
  "timestamp": "2026-07-24 12:07:00",
  "level": "ERROR",
  "message": "🎉 Cleanup Finished | JobId=daily-cleanup-1784875020014"
}
{
  "timestamp": "2026-07-24 12:07:00",
  "level": "ERROR",
  "message": "✅ Job Completed | JobId=daily-cleanup-1784875020014"
}
{
  "timestamp": "2026-07-24 12:08:00",
  "level": "ERROR",
  "message": "Cleanup job scheduled",
  "time": "2026-07-24T06:38:00.025Z"
}
{
  "timestamp": "2026-07-24 12:08:00",
  "level": "ERROR",
  "message": "🎉 Cleanup Finished | JobId=daily-cleanup-1784875080020"
}
{
  "timestamp": "2026-07-24 12:08:00",
  "level": "ERROR",
  "message": "✅ Job Completed | JobId=daily-cleanup-1784875080020"
}
{
  "timestamp": "2026-07-24 12:09:00",
  "level": "ERROR",
  "message": "Cleanup job scheduled",
  "time": "2026-07-24T06:39:00.032Z"
}
{
  "timestamp": "2026-07-24 12:09:00",
  "level": "ERROR",
  "message": "🎉 Cleanup Finished | JobId=daily-cleanup-1784875140029"
}
{
  "timestamp": "2026-07-24 12:09:00",
  "level": "ERROR",
  "message": "✅ Job Completed | JobId=daily-cleanup-1784875140029"
}
{
  "timestamp": "2026-07-24 12:10:00",
  "level": "ERROR",
  "message": "Cleanup job scheduled",
  "time": "2026-07-24T06:40:00.026Z"
}
{
  "timestamp": "2026-07-24 12:10:00",
  "level": "ERROR",
  "message": "🎉 Cleanup Finished | JobId=daily-cleanup-1784875200024"
}
{
  "timestamp": "2026-07-24 12:10:00",
  "level": "ERROR",
  "message": "✅ Job Completed | JobId=daily-cleanup-1784875200024"
}
{
  "timestamp": "2026-07-24 12:11:00",
  "level": "ERROR",
  "message": "Cleanup job scheduled",
  "time": "2026-07-24T06:41:00.023Z"
}
{
  "timestamp": "2026-07-24 12:11:00",
  "level": "ERROR",
  "message": "🎉 Cleanup Finished | JobId=daily-cleanup-1784875260022"
}
{
  "timestamp": "2026-07-24 12:11:00",
  "level": "ERROR",
  "message": "✅ Job Completed | JobId=daily-cleanup-1784875260022"
}
{
  "timestamp": "2026-07-24 12:12:00",
  "level": "ERROR",
  "message": "Cleanup job scheduled",
  "time": "2026-07-24T06:42:00.031Z"
}
{
  "timestamp": "2026-07-24 12:12:00",
  "level": "ERROR",
  "message": "🎉 Cleanup Finished | JobId=daily-cleanup-1784875320030"
}
{
  "timestamp": "2026-07-24 12:12:00",
  "level": "ERROR",
  "message": "✅ Job Completed | JobId=daily-cleanup-1784875320030"
}
{
  "timestamp": "2026-07-24 12:13:00",
  "level": "ERROR",
  "message": "Cleanup job scheduled",
  "time": "2026-07-24T06:43:00.024Z"
}
{
  "timestamp": "2026-07-24 12:13:00",
  "level": "ERROR",
  "message": "🎉 Cleanup Finished | JobId=daily-cleanup-1784875380023"
}
{
  "timestamp": "2026-07-24 12:13:00",
  "level": "ERROR",
  "message": "✅ Job Completed | JobId=daily-cleanup-1784875380023"
}
{
  "timestamp": "2026-07-24 12:14:00",
  "level": "ERROR",
  "message": "Cleanup job scheduled",
  "time": "2026-07-24T06:44:00.022Z"
}
{
  "timestamp": "2026-07-24 12:14:00",
  "level": "ERROR",
  "message": "🎉 Cleanup Finished | JobId=daily-cleanup-1784875440020"
}
{
  "timestamp": "2026-07-24 12:14:00",
  "level": "ERROR",
  "message": "✅ Job Completed | JobId=daily-cleanup-1784875440020"
}
{
  "timestamp": "2026-07-24 12:15:00",
  "level": "ERROR",
  "message": "Cleanup job scheduled",
  "time": "2026-07-24T06:45:00.029Z"
}
{
  "timestamp": "2026-07-24 12:15:00",
  "level": "ERROR",
  "message": "🎉 Cleanup Finished | JobId=daily-cleanup-1784875500027"
}
{
  "timestamp": "2026-07-24 12:15:00",
  "level": "ERROR",
  "message": "✅ Job Completed | JobId=daily-cleanup-1784875500027"
}
{
  "timestamp": "2026-07-24 12:16:00",
  "level": "ERROR",
  "message": "Cleanup job scheduled",
  "time": "2026-07-24T06:46:00.032Z"
}
{
  "timestamp": "2026-07-24 12:16:00",
  "level": "ERROR",
  "message": "🎉 Cleanup Finished | JobId=daily-cleanup-1784875560029"
}
{
  "timestamp": "2026-07-24 12:16:00",
  "level": "ERROR",
  "message": "✅ Job Completed | JobId=daily-cleanup-1784875560029"
}
{
  "timestamp": "2026-07-24 12:17:00",
  "level": "ERROR",
  "message": "Cleanup job scheduled",
  "time": "2026-07-24T06:47:00.031Z"
}
{
  "timestamp": "2026-07-24 12:17:00",
  "level": "ERROR",
  "message": "🎉 Cleanup Finished | JobId=daily-cleanup-1784875620029"
}
{
  "timestamp": "2026-07-24 12:17:00",
  "level": "ERROR",
  "message": "✅ Job Completed | JobId=daily-cleanup-1784875620029"
}
{
  "timestamp": "2026-07-24 12:18:00",
  "level": "ERROR",
  "message": "Cleanup job scheduled",
  "time": "2026-07-24T06:48:00.020Z"
}
{
  "timestamp": "2026-07-24 12:18:00",
  "level": "ERROR",
  "message": "🎉 Cleanup Finished | JobId=daily-cleanup-1784875680018"
}
{
  "timestamp": "2026-07-24 12:18:00",
  "level": "ERROR",
  "message": "✅ Job Completed | JobId=daily-cleanup-1784875680018"
}
{
  "timestamp": "2026-07-24 12:19:00",
  "level": "ERROR",
  "message": "Cleanup job scheduled",
  "time": "2026-07-24T06:49:00.026Z"
}
{
  "timestamp": "2026-07-24 12:19:00",
  "level": "ERROR",
  "message": "🎉 Cleanup Finished | JobId=daily-cleanup-1784875740024"
}
{
  "timestamp": "2026-07-24 12:19:00",
  "level": "ERROR",
  "message": "✅ Job Completed | JobId=daily-cleanup-1784875740024"
}
{
  "timestamp": "2026-07-24 12:20:00",
  "level": "ERROR",
  "message": "Cleanup job scheduled",
  "time": "2026-07-24T06:50:00.032Z"
}
{
  "timestamp": "2026-07-24 12:20:00",
  "level": "ERROR",
  "message": "🎉 Cleanup Finished | JobId=daily-cleanup-1784875800030"
}
{
  "timestamp": "2026-07-24 12:20:00",
  "level": "ERROR",
  "message": "✅ Job Completed | JobId=daily-cleanup-1784875800030"
}
{
  "timestamp": "2026-07-24 12:21:00",
  "level": "ERROR",
  "message": "Cleanup job scheduled",
  "time": "2026-07-24T06:51:00.032Z"
}
{
  "timestamp": "2026-07-24 12:21:00",
  "level": "ERROR",
  "message": "🎉 Cleanup Finished | JobId=daily-cleanup-1784875860030"
}
{
  "timestamp": "2026-07-24 12:21:00",
  "level": "ERROR",
  "message": "✅ Job Completed | JobId=daily-cleanup-1784875860030"
}
{
  "timestamp": "2026-07-24 12:22:00",
  "level": "ERROR",
  "message": "Cleanup job scheduled",
  "time": "2026-07-24T06:52:00.022Z"
}
{
  "timestamp": "2026-07-24 12:22:00",
  "level": "ERROR",
  "message": "🎉 Cleanup Finished | JobId=daily-cleanup-1784875920020"
}
{
  "timestamp": "2026-07-24 12:22:00",
  "level": "ERROR",
  "message": "✅ Job Completed | JobId=daily-cleanup-1784875920020"
}
{
  "timestamp": "2026-07-24 12:23:00",
  "level": "ERROR",
  "message": "Cleanup job scheduled",
  "time": "2026-07-24T06:53:00.033Z"
}
{
  "timestamp": "2026-07-24 12:23:00",
  "level": "ERROR",
  "message": "🎉 Cleanup Finished | JobId=daily-cleanup-1784875980032"
}
{
  "timestamp": "2026-07-24 12:23:00",
  "level": "ERROR",
  "message": "✅ Job Completed | JobId=daily-cleanup-1784875980032"
}
{
  "timestamp": "2026-07-24 12:24:00",
  "level": "ERROR",
  "message": "Cleanup job scheduled",
  "time": "2026-07-24T06:54:00.033Z"
}
{
  "timestamp": "2026-07-24 12:24:00",
  "level": "ERROR",
  "message": "🎉 Cleanup Finished | JobId=daily-cleanup-1784876040031"
}
{
  "timestamp": "2026-07-24 12:24:00",
  "level": "ERROR",
  "message": "✅ Job Completed | JobId=daily-cleanup-1784876040031"
}
{
  "timestamp": "2026-07-24 12:25:00",
  "level": "ERROR",
  "message": "Cleanup job scheduled",
  "time": "2026-07-24T06:55:00.033Z"
}
{
  "timestamp": "2026-07-24 12:25:00",
  "level": "ERROR",
  "message": "🎉 Cleanup Finished | JobId=daily-cleanup-1784876100032"
}
{
  "timestamp": "2026-07-24 12:25:00",
  "level": "ERROR",
  "message": "✅ Job Completed | JobId=daily-cleanup-1784876100032"
}
{
  "timestamp": "2026-07-24 12:26:00",
  "level": "ERROR",
  "message": "Cleanup job scheduled",
  "time": "2026-07-24T06:56:00.014Z"
}
{
  "timestamp": "2026-07-24 12:26:00",
  "level": "ERROR",
  "message": "🎉 Cleanup Finished | JobId=daily-cleanup-1784876160012"
}
{
  "timestamp": "2026-07-24 12:26:00",
  "level": "ERROR",
  "message": "✅ Job Completed | JobId=daily-cleanup-1784876160012"
}
{
  "timestamp": "2026-07-24 12:26:57",
  "level": "ERROR",
  "message": "✅ Cleanup Worker Connected To PostgreSQL"
}
{
  "timestamp": "2026-07-24 12:26:57",
  "level": "ERROR",
  "message": "✅ Cleanup Worker Started Successfully\""
}
{
  "timestamp": "2026-07-24 12:26:57",
  "level": "ERROR",
  "message": "✅ Cleanup BullMQ Worker Ready"
}
{
  "timestamp": "2026-07-24 12:27:00",
  "level": "ERROR",
  "message": "Cleanup job scheduled",
  "time": "2026-07-24T06:57:00.033Z"
}
{
  "timestamp": "2026-07-24 12:27:00",
  "level": "ERROR",
  "message": "🗑️ primary_bin_data: deleted 200 rows"
}
{
  "timestamp": "2026-07-24 12:27:00",
  "level": "ERROR",
  "message": "🗑️ primary_bin_data: deleted 200 rows"
}
{
  "timestamp": "2026-07-24 12:27:00",
  "level": "ERROR",
  "message": "🗑️ primary_bin_data: deleted 200 rows"
}
{
  "timestamp": "2026-07-24 12:27:00",
  "level": "ERROR",
  "message": "🗑️ primary_bin_data: deleted 200 rows"
}
{
  "timestamp": "2026-07-24 12:27:00",
  "level": "ERROR",
  "message": "🗑️ primary_bin_data: deleted 200 rows"
}
{
  "timestamp": "2026-07-24 12:27:01",
  "level": "ERROR",
  "message": "🗑️ primary_bin_data: deleted 200 rows"
}
{
  "timestamp": "2026-07-24 12:27:01",
  "level": "ERROR",
  "message": "🗑️ primary_bin_data: deleted 200 rows"
}
{
  "timestamp": "2026-07-24 12:27:01",
  "level": "ERROR",
  "message": "🗑️ primary_bin_data: deleted 200 rows"
}
{
  "timestamp": "2026-07-24 12:27:01",
  "level": "ERROR",
  "message": "🗑️ primary_bin_data: deleted 200 rows"
}
{
  "timestamp": "2026-07-24 12:27:01",
  "level": "ERROR",
  "message": "🗑️ primary_bin_data: deleted 200 rows"
}
{
  "timestamp": "2026-07-24 12:27:02",
  "level": "ERROR",
  "message": "🗑️ primary_bin_data: deleted 200 rows"
}
{
  "timestamp": "2026-07-24 12:27:02",
  "level": "ERROR",
  "message": "🗑️ primary_bin_data: deleted 200 rows"
}
{
  "timestamp": "2026-07-24 12:27:02",
  "level": "ERROR",
  "message": "🗑️ primary_bin_data: deleted 200 rows"
}
{
  "timestamp": "2026-07-24 12:27:02",
  "level": "ERROR",
  "message": "🗑️ primary_bin_data: deleted 200 rows"
}
{
  "timestamp": "2026-07-24 12:27:03",
  "level": "ERROR",
  "message": "🗑️ primary_bin_data: deleted 200 rows"
}
{
  "timestamp": "2026-07-24 12:27:03",
  "level": "ERROR",
  "message": "🗑️ primary_bin_data: deleted 200 rows"
}
{
  "timestamp": "2026-07-24 12:27:03",
  "level": "ERROR",
  "message": "🗑️ primary_bin_data: deleted 200 rows"
}
{
  "timestamp": "2026-07-24 12:27:03",
  "level": "ERROR",
  "message": "🗑️ primary_bin_data: deleted 200 rows"
}
{
  "timestamp": "2026-07-24 12:27:03",
  "level": "ERROR",
  "message": "🗑️ primary_bin_data: deleted 200 rows"
}
{
  "timestamp": "2026-07-24 12:27:04",
  "level": "ERROR",
  "message": "🗑️ primary_bin_data: deleted 200 rows"
}
{
  "timestamp": "2026-07-24 12:27:04",
  "level": "ERROR",
  "message": "🗑️ primary_bin_data: deleted 200 rows"
}
{
  "timestamp": "2026-07-24 12:27:04",
  "level": "ERROR",
  "message": "🗑️ primary_bin_data: deleted 200 rows"
}
{
  "timestamp": "2026-07-24 12:27:04",
  "level": "ERROR",
  "message": "🗑️ primary_bin_data: deleted 200 rows"
}
{
  "timestamp": "2026-07-24 12:27:04",
  "level": "ERROR",
  "message": "🗑️ primary_bin_data: deleted 200 rows"
}
{
  "timestamp": "2026-07-24 12:27:05",
  "level": "ERROR",
  "message": "🗑️ primary_bin_data: deleted 82 rows"
}
{
  "timestamp": "2026-07-24 12:27:05",
  "level": "ERROR",
  "message": "🗑️ sorted_bulk_data: deleted 200 rows"
}
{
  "timestamp": "2026-07-24 12:27:05",
  "level": "ERROR",
  "message": "🗑️ sorted_bulk_data: deleted 200 rows"
}
{
  "timestamp": "2026-07-24 12:27:05",
  "level": "ERROR",
  "message": "🗑️ sorted_bulk_data: deleted 200 rows"
}
{
  "timestamp": "2026-07-24 12:27:06",
  "level": "ERROR",
  "message": "🗑️ sorted_bulk_data: deleted 200 rows"
}
{
  "timestamp": "2026-07-24 12:27:06",
  "level": "ERROR",
  "message": "🗑️ sorted_bulk_data: deleted 200 rows"
}
{
  "timestamp": "2026-07-24 12:27:06",
  "level": "ERROR",
  "message": "🗑️ sorted_bulk_data: deleted 200 rows"
}
{
  "timestamp": "2026-07-24 12:27:06",
  "level": "ERROR",
  "message": "🗑️ sorted_bulk_data: deleted 200 rows"
}
{
  "timestamp": "2026-07-24 12:27:07",
  "level": "ERROR",
  "message": "🗑️ sorted_bulk_data: deleted 200 rows"
}
{
  "timestamp": "2026-07-24 12:27:07",
  "level": "ERROR",
  "message": "🗑️ sorted_bulk_data: deleted 200 rows"
}
{
  "timestamp": "2026-07-24 12:27:07",
  "level": "ERROR",
  "message": "🗑️ sorted_bulk_data: deleted 200 rows"
}
{
  "timestamp": "2026-07-24 12:27:07",
  "level": "ERROR",
  "message": "🗑️ sorted_bulk_data: deleted 200 rows"
}
{
  "timestamp": "2026-07-24 12:27:07",
  "level": "ERROR",
  "message": "🗑️ sorted_bulk_data: deleted 200 rows"
}
{
  "timestamp": "2026-07-24 12:27:08",
  "level": "ERROR",
  "message": "🗑️ sorted_bulk_data: deleted 200 rows"
}
{
  "timestamp": "2026-07-24 12:27:08",
  "level": "ERROR",
  "message": "🗑️ sorted_bulk_data: deleted 200 rows"
}
{
  "timestamp": "2026-07-24 12:27:08",
  "level": "ERROR",
  "message": "🗑️ sorted_bulk_data: deleted 200 rows"
}
{
  "timestamp": "2026-07-24 12:27:08",
  "level": "ERROR",
  "message": "🗑️ sorted_bulk_data: deleted 200 rows"
}
{
  "timestamp": "2026-07-24 12:27:08",
  "level": "ERROR",
  "message": "🗑️ sorted_bulk_data: deleted 200 rows"
}
{
  "timestamp": "2026-07-24 12:27:09",
  "level": "ERROR",
  "message": "🗑️ sorted_bulk_data: deleted 200 rows"
}
{
  "timestamp": "2026-07-24 12:27:09",
  "level": "ERROR",
  "message": "🗑️ sorted_bulk_data: deleted 200 rows"
}
{
  "timestamp": "2026-07-24 12:27:09",
  "level": "ERROR",
  "message": "🗑️ sorted_bulk_data: deleted 200 rows"
}
{
  "timestamp": "2026-07-24 12:27:09",
  "level": "ERROR",
  "message": "🗑️ sorted_bulk_data: deleted 200 rows"
}
{
  "timestamp": "2026-07-24 12:27:10",
  "level": "ERROR",
  "message": "🗑️ sorted_bulk_data: deleted 14 rows"
}
{
  "timestamp": "2026-07-24 12:27:10",
  "level": "ERROR",
  "message": "🗑️ bulk_data: deleted 200 rows"
}
{
  "timestamp": "2026-07-24 12:27:10",
  "level": "ERROR",
  "message": "🗑️ bulk_data: deleted 200 rows"
}
{
  "timestamp": "2026-07-24 12:27:10",
  "level": "ERROR",
  "message": "🗑️ bulk_data: deleted 200 rows"
}
{
  "timestamp": "2026-07-24 12:27:11",
  "level": "ERROR",
  "message": "🗑️ bulk_data: deleted 200 rows"
}
{
  "timestamp": "2026-07-24 12:27:11",
  "level": "ERROR",
  "message": "🗑️ bulk_data: deleted 200 rows"
}
{
  "timestamp": "2026-07-24 12:27:11",
  "level": "ERROR",
  "message": "🗑️ bulk_data: deleted 200 rows"
}
{
  "timestamp": "2026-07-24 12:27:11",
  "level": "ERROR",
  "message": "🗑️ bulk_data: deleted 200 rows"
}
{
  "timestamp": "2026-07-24 12:27:11",
  "level": "ERROR",
  "message": "🗑️ bulk_data: deleted 200 rows"
}
{
  "timestamp": "2026-07-24 12:27:12",
  "level": "ERROR",
  "message": "🗑️ bulk_data: deleted 200 rows"
}
{
  "timestamp": "2026-07-24 12:27:12",
  "level": "ERROR",
  "message": "🗑️ bulk_data: deleted 200 rows"
}
{
  "timestamp": "2026-07-24 12:27:12",
  "level": "ERROR",
  "message": "🗑️ bulk_data: deleted 200 rows"
}
{
  "timestamp": "2026-07-24 12:27:12",
  "level": "ERROR",
  "message": "🗑️ bulk_data: deleted 200 rows"
}
{
  "timestamp": "2026-07-24 12:27:13",
  "level": "ERROR",
  "message": "🗑️ bulk_data: deleted 200 rows"
}
{
  "timestamp": "2026-07-24 12:27:13",
  "level": "ERROR",
  "message": "🗑️ bulk_data: deleted 200 rows"
}
{
  "timestamp": "2026-07-24 12:27:13",
  "level": "ERROR",
  "message": "🗑️ bulk_data: deleted 200 rows"
}
{
  "timestamp": "2026-07-24 12:27:13",
  "level": "ERROR",
  "message": "🗑️ bulk_data: deleted 200 rows"
}
{
  "timestamp": "2026-07-24 12:27:14",
  "level": "ERROR",
  "message": "🗑️ bulk_data: deleted 200 rows"
}
{
  "timestamp": "2026-07-24 12:27:14",
  "level": "ERROR",
  "message": "🗑️ bulk_data: deleted 200 rows"
}
{
  "timestamp": "2026-07-24 12:27:14",
  "level": "ERROR",
  "message": "🗑️ bulk_data: deleted 200 rows"
}
{
  "timestamp": "2026-07-24 12:27:14",
  "level": "ERROR",
  "message": "🗑️ bulk_data: deleted 200 rows"
}
{
  "timestamp": "2026-07-24 12:27:14",
  "level": "ERROR",
  "message": "🗑️ bulk_data: deleted 200 rows"
}
{
  "timestamp": "2026-07-24 12:27:15",
  "level": "ERROR",
  "message": "🗑️ bulk_data: deleted 200 rows"
}
{
  "timestamp": "2026-07-24 12:27:15",
  "level": "ERROR",
  "message": "🗑️ bulk_data: deleted 200 rows"
}
{
  "timestamp": "2026-07-24 12:27:15",
  "level": "ERROR",
  "message": "🗑️ bulk_data: deleted 200 rows"
}
{
  "timestamp": "2026-07-24 12:27:15",
  "level": "ERROR",
  "message": "🗑️ bulk_data: deleted 200 rows"
}
{
  "timestamp": "2026-07-24 12:27:16",
  "level": "ERROR",
  "message": "🗑️ bulk_data: deleted 200 rows"
}
{
  "timestamp": "2026-07-24 12:27:16",
  "level": "ERROR",
  "message": "🗑️ bulk_data: deleted 200 rows"
}
{
  "timestamp": "2026-07-24 12:27:16",
  "level": "ERROR",
  "message": "🗑️ bulk_data: deleted 200 rows"
}
{
  "timestamp": "2026-07-24 12:27:16",
  "level": "ERROR",
  "message": "🗑️ bulk_data: deleted 200 rows"
}
{
  "timestamp": "2026-07-24 12:27:16",
  "level": "ERROR",
  "message": "🗑️ bulk_data: deleted 200 rows"
}
{
  "timestamp": "2026-07-24 12:27:17",
  "level": "ERROR",
  "message": "🗑️ bulk_data: deleted 200 rows"
}
{
  "timestamp": "2026-07-24 12:27:17",
  "level": "ERROR",
  "message": "🗑️ bulk_data: deleted 200 rows"
}
{
  "timestamp": "2026-07-24 12:27:17",
  "level": "ERROR",
  "message": "🗑️ bulk_data: deleted 200 rows"
}
{
  "timestamp": "2026-07-24 12:27:17",
  "level": "ERROR",
  "message": "🗑️ bulk_data: deleted 200 rows"
}
{
  "timestamp": "2026-07-24 12:27:18",
  "level": "ERROR",
  "message": "🗑️ bulk_data: deleted 200 rows"
}
{
  "timestamp": "2026-07-24 12:27:18",
  "level": "ERROR",
  "message": "🗑️ bulk_data: deleted 200 rows"
}
{
  "timestamp": "2026-07-24 12:27:18",
  "level": "ERROR",
  "message": "🗑️ bulk_data: deleted 200 rows"
}
{
  "timestamp": "2026-07-24 12:27:18",
  "level": "ERROR",
  "message": "🗑️ bulk_data: deleted 200 rows"
}
{
  "timestamp": "2026-07-24 12:27:18",
  "level": "ERROR",
  "message": "🗑️ bulk_data: deleted 200 rows"
}
{
  "timestamp": "2026-07-24 12:27:19",
  "level": "ERROR",
  "message": "🗑️ bulk_data: deleted 200 rows"
}
{
  "timestamp": "2026-07-24 12:27:19",
  "level": "ERROR",
  "message": "🗑️ bulk_data: deleted 200 rows"
}
{
  "timestamp": "2026-07-24 12:27:19",
  "level": "ERROR",
  "message": "🗑️ bulk_data: deleted 200 rows"
}
{
  "timestamp": "2026-07-24 12:27:19",
  "level": "ERROR",
  "message": "🗑️ bulk_data: deleted 200 rows"
}
{
  "timestamp": "2026-07-24 12:27:20",
  "level": "ERROR",
  "message": "🗑️ bulk_data: deleted 200 rows"
}
{
  "timestamp": "2026-07-24 12:27:20",
  "level": "ERROR",
  "message": "🗑️ bulk_data: deleted 200 rows"
}
{
  "timestamp": "2026-07-24 12:27:20",
  "level": "ERROR",
  "message": "🗑️ bulk_data: deleted 200 rows"
}
{
  "timestamp": "2026-07-24 12:27:20",
  "level": "ERROR",
  "message": "🗑️ bulk_data: deleted 200 rows"
}
{
  "timestamp": "2026-07-24 12:27:20",
  "level": "ERROR",
  "message": "🗑️ bulk_data: deleted 200 rows"
}
{
  "timestamp": "2026-07-24 12:27:21",
  "level": "ERROR",
  "message": "🗑️ bulk_data: deleted 200 rows"
}
{
  "timestamp": "2026-07-24 12:27:21",
  "level": "ERROR",
  "message": "🗑️ bulk_data: deleted 200 rows"
}
{
  "timestamp": "2026-07-24 12:27:21",
  "level": "ERROR",
  "message": "🗑️ bulk_data: deleted 200 rows"
}
{
  "timestamp": "2026-07-24 12:27:21",
  "level": "ERROR",
  "message": "🗑️ bulk_data: deleted 200 rows"
}
{
  "timestamp": "2026-07-24 12:27:22",
  "level": "ERROR",
  "message": "🗑️ bulk_data: deleted 200 rows"
}
{
  "timestamp": "2026-07-24 12:27:22",
  "level": "ERROR",
  "message": "🗑️ bulk_data: deleted 200 rows"
}
{
  "timestamp": "2026-07-24 12:27:22",
  "level": "ERROR",
  "message": "🗑️ bulk_data: deleted 200 rows"
}
{
  "timestamp": "2026-07-24 12:27:22",
  "level": "ERROR",
  "message": "🗑️ bulk_data: deleted 200 rows"
}
{
  "timestamp": "2026-07-24 12:27:23",
  "level": "ERROR",
  "message": "🗑️ bulk_data: deleted 200 rows"
}
{
  "timestamp": "2026-07-24 12:27:23",
  "level": "ERROR",
  "message": "🗑️ bulk_data: deleted 200 rows"
}
{
  "timestamp": "2026-07-24 12:27:23",
  "level": "ERROR",
  "message": "🗑️ bulk_data: deleted 200 rows"
}
{
  "timestamp": "2026-07-24 12:27:23",
  "level": "ERROR",
  "message": "🗑️ bulk_data: deleted 200 rows"
}
{
  "timestamp": "2026-07-24 12:27:23",
  "level": "ERROR",
  "message": "🗑️ bulk_data: deleted 200 rows"
}
{
  "timestamp": "2026-07-24 12:27:24",
  "level": "ERROR",
  "message": "🗑️ bulk_data: deleted 200 rows"
}
{
  "timestamp": "2026-07-24 12:27:24",
  "level": "ERROR",
  "message": "🗑️ bulk_data: deleted 200 rows"
}
{
  "timestamp": "2026-07-24 12:27:24",
  "level": "ERROR",
  "message": "🗑️ bulk_data: deleted 200 rows"
}
{
  "timestamp": "2026-07-24 12:27:24",
  "level": "ERROR",
  "message": "🗑️ bulk_data: deleted 200 rows"
}
{
  "timestamp": "2026-07-24 12:27:25",
  "level": "ERROR",
  "message": "🗑️ bulk_data: deleted 200 rows"
}
{
  "timestamp": "2026-07-24 12:27:25",
  "level": "ERROR",
  "message": "🗑️ bulk_data: deleted 200 rows"
}
{
  "timestamp": "2026-07-24 12:27:25",
  "level": "ERROR",
  "message": "🗑️ bulk_data: deleted 200 rows"
}
{
  "timestamp": "2026-07-24 12:27:25",
  "level": "ERROR",
  "message": "🗑️ bulk_data: deleted 200 rows"
}
{
  "timestamp": "2026-07-24 12:27:25",
  "level": "ERROR",
  "message": "🗑️ bulk_data: deleted 200 rows"
}
{
  "timestamp": "2026-07-24 12:27:26",
  "level": "ERROR",
  "message": "🗑️ bulk_data: deleted 200 rows"
}
{
  "timestamp": "2026-07-24 12:27:26",
  "level": "ERROR",
  "message": "🗑️ bulk_data: deleted 200 rows"
}
{
  "timestamp": "2026-07-24 12:27:26",
  "level": "ERROR",
  "message": "🗑️ bulk_data: deleted 200 rows"
}
{
  "timestamp": "2026-07-24 12:27:26",
  "level": "ERROR",
  "message": "🗑️ bulk_data: deleted 200 rows"
}
{
  "timestamp": "2026-07-24 12:27:26",
  "level": "ERROR",
  "message": "🗑️ bulk_data: deleted 200 rows"
}
{
  "timestamp": "2026-07-24 12:27:27",
  "level": "ERROR",
  "message": "🗑️ bulk_data: deleted 200 rows"
}
{
  "timestamp": "2026-07-24 12:27:27",
  "level": "ERROR",
  "message": "🗑️ bulk_data: deleted 200 rows"
}
{
  "timestamp": "2026-07-24 12:27:27",
  "level": "ERROR",
  "message": "🗑️ bulk_data: deleted 200 rows"
}
{
  "timestamp": "2026-07-24 12:27:27",
  "level": "ERROR",
  "message": "🗑️ bulk_data: deleted 200 rows"
}
{
  "timestamp": "2026-07-24 12:27:28",
  "level": "ERROR",
  "message": "🗑️ bulk_data: deleted 200 rows"
}
{
  "timestamp": "2026-07-24 12:27:28",
  "level": "ERROR",
  "message": "🗑️ bulk_data: deleted 200 rows"
}
{
  "timestamp": "2026-07-24 12:27:28",
  "level": "ERROR",
  "message": "🗑️ bulk_data: deleted 200 rows"
}
{
  "timestamp": "2026-07-24 12:27:28",
  "level": "ERROR",
  "message": "🗑️ bulk_data: deleted 200 rows"
}
{
  "timestamp": "2026-07-24 12:27:28",
  "level": "ERROR",
  "message": "🗑️ bulk_data: deleted 200 rows"
}
{
  "timestamp": "2026-07-24 12:27:29",
  "level": "ERROR",
  "message": "🗑️ bulk_data: deleted 200 rows"
}
{
  "timestamp": "2026-07-24 12:27:29",
  "level": "ERROR",
  "message": "🗑️ bulk_data: deleted 200 rows"
}
{
  "timestamp": "2026-07-24 12:27:29",
  "level": "ERROR",
  "message": "🗑️ bulk_data: deleted 200 rows"
}
{
  "timestamp": "2026-07-24 12:27:29",
  "level": "ERROR",
  "message": "🗑️ bulk_data: deleted 200 rows"
}
{
  "timestamp": "2026-07-24 12:27:30",
  "level": "ERROR",
  "message": "🗑️ bulk_data: deleted 200 rows"
}
{
  "timestamp": "2026-07-24 12:27:30",
  "level": "ERROR",
  "message": "🗑️ bulk_data: deleted 200 rows"
}
{
  "timestamp": "2026-07-24 12:27:30",
  "level": "ERROR",
  "message": "🗑️ bulk_data: deleted 200 rows"
}
{
  "timestamp": "2026-07-24 12:27:30",
  "level": "ERROR",
  "message": "🗑️ bulk_data: deleted 200 rows"
}
{
  "timestamp": "2026-07-24 12:27:30",
  "level": "ERROR",
  "message": "🗑️ bulk_data: deleted 200 rows"
}
{
  "timestamp": "2026-07-24 12:27:31",
  "level": "ERROR",
  "message": "🗑️ bulk_data: deleted 200 rows"
}
{
  "timestamp": "2026-07-24 12:27:31",
  "level": "ERROR",
  "message": "🗑️ bulk_data: deleted 200 rows"
}
{
  "timestamp": "2026-07-24 12:27:31",
  "level": "ERROR",
  "message": "🗑️ bulk_data: deleted 200 rows"
}
{
  "timestamp": "2026-07-24 12:27:31",
  "level": "ERROR",
  "message": "🗑️ bulk_data: deleted 200 rows"
}
{
  "timestamp": "2026-07-24 12:27:32",
  "level": "ERROR",
  "message": "🗑️ bulk_data: deleted 200 rows"
}
{
  "timestamp": "2026-07-24 12:27:32",
  "level": "ERROR",
  "message": "🗑️ bulk_data: deleted 200 rows"
}
{
  "timestamp": "2026-07-24 12:27:32",
  "level": "ERROR",
  "message": "🗑️ bulk_data: deleted 200 rows"
}
{
  "timestamp": "2026-07-24 12:27:32",
  "level": "ERROR",
  "message": "🗑️ bulk_data: deleted 200 rows"
}
{
  "timestamp": "2026-07-24 12:27:32",
  "level": "ERROR",
  "message": "🗑️ bulk_data: deleted 200 rows"
}
{
  "timestamp": "2026-07-24 12:27:33",
  "level": "ERROR",
  "message": "🗑️ bulk_data: deleted 200 rows"
}
{
  "timestamp": "2026-07-24 12:27:33",
  "level": "ERROR",
  "message": "🗑️ bulk_data: deleted 200 rows"
}
{
  "timestamp": "2026-07-24 12:27:33",
  "level": "ERROR",
  "message": "🗑️ bulk_data: deleted 200 rows"
}
{
  "timestamp": "2026-07-24 12:27:33",
  "level": "ERROR",
  "message": "🗑️ bulk_data: deleted 200 rows"
}
{
  "timestamp": "2026-07-24 12:27:34",
  "level": "ERROR",
  "message": "🗑️ bulk_data: deleted 200 rows"
}
{
  "timestamp": "2026-07-24 12:27:34",
  "level": "ERROR",
  "message": "🗑️ bulk_data: deleted 200 rows"
}
{
  "timestamp": "2026-07-24 12:27:34",
  "level": "ERROR",
  "message": "🗑️ bulk_data: deleted 200 rows"
}
{
  "timestamp": "2026-07-24 12:27:34",
  "level": "ERROR",
  "message": "🗑️ bulk_data: deleted 200 rows"
}
{
  "timestamp": "2026-07-24 12:27:35",
  "level": "ERROR",
  "message": "🗑️ bulk_data: deleted 200 rows"
}
{
  "timestamp": "2026-07-24 12:27:35",
  "level": "ERROR",
  "message": "🗑️ bulk_data: deleted 200 rows"
}
{
  "timestamp": "2026-07-24 12:27:35",
  "level": "ERROR",
  "message": "🗑️ bulk_data: deleted 200 rows"
}
{
  "timestamp": "2026-07-24 12:27:35",
  "level": "ERROR",
  "message": "🗑️ bulk_data: deleted 200 rows"
}
{
  "timestamp": "2026-07-24 12:27:35",
  "level": "ERROR",
  "message": "🗑️ bulk_data: deleted 200 rows"
}
{
  "timestamp": "2026-07-24 12:27:36",
  "level": "ERROR",
  "message": "🗑️ bulk_data: deleted 200 rows"
}
{
  "timestamp": "2026-07-24 12:27:36",
  "level": "ERROR",
  "message": "🗑️ bulk_data: deleted 200 rows"
}
{
  "timestamp": "2026-07-24 12:27:36",
  "level": "ERROR",
  "message": "🗑️ bulk_data: deleted 200 rows"
}
{
  "timestamp": "2026-07-24 12:27:36",
  "level": "ERROR",
  "message": "🗑️ bulk_data: deleted 200 rows"
}
{
  "timestamp": "2026-07-24 12:27:37",
  "level": "ERROR",
  "message": "🗑️ bulk_data: deleted 200 rows"
}
{
  "timestamp": "2026-07-24 12:27:37",
  "level": "ERROR",
  "message": "🗑️ bulk_data: deleted 200 rows"
}
{
  "timestamp": "2026-07-24 12:27:37",
  "level": "ERROR",
  "message": "🗑️ bulk_data: deleted 200 rows"
}
{
  "timestamp": "2026-07-24 12:27:37",
  "level": "ERROR",
  "message": "🗑️ bulk_data: deleted 200 rows"
}
{
  "timestamp": "2026-07-24 12:27:37",
  "level": "ERROR",
  "message": "🗑️ bulk_data: deleted 200 rows"
}
{
  "timestamp": "2026-07-24 12:27:38",
  "level": "ERROR",
  "message": "🗑️ bulk_data: deleted 200 rows"
}
{
  "timestamp": "2026-07-24 12:27:38",
  "level": "ERROR",
  "message": "🗑️ bulk_data: deleted 200 rows"
}
{
  "timestamp": "2026-07-24 12:27:38",
  "level": "ERROR",
  "message": "🗑️ bulk_data: deleted 200 rows"
}
{
  "timestamp": "2026-07-24 12:27:38",
  "level": "ERROR",
  "message": "🗑️ bulk_data: deleted 200 rows"
}
{
  "timestamp": "2026-07-24 12:27:38",
  "level": "ERROR",
  "message": "🗑️ bulk_data: deleted 200 rows"
}
{
  "timestamp": "2026-07-24 12:27:39",
  "level": "ERROR",
  "message": "🗑️ bulk_data: deleted 200 rows"
}
{
  "timestamp": "2026-07-24 12:27:39",
  "level": "ERROR",
  "message": "🗑️ bulk_data: deleted 200 rows"
}
{
  "timestamp": "2026-07-24 12:27:39",
  "level": "ERROR",
  "message": "🗑️ bulk_data: deleted 200 rows"
}
{
  "timestamp": "2026-07-24 12:27:39",
  "level": "ERROR",
  "message": "🗑️ bulk_data: deleted 200 rows"
}
{
  "timestamp": "2026-07-24 12:27:40",
  "level": "ERROR",
  "message": "🗑️ bulk_data: deleted 200 rows"
}
{
  "timestamp": "2026-07-24 12:27:40",
  "level": "ERROR",
  "message": "🗑️ bulk_data: deleted 200 rows"
}
{
  "timestamp": "2026-07-24 12:27:40",
  "level": "ERROR",
  "message": "🗑️ bulk_data: deleted 200 rows"
}
{
  "timestamp": "2026-07-24 12:27:40",
  "level": "ERROR",
  "message": "🗑️ bulk_data: deleted 200 rows"
}
{
  "timestamp": "2026-07-24 12:27:40",
  "level": "ERROR",
  "message": "🗑️ bulk_data: deleted 200 rows"
}
{
  "timestamp": "2026-07-24 12:27:41",
  "level": "ERROR",
  "message": "🗑️ bulk_data: deleted 200 rows"
}
{
  "timestamp": "2026-07-24 12:27:41",
  "level": "ERROR",
  "message": "🗑️ bulk_data: deleted 200 rows"
}
{
  "timestamp": "2026-07-24 12:27:41",
  "level": "ERROR",
  "message": "🗑️ bulk_data: deleted 200 rows"
}
{
  "timestamp": "2026-07-24 12:27:41",
  "level": "ERROR",
  "message": "🗑️ bulk_data: deleted 200 rows"
}
{
  "timestamp": "2026-07-24 12:27:42",
  "level": "ERROR",
  "message": "🗑️ bulk_data: deleted 200 rows"
}
{
  "timestamp": "2026-07-24 12:27:42",
  "level": "ERROR",
  "message": "🗑️ bulk_data: deleted 200 rows"
}
{
  "timestamp": "2026-07-24 12:27:42",
  "level": "ERROR",
  "message": "🗑️ bulk_data: deleted 200 rows"
}
{
  "timestamp": "2026-07-24 12:27:42",
  "level": "ERROR",
  "message": "🗑️ bulk_data: deleted 200 rows"
}
{
  "timestamp": "2026-07-24 12:27:43",
  "level": "ERROR",
  "message": "🗑️ bulk_data: deleted 200 rows"
}
{
  "timestamp": "2026-07-24 12:27:43",
  "level": "ERROR",
  "message": "🗑️ bulk_data: deleted 200 rows"
}
{
  "timestamp": "2026-07-24 12:27:43",
  "level": "ERROR",
  "message": "🗑️ bulk_data: deleted 200 rows"
}
{
  "timestamp": "2026-07-24 12:27:43",
  "level": "ERROR",
  "message": "🗑️ bulk_data: deleted 200 rows"
}
{
  "timestamp": "2026-07-24 12:27:43",
  "level": "ERROR",
  "message": "🗑️ bulk_data: deleted 200 rows"
}
{
  "timestamp": "2026-07-24 12:27:44",
  "level": "ERROR",
  "message": "🗑️ bulk_data: deleted 200 rows"
}
{
  "timestamp": "2026-07-24 12:27:44",
  "level": "ERROR",
  "message": "🗑️ bulk_data: deleted 200 rows"
}
{
  "timestamp": "2026-07-24 12:27:44",
  "level": "ERROR",
  "message": "🗑️ bulk_data: deleted 200 rows"
}
{
  "timestamp": "2026-07-24 12:27:44",
  "level": "ERROR",
  "message": "🗑️ bulk_data: deleted 200 rows"
}
{
  "timestamp": "2026-07-24 12:27:45",
  "level": "ERROR",
  "message": "🗑️ bulk_data: deleted 200 rows"
}
{
  "timestamp": "2026-07-24 12:27:45",
  "level": "ERROR",
  "message": "🗑️ bulk_data: deleted 200 rows"
}
{
  "timestamp": "2026-07-24 12:27:45",
  "level": "ERROR",
  "message": "🗑️ bulk_data: deleted 200 rows"
}
{
  "timestamp": "2026-07-24 12:27:45",
  "level": "ERROR",
  "message": "🗑️ bulk_data: deleted 200 rows"
}
{
  "timestamp": "2026-07-24 12:27:45",
  "level": "ERROR",
  "message": "🗑️ bulk_data: deleted 200 rows"
}
{
  "timestamp": "2026-07-24 12:27:46",
  "level": "ERROR",
  "message": "🗑️ bulk_data: deleted 200 rows"
}
{
  "timestamp": "2026-07-24 12:27:46",
  "level": "ERROR",
  "message": "🗑️ bulk_data: deleted 200 rows"
}
{
  "timestamp": "2026-07-24 12:27:46",
  "level": "ERROR",
  "message": "🗑️ bulk_data: deleted 200 rows"
}
{
  "timestamp": "2026-07-24 12:27:46",
  "level": "ERROR",
  "message": "🗑️ bulk_data: deleted 200 rows"
}
{
  "timestamp": "2026-07-24 12:27:47",
  "level": "ERROR",
  "message": "🗑️ bulk_data: deleted 200 rows"
}
{
  "timestamp": "2026-07-24 12:27:47",
  "level": "ERROR",
  "message": "🗑️ bulk_data: deleted 200 rows"
}
{
  "timestamp": "2026-07-24 12:27:47",
  "level": "ERROR",
  "message": "🗑️ bulk_data: deleted 200 rows"
}
{
  "timestamp": "2026-07-24 12:27:47",
  "level": "ERROR",
  "message": "🗑️ bulk_data: deleted 200 rows"
}
{
  "timestamp": "2026-07-24 12:27:47",
  "level": "ERROR",
  "message": "🗑️ bulk_data: deleted 200 rows"
}
{
  "timestamp": "2026-07-24 12:27:48",
  "level": "ERROR",
  "message": "🗑️ bulk_data: deleted 200 rows"
}
{
  "timestamp": "2026-07-24 12:27:48",
  "level": "ERROR",
  "message": "🗑️ bulk_data: deleted 200 rows"
}
{
  "timestamp": "2026-07-24 12:27:48",
  "level": "ERROR",
  "message": "🗑️ bulk_data: deleted 200 rows"
}
{
  "timestamp": "2026-07-24 12:27:48",
  "level": "ERROR",
  "message": "🗑️ bulk_data: deleted 200 rows"
}
{
  "timestamp": "2026-07-24 12:27:49",
  "level": "ERROR",
  "message": "🗑️ bulk_data: deleted 200 rows"
}
{
  "timestamp": "2026-07-24 12:27:49",
  "level": "ERROR",
  "message": "🗑️ bulk_data: deleted 200 rows"
}
{
  "timestamp": "2026-07-24 12:27:49",
  "level": "ERROR",
  "message": "🗑️ bulk_data: deleted 200 rows"
}
{
  "timestamp": "2026-07-24 12:27:49",
  "level": "ERROR",
  "message": "🗑️ bulk_data: deleted 200 rows"
}
{
  "timestamp": "2026-07-24 12:27:50",
  "level": "ERROR",
  "message": "🗑️ bulk_data: deleted 200 rows"
}
{
  "timestamp": "2026-07-24 12:27:50",
  "level": "ERROR",
  "message": "🗑️ bulk_data: deleted 200 rows"
}
{
  "timestamp": "2026-07-24 12:27:50",
  "level": "ERROR",
  "message": "🗑️ bulk_data: deleted 200 rows"
}
{
  "timestamp": "2026-07-24 12:27:50",
  "level": "ERROR",
  "message": "🗑️ bulk_data: deleted 200 rows"
}
{
  "timestamp": "2026-07-24 12:27:50",
  "level": "ERROR",
  "message": "🗑️ bulk_data: deleted 200 rows"
}
{
  "timestamp": "2026-07-24 12:27:51",
  "level": "ERROR",
  "message": "🗑️ bulk_data: deleted 200 rows"
}
{
  "timestamp": "2026-07-24 12:27:51",
  "level": "ERROR",
  "message": "🗑️ bulk_data: deleted 200 rows"
}
{
  "timestamp": "2026-07-24 12:27:51",
  "level": "ERROR",
  "message": "🗑️ bulk_data: deleted 200 rows"
}
{
  "timestamp": "2026-07-24 12:27:51",
  "level": "ERROR",
  "message": "🗑️ bulk_data: deleted 200 rows"
}
{
  "timestamp": "2026-07-24 12:27:52",
  "level": "ERROR",
  "message": "🗑️ bulk_data: deleted 200 rows"
}
{
  "timestamp": "2026-07-24 12:27:52",
  "level": "ERROR",
  "message": "🗑️ bulk_data: deleted 200 rows"
}
{
  "timestamp": "2026-07-24 12:27:52",
  "level": "ERROR",
  "message": "🗑️ bulk_data: deleted 200 rows"
}
{
  "timestamp": "2026-07-24 12:27:52",
  "level": "ERROR",
  "message": "🗑️ bulk_data: deleted 200 rows"
}
{
  "timestamp": "2026-07-24 12:27:53",
  "level": "ERROR",
  "message": "🗑️ bulk_data: deleted 200 rows"
}
{
  "timestamp": "2026-07-24 12:27:53",
  "level": "ERROR",
  "message": "🗑️ bulk_data: deleted 200 rows"
}
{
  "timestamp": "2026-07-24 12:27:53",
  "level": "ERROR",
  "message": "🗑️ bulk_data: deleted 200 rows"
}
{
  "timestamp": "2026-07-24 12:27:53",
  "level": "ERROR",
  "message": "🗑️ bulk_data: deleted 200 rows"
}
{
  "timestamp": "2026-07-24 12:27:53",
  "level": "ERROR",
  "message": "🗑️ bulk_data: deleted 200 rows"
}
{
  "timestamp": "2026-07-24 12:27:54",
  "level": "ERROR",
  "message": "🗑️ bulk_data: deleted 200 rows"
}
{
  "timestamp": "2026-07-24 12:27:54",
  "level": "ERROR",
  "message": "🗑️ bulk_data: deleted 200 rows"
}
{
  "timestamp": "2026-07-24 12:27:54",
  "level": "ERROR",
  "message": "🗑️ bulk_data: deleted 200 rows"
}
{
  "timestamp": "2026-07-24 12:27:54",
  "level": "ERROR",
  "message": "🗑️ bulk_data: deleted 200 rows"
}
{
  "timestamp": "2026-07-24 12:27:55",
  "level": "ERROR",
  "message": "🗑️ bulk_data: deleted 200 rows"
}
{
  "timestamp": "2026-07-24 12:27:55",
  "level": "ERROR",
  "message": "🗑️ bulk_data: deleted 200 rows"
}
{
  "timestamp": "2026-07-24 12:27:55",
  "level": "ERROR",
  "message": "🗑️ bulk_data: deleted 200 rows"
}
{
  "timestamp": "2026-07-24 12:27:55",
  "level": "ERROR",
  "message": "🗑️ bulk_data: deleted 200 rows"
}
{
  "timestamp": "2026-07-24 12:27:55",
  "level": "ERROR",
  "message": "🗑️ bulk_data: deleted 200 rows"
}
{
  "timestamp": "2026-07-24 12:27:56",
  "level": "ERROR",
  "message": "🗑️ bulk_data: deleted 200 rows"
}
{
  "timestamp": "2026-07-24 12:27:56",
  "level": "ERROR",
  "message": "🗑️ bulk_data: deleted 200 rows"
}
{
  "timestamp": "2026-07-24 12:27:56",
  "level": "ERROR",
  "message": "🗑️ bulk_data: deleted 200 rows"
}
{
  "timestamp": "2026-07-24 12:27:56",
  "level": "ERROR",
  "message": "🗑️ bulk_data: deleted 200 rows"
}
{
  "timestamp": "2026-07-24 12:27:57",
  "level": "ERROR",
  "message": "🗑️ bulk_data: deleted 200 rows"
}
{
  "timestamp": "2026-07-24 12:27:57",
  "level": "ERROR",
  "message": "🗑️ bulk_data: deleted 200 rows"
}
{
  "timestamp": "2026-07-24 12:27:57",
  "level": "ERROR",
  "message": "🗑️ bulk_data: deleted 200 rows"
}
{
  "timestamp": "2026-07-24 12:27:57",
  "level": "ERROR",
  "message": "🗑️ bulk_data: deleted 200 rows"
}
{
  "timestamp": "2026-07-24 12:27:57",
  "level": "ERROR",
  "message": "🗑️ bulk_data: deleted 200 rows"
}
{
  "timestamp": "2026-07-24 12:27:58",
  "level": "ERROR",
  "message": "🗑️ bulk_data: deleted 200 rows"
}
{
  "timestamp": "2026-07-24 12:27:58",
  "level": "ERROR",
  "message": "🗑️ bulk_data: deleted 200 rows"
}
{
  "timestamp": "2026-07-24 12:27:58",
  "level": "ERROR",
  "message": "🗑️ bulk_data: deleted 200 rows"
}
{
  "timestamp": "2026-07-24 12:27:58",
  "level": "ERROR",
  "message": "🗑️ bulk_data: deleted 200 rows"
}
{
  "timestamp": "2026-07-24 12:27:59",
  "level": "ERROR",
  "message": "🗑️ bulk_data: deleted 200 rows"
}
{
  "timestamp": "2026-07-24 12:27:59",
  "level": "ERROR",
  "message": "🗑️ bulk_data: deleted 200 rows"
}
{
  "timestamp": "2026-07-24 12:27:59",
  "level": "ERROR",
  "message": "🗑️ bulk_data: deleted 200 rows"
}
{
  "timestamp": "2026-07-24 12:27:59",
  "level": "ERROR",
  "message": "🗑️ bulk_data: deleted 200 rows"
}
{
  "timestamp": "2026-07-24 12:27:59",
  "level": "ERROR",
  "message": "🗑️ bulk_data: deleted 200 rows"
}
{
  "timestamp": "2026-07-24 12:28:00",
  "level": "ERROR",
  "message": "Cleanup job scheduled",
  "time": "2026-07-24T06:58:00.032Z"
}
{
  "timestamp": "2026-07-24 12:28:00",
  "level": "ERROR",
  "message": "🗑️ bulk_data: deleted 200 rows"
}
{
  "timestamp": "2026-07-24 12:28:00",
  "level": "ERROR",
  "message": "🗑️ bulk_data: deleted 200 rows"
}
{
  "timestamp": "2026-07-24 12:28:00",
  "level": "ERROR",
  "message": "🗑️ bulk_data: deleted 200 rows"
}
{
  "timestamp": "2026-07-24 12:28:00",
  "level": "ERROR",
  "message": "🗑️ bulk_data: deleted 200 rows"
}
{
  "timestamp": "2026-07-24 12:28:01",
  "level": "ERROR",
  "message": "🗑️ bulk_data: deleted 200 rows"
}
{
  "timestamp": "2026-07-24 12:28:01",
  "level": "ERROR",
  "message": "🗑️ bulk_data: deleted 200 rows"
}
{
  "timestamp": "2026-07-24 12:28:01",
  "level": "ERROR",
  "message": "🗑️ bulk_data: deleted 200 rows"
}
{
  "timestamp": "2026-07-24 12:28:01",
  "level": "ERROR",
  "message": "🗑️ bulk_data: deleted 200 rows"
}
{
  "timestamp": "2026-07-24 12:28:01",
  "level": "ERROR",
  "message": "🗑️ bulk_data: deleted 200 rows"
}
{
  "timestamp": "2026-07-24 12:28:02",
  "level": "ERROR",
  "message": "🗑️ bulk_data: deleted 200 rows"
}
{
  "timestamp": "2026-07-24 12:28:02",
  "level": "ERROR",
  "message": "🗑️ bulk_data: deleted 200 rows"
}
{
  "timestamp": "2026-07-24 12:28:02",
  "level": "ERROR",
  "message": "🗑️ bulk_data: deleted 200 rows"
}
{
  "timestamp": "2026-07-24 12:28:02",
  "level": "ERROR",
  "message": "🗑️ bulk_data: deleted 200 rows"
}
{
  "timestamp": "2026-07-24 12:28:03",
  "level": "ERROR",
  "message": "🗑️ bulk_data: deleted 200 rows"
}
{
  "timestamp": "2026-07-24 12:28:03",
  "level": "ERROR",
  "message": "🗑️ bulk_data: deleted 200 rows"
}
{
  "timestamp": "2026-07-24 12:28:03",
  "level": "ERROR",
  "message": "🗑️ bulk_data: deleted 200 rows"
}
{
  "timestamp": "2026-07-24 12:28:03",
  "level": "ERROR",
  "message": "🗑️ bulk_data: deleted 200 rows"
}
{
  "timestamp": "2026-07-24 12:28:03",
  "level": "ERROR",
  "message": "🗑️ bulk_data: deleted 200 rows"
}
{
  "timestamp": "2026-07-24 12:28:04",
  "level": "ERROR",
  "message": "🗑️ bulk_data: deleted 200 rows"
}
{
  "timestamp": "2026-07-24 12:28:04",
  "level": "ERROR",
  "message": "🗑️ bulk_data: deleted 200 rows"
}
{
  "timestamp": "2026-07-24 12:28:04",
  "level": "ERROR",
  "message": "🗑️ bulk_data: deleted 200 rows"
}
{
  "timestamp": "2026-07-24 12:28:04",
  "level": "ERROR",
  "message": "🗑️ bulk_data: deleted 200 rows"
}
{
  "timestamp": "2026-07-24 12:28:05",
  "level": "ERROR",
  "message": "🗑️ bulk_data: deleted 200 rows"
}
{
  "timestamp": "2026-07-24 12:28:05",
  "level": "ERROR",
  "message": "🗑️ bulk_data: deleted 200 rows"
}
{
  "timestamp": "2026-07-24 12:28:05",
  "level": "ERROR",
  "message": "🗑️ bulk_data: deleted 200 rows"
}
{
  "timestamp": "2026-07-24 12:28:05",
  "level": "ERROR",
  "message": "🗑️ bulk_data: deleted 200 rows"
}
{
  "timestamp": "2026-07-24 12:28:05",
  "level": "ERROR",
  "message": "🗑️ bulk_data: deleted 200 rows"
}
{
  "timestamp": "2026-07-24 12:28:06",
  "level": "ERROR",
  "message": "🗑️ bulk_data: deleted 200 rows"
}
{
  "timestamp": "2026-07-24 12:28:06",
  "level": "ERROR",
  "message": "🗑️ bulk_data: deleted 200 rows"
}
{
  "timestamp": "2026-07-24 12:28:06",
  "level": "ERROR",
  "message": "🗑️ bulk_data: deleted 200 rows"
}
{
  "timestamp": "2026-07-24 12:28:06",
  "level": "ERROR",
  "message": "🗑️ bulk_data: deleted 200 rows"
}
{
  "timestamp": "2026-07-24 12:28:07",
  "level": "ERROR",
  "message": "🗑️ bulk_data: deleted 200 rows"
}
{
  "timestamp": "2026-07-24 12:28:07",
  "level": "ERROR",
  "message": "🗑️ bulk_data: deleted 200 rows"
}
{
  "timestamp": "2026-07-24 12:28:07",
  "level": "ERROR",
  "message": "🗑️ bulk_data: deleted 200 rows"
}
{
  "timestamp": "2026-07-24 12:28:07",
  "level": "ERROR",
  "message": "🗑️ bulk_data: deleted 200 rows"
}
{
  "timestamp": "2026-07-24 12:28:08",
  "level": "ERROR",
  "message": "🗑️ bulk_data: deleted 200 rows"
}
{
  "timestamp": "2026-07-24 12:28:08",
  "level": "ERROR",
  "message": "🗑️ bulk_data: deleted 200 rows"
}
{
  "timestamp": "2026-07-24 12:28:08",
  "level": "ERROR",
  "message": "🗑️ bulk_data: deleted 200 rows"
}
{
  "timestamp": "2026-07-24 12:28:08",
  "level": "ERROR",
  "message": "🗑️ bulk_data: deleted 200 rows"
}
{
  "timestamp": "2026-07-24 12:28:09",
  "level": "ERROR",
  "message": "🗑️ bulk_data: deleted 200 rows"
}
{
  "timestamp": "2026-07-24 12:28:09",
  "level": "ERROR",
  "message": "🗑️ bulk_data: deleted 200 rows"
}
{
  "timestamp": "2026-07-24 12:28:09",
  "level": "ERROR",
  "message": "🗑️ bulk_data: deleted 200 rows"
}
{
  "timestamp": "2026-07-24 12:28:09",
  "level": "ERROR",
  "message": "🗑️ bulk_data: deleted 200 rows"
}
{
  "timestamp": "2026-07-24 12:28:09",
  "level": "ERROR",
  "message": "🗑️ bulk_data: deleted 200 rows"
}
{
  "timestamp": "2026-07-24 12:28:10",
  "level": "ERROR",
  "message": "🗑️ bulk_data: deleted 200 rows"
}
{
  "timestamp": "2026-07-24 12:28:10",
  "level": "ERROR",
  "message": "🗑️ bulk_data: deleted 200 rows"
}
{
  "timestamp": "2026-07-24 12:28:10",
  "level": "ERROR",
  "message": "🗑️ bulk_data: deleted 200 rows"
}
{
  "timestamp": "2026-07-24 12:28:10",
  "level": "ERROR",
  "message": "🗑️ bulk_data: deleted 200 rows"
}
{
  "timestamp": "2026-07-24 12:28:11",
  "level": "ERROR",
  "message": "🗑️ bulk_data: deleted 200 rows"
}
{
  "timestamp": "2026-07-24 12:28:11",
  "level": "ERROR",
  "message": "🗑️ bulk_data: deleted 200 rows"
}
{
  "timestamp": "2026-07-24 12:28:11",
  "level": "ERROR",
  "message": "🗑️ bulk_data: deleted 200 rows"
}
{
  "timestamp": "2026-07-24 12:28:11",
  "level": "ERROR",
  "message": "🗑️ bulk_data: deleted 200 rows"
}
{
  "timestamp": "2026-07-24 12:28:12",
  "level": "ERROR",
  "message": "🗑️ bulk_data: deleted 200 rows"
}
{
  "timestamp": "2026-07-24 12:28:12",
  "level": "ERROR",
  "message": "🗑️ bulk_data: deleted 200 rows"
}
{
  "timestamp": "2026-07-24 12:28:12",
  "level": "ERROR",
  "message": "🗑️ bulk_data: deleted 200 rows"
}
{
  "timestamp": "2026-07-24 12:28:12",
  "level": "ERROR",
  "message": "🗑️ bulk_data: deleted 200 rows"
}
{
  "timestamp": "2026-07-24 12:28:13",
  "level": "ERROR",
  "message": "🗑️ bulk_data: deleted 200 rows"
}
{
  "timestamp": "2026-07-24 12:28:13",
  "level": "ERROR",
  "message": "🗑️ bulk_data: deleted 200 rows"
}
{
  "timestamp": "2026-07-24 12:28:13",
  "level": "ERROR",
  "message": "🗑️ bulk_data: deleted 200 rows"
}
{
  "timestamp": "2026-07-24 12:28:13",
  "level": "ERROR",
  "message": "🗑️ bulk_data: deleted 200 rows"
}
{
  "timestamp": "2026-07-24 12:28:14",
  "level": "ERROR",
  "message": "🗑️ bulk_data: deleted 200 rows"
}
{
  "timestamp": "2026-07-24 12:28:14",
  "level": "ERROR",
  "message": "🗑️ bulk_data: deleted 200 rows"
}
{
  "timestamp": "2026-07-24 12:28:14",
  "level": "ERROR",
  "message": "🗑️ bulk_data: deleted 200 rows"
}
{
  "timestamp": "2026-07-24 12:28:14",
  "level": "ERROR",
  "message": "🗑️ bulk_data: deleted 200 rows"
}
{
  "timestamp": "2026-07-24 12:28:14",
  "level": "ERROR",
  "message": "🗑️ bulk_data: deleted 200 rows"
}
{
  "timestamp": "2026-07-24 12:28:15",
  "level": "ERROR",
  "message": "🗑️ bulk_data: deleted 200 rows"
}
{
  "timestamp": "2026-07-24 12:28:15",
  "level": "ERROR",
  "message": "🗑️ bulk_data: deleted 200 rows"
}
{
  "timestamp": "2026-07-24 12:28:15",
  "level": "ERROR",
  "message": "🗑️ bulk_data: deleted 200 rows"
}
{
  "timestamp": "2026-07-24 12:28:15",
  "level": "ERROR",
  "message": "🗑️ bulk_data: deleted 200 rows"
}
{
  "timestamp": "2026-07-24 12:28:16",
  "level": "ERROR",
  "message": "🗑️ bulk_data: deleted 200 rows"
}
{
  "timestamp": "2026-07-24 12:28:16",
  "level": "ERROR",
  "message": "🗑️ bulk_data: deleted 200 rows"
}
{
  "timestamp": "2026-07-24 12:28:16",
  "level": "ERROR",
  "message": "🗑️ bulk_data: deleted 200 rows"
}
{
  "timestamp": "2026-07-24 12:28:16",
  "level": "ERROR",
  "message": "🗑️ bulk_data: deleted 200 rows"
}
{
  "timestamp": "2026-07-24 12:28:17",
  "level": "ERROR",
  "message": "🗑️ bulk_data: deleted 200 rows"
}
{
  "timestamp": "2026-07-24 12:28:17",
  "level": "ERROR",
  "message": "🗑️ bulk_data: deleted 200 rows"
}
{
  "timestamp": "2026-07-24 12:28:17",
  "level": "ERROR",
  "message": "🗑️ bulk_data: deleted 200 rows"
}
{
  "timestamp": "2026-07-24 12:28:17",
  "level": "ERROR",
  "message": "🗑️ bulk_data: deleted 200 rows"
}
{
  "timestamp": "2026-07-24 12:28:18",
  "level": "ERROR",
  "message": "🗑️ bulk_data: deleted 200 rows"
}
{
  "timestamp": "2026-07-24 12:28:18",
  "level": "ERROR",
  "message": "🗑️ bulk_data: deleted 200 rows"
}
{
  "timestamp": "2026-07-24 12:28:18",
  "level": "ERROR",
  "message": "🗑️ bulk_data: deleted 200 rows"
}
{
  "timestamp": "2026-07-24 12:28:18",
  "level": "ERROR",
  "message": "🗑️ bulk_data: deleted 200 rows"
}
{
  "timestamp": "2026-07-24 12:28:18",
  "level": "ERROR",
  "message": "🗑️ bulk_data: deleted 200 rows"
}
{
  "timestamp": "2026-07-24 12:28:19",
  "level": "ERROR",
  "message": "🗑️ bulk_data: deleted 200 rows"
}
{
  "timestamp": "2026-07-24 12:28:19",
  "level": "ERROR",
  "message": "🗑️ bulk_data: deleted 200 rows"
}
{
  "timestamp": "2026-07-24 12:28:19",
  "level": "ERROR",
  "message": "🗑️ bulk_data: deleted 200 rows"
}
{
  "timestamp": "2026-07-24 12:28:19",
  "level": "ERROR",
  "message": "🗑️ bulk_data: deleted 200 rows"
}
{
  "timestamp": "2026-07-24 12:28:20",
  "level": "ERROR",
  "message": "🗑️ bulk_data: deleted 200 rows"
}
{
  "timestamp": "2026-07-24 12:28:20",
  "level": "ERROR",
  "message": "🗑️ bulk_data: deleted 200 rows"
}
{
  "timestamp": "2026-07-24 12:28:20",
  "level": "ERROR",
  "message": "🗑️ bulk_data: deleted 200 rows"
}
{
  "timestamp": "2026-07-24 12:28:20",
  "level": "ERROR",
  "message": "🗑️ bulk_data: deleted 200 rows"
}
{
  "timestamp": "2026-07-24 12:28:21",
  "level": "ERROR",
  "message": "🗑️ bulk_data: deleted 200 rows"
}
{
  "timestamp": "2026-07-24 12:28:21",
  "level": "ERROR",
  "message": "🗑️ bulk_data: deleted 200 rows"
}
{
  "timestamp": "2026-07-24 12:28:21",
  "level": "ERROR",
  "message": "🗑️ bulk_data: deleted 200 rows"
}
{
  "timestamp": "2026-07-24 12:28:21",
  "level": "ERROR",
  "message": "🗑️ bulk_data: deleted 200 rows"
}
{
  "timestamp": "2026-07-24 12:28:22",
  "level": "ERROR",
  "message": "🗑️ bulk_data: deleted 200 rows"
}
{
  "timestamp": "2026-07-24 12:28:22",
  "level": "ERROR",
  "message": "🗑️ bulk_data: deleted 200 rows"
}
{
  "timestamp": "2026-07-24 12:28:22",
  "level": "ERROR",
  "message": "🗑️ bulk_data: deleted 200 rows"
}
{
  "timestamp": "2026-07-24 12:28:22",
  "level": "ERROR",
  "message": "🗑️ bulk_data: deleted 200 rows"
}
{
  "timestamp": "2026-07-24 12:28:23",
  "level": "ERROR",
  "message": "🗑️ bulk_data: deleted 200 rows"
}
{
  "timestamp": "2026-07-24 12:28:23",
  "level": "ERROR",
  "message": "🗑️ bulk_data: deleted 200 rows"
}
{
  "timestamp": "2026-07-24 12:28:23",
  "level": "ERROR",
  "message": "🗑️ bulk_data: deleted 200 rows"
}
{
  "timestamp": "2026-07-24 12:28:23",
  "level": "ERROR",
  "message": "🗑️ bulk_data: deleted 200 rows"
}
{
  "timestamp": "2026-07-24 12:28:24",
  "level": "ERROR",
  "message": "🗑️ bulk_data: deleted 200 rows"
}
{
  "timestamp": "2026-07-24 12:28:24",
  "level": "ERROR",
  "message": "🗑️ bulk_data: deleted 200 rows"
}
{
  "timestamp": "2026-07-24 12:28:24",
  "level": "ERROR",
  "message": "🗑️ bulk_data: deleted 200 rows"
}
{
  "timestamp": "2026-07-24 12:28:24",
  "level": "ERROR",
  "message": "🗑️ bulk_data: deleted 200 rows"
}
{
  "timestamp": "2026-07-24 12:28:24",
  "level": "ERROR",
  "message": "🗑️ bulk_data: deleted 200 rows"
}
{
  "timestamp": "2026-07-24 12:28:25",
  "level": "ERROR",
  "message": "🗑️ bulk_data: deleted 200 rows"
}
{
  "timestamp": "2026-07-24 12:28:25",
  "level": "ERROR",
  "message": "🗑️ bulk_data: deleted 200 rows"
}
{
  "timestamp": "2026-07-24 12:28:25",
  "level": "ERROR",
  "message": "🗑️ bulk_data: deleted 200 rows"
}
{
  "timestamp": "2026-07-24 12:28:25",
  "level": "ERROR",
  "message": "🗑️ bulk_data: deleted 200 rows"
}
{
  "timestamp": "2026-07-24 12:28:26",
  "level": "ERROR",
  "message": "🗑️ bulk_data: deleted 200 rows"
}
{
  "timestamp": "2026-07-24 12:28:26",
  "level": "ERROR",
  "message": "🗑️ bulk_data: deleted 200 rows"
}
{
  "timestamp": "2026-07-24 12:28:26",
  "level": "ERROR",
  "message": "🗑️ bulk_data: deleted 200 rows"
}
{
  "timestamp": "2026-07-24 12:28:26",
  "level": "ERROR",
  "message": "🗑️ bulk_data: deleted 200 rows"
}
{
  "timestamp": "2026-07-24 12:28:27",
  "level": "ERROR",
  "message": "🗑️ bulk_data: deleted 200 rows"
}
{
  "timestamp": "2026-07-24 12:28:27",
  "level": "ERROR",
  "message": "🗑️ bulk_data: deleted 200 rows"
}
{
  "timestamp": "2026-07-24 12:28:27",
  "level": "ERROR",
  "message": "🗑️ bulk_data: deleted 200 rows"
}
{
  "timestamp": "2026-07-24 12:28:27",
  "level": "ERROR",
  "message": "🗑️ bulk_data: deleted 200 rows"
}
{
  "timestamp": "2026-07-24 12:28:27",
  "level": "ERROR",
  "message": "🗑️ bulk_data: deleted 200 rows"
}
{
  "timestamp": "2026-07-24 12:28:28",
  "level": "ERROR",
  "message": "🗑️ bulk_data: deleted 200 rows"
}
{
  "timestamp": "2026-07-24 12:28:28",
  "level": "ERROR",
  "message": "🗑️ bulk_data: deleted 200 rows"
}
{
  "timestamp": "2026-07-24 12:28:28",
  "level": "ERROR",
  "message": "🗑️ bulk_data: deleted 200 rows"
}
{
  "timestamp": "2026-07-24 12:28:28",
  "level": "ERROR",
  "message": "🗑️ bulk_data: deleted 200 rows"
}
{
  "timestamp": "2026-07-24 12:28:29",
  "level": "ERROR",
  "message": "🗑️ bulk_data: deleted 200 rows"
}
{
  "timestamp": "2026-07-24 12:28:29",
  "level": "ERROR",
  "message": "🗑️ bulk_data: deleted 200 rows"
}
{
  "timestamp": "2026-07-24 12:28:29",
  "level": "ERROR",
  "message": "🗑️ bulk_data: deleted 200 rows"
}
{
  "timestamp": "2026-07-24 12:28:29",
  "level": "ERROR",
  "message": "🗑️ bulk_data: deleted 200 rows"
}
{
  "timestamp": "2026-07-24 12:28:29",
  "level": "ERROR",
  "message": "🗑️ bulk_data: deleted 200 rows"
}
{
  "timestamp": "2026-07-24 12:28:30",
  "level": "ERROR",
  "message": "🗑️ bulk_data: deleted 200 rows"
}
{
  "timestamp": "2026-07-24 12:28:30",
  "level": "ERROR",
  "message": "🗑️ bulk_data: deleted 200 rows"
}
{
  "timestamp": "2026-07-24 12:28:30",
  "level": "ERROR",
  "message": "🗑️ bulk_data: deleted 200 rows"
}
{
  "timestamp": "2026-07-24 12:28:30",
  "level": "ERROR",
  "message": "🗑️ bulk_data: deleted 200 rows"
}
{
  "timestamp": "2026-07-24 12:28:31",
  "level": "ERROR",
  "message": "🗑️ bulk_data: deleted 200 rows"
}
{
  "timestamp": "2026-07-24 12:28:31",
  "level": "ERROR",
  "message": "🗑️ bulk_data: deleted 200 rows"
}
{
  "timestamp": "2026-07-24 12:28:31",
  "level": "ERROR",
  "message": "🗑️ bulk_data: deleted 200 rows"
}
{
  "timestamp": "2026-07-24 12:28:31",
  "level": "ERROR",
  "message": "🗑️ bulk_data: deleted 200 rows"
}
{
  "timestamp": "2026-07-24 12:28:32",
  "level": "ERROR",
  "message": "🗑️ bulk_data: deleted 200 rows"
}
{
  "timestamp": "2026-07-24 12:28:32",
  "level": "ERROR",
  "message": "🗑️ bulk_data: deleted 200 rows"
}
{
  "timestamp": "2026-07-24 12:28:32",
  "level": "ERROR",
  "message": "🗑️ bulk_data: deleted 200 rows"
}
{
  "timestamp": "2026-07-24 12:28:32",
  "level": "ERROR",
  "message": "🗑️ bulk_data: deleted 200 rows"
}
{
  "timestamp": "2026-07-24 12:28:32",
  "level": "ERROR",
  "message": "🗑️ bulk_data: deleted 200 rows"
}
{
  "timestamp": "2026-07-24 12:28:33",
  "level": "ERROR",
  "message": "🗑️ bulk_data: deleted 200 rows"
}
{
  "timestamp": "2026-07-24 12:28:33",
  "level": "ERROR",
  "message": "🗑️ bulk_data: deleted 200 rows"
}
{
  "timestamp": "2026-07-24 12:28:33",
  "level": "ERROR",
  "message": "🗑️ bulk_data: deleted 200 rows"
}
{
  "timestamp": "2026-07-24 12:28:33",
  "level": "ERROR",
  "message": "🗑️ bulk_data: deleted 200 rows"
}
{
  "timestamp": "2026-07-24 12:28:34",
  "level": "ERROR",
  "message": "🗑️ bulk_data: deleted 200 rows"
}
{
  "timestamp": "2026-07-24 12:28:34",
  "level": "ERROR",
  "message": "🗑️ bulk_data: deleted 200 rows"
}
{
  "timestamp": "2026-07-24 12:28:34",
  "level": "ERROR",
  "message": "🗑️ bulk_data: deleted 200 rows"
}
{
  "timestamp": "2026-07-24 12:28:35",
  "level": "ERROR",
  "message": "🗑️ bulk_data: deleted 200 rows"
}
{
  "timestamp": "2026-07-24 12:28:35",
  "level": "ERROR",
  "message": "🗑️ bulk_data: deleted 200 rows"
}
{
  "timestamp": "2026-07-24 12:28:35",
  "level": "ERROR",
  "message": "🗑️ bulk_data: deleted 200 rows"
}
{
  "timestamp": "2026-07-24 12:28:35",
  "level": "ERROR",
  "message": "🗑️ bulk_data: deleted 200 rows"
}
{
  "timestamp": "2026-07-24 12:28:36",
  "level": "ERROR",
  "message": "🗑️ bulk_data: deleted 200 rows"
}
{
  "timestamp": "2026-07-24 12:28:36",
  "level": "ERROR",
  "message": "🗑️ bulk_data: deleted 200 rows"
}
{
  "timestamp": "2026-07-24 12:28:36",
  "level": "ERROR",
  "message": "🗑️ bulk_data: deleted 200 rows"
}
{
  "timestamp": "2026-07-24 12:28:36",
  "level": "ERROR",
  "message": "🗑️ bulk_data: deleted 200 rows"
}
{
  "timestamp": "2026-07-24 12:28:37",
  "level": "ERROR",
  "message": "🗑️ bulk_data: deleted 200 rows"
}
{
  "timestamp": "2026-07-24 12:28:37",
  "level": "ERROR",
  "message": "🗑️ bulk_data: deleted 200 rows"
}
{
  "timestamp": "2026-07-24 12:28:37",
  "level": "ERROR",
  "message": "🗑️ bulk_data: deleted 200 rows"
}
{
  "timestamp": "2026-07-24 12:28:38",
  "level": "ERROR",
  "message": "🗑️ bulk_data: deleted 200 rows"
}
{
  "timestamp": "2026-07-24 12:28:38",
  "level": "ERROR",
  "message": "🗑️ bulk_data: deleted 200 rows"
}
{
  "timestamp": "2026-07-24 12:28:38",
  "level": "ERROR",
  "message": "🗑️ bulk_data: deleted 200 rows"
}
{
  "timestamp": "2026-07-24 12:28:38",
  "level": "ERROR",
  "message": "🗑️ bulk_data: deleted 200 rows"
}
{
  "timestamp": "2026-07-24 12:28:39",
  "level": "ERROR",
  "message": "🗑️ bulk_data: deleted 200 rows"
}
{
  "timestamp": "2026-07-24 12:28:39",
  "level": "ERROR",
  "message": "🗑️ bulk_data: deleted 200 rows"
}
{
  "timestamp": "2026-07-24 12:28:39",
  "level": "ERROR",
  "message": "🗑️ bulk_data: deleted 200 rows"
}
{
  "timestamp": "2026-07-24 12:28:39",
  "level": "ERROR",
  "message": "🗑️ bulk_data: deleted 200 rows"
}
{
  "timestamp": "2026-07-24 12:28:40",
  "level": "ERROR",
  "message": "🗑️ bulk_data: deleted 200 rows"
}
{
  "timestamp": "2026-07-24 12:28:40",
  "level": "ERROR",
  "message": "🗑️ bulk_data: deleted 200 rows"
}
{
  "timestamp": "2026-07-24 12:28:40",
  "level": "ERROR",
  "message": "🗑️ bulk_data: deleted 200 rows"
}
{
  "timestamp": "2026-07-24 12:28:40",
  "level": "ERROR",
  "message": "🗑️ bulk_data: deleted 200 rows"
}
{
  "timestamp": "2026-07-24 12:28:41",
  "level": "ERROR",
  "message": "🗑️ bulk_data: deleted 200 rows"
}
{
  "timestamp": "2026-07-24 12:28:41",
  "level": "ERROR",
  "message": "🗑️ bulk_data: deleted 200 rows"
}
{
  "timestamp": "2026-07-24 12:28:41",
  "level": "ERROR",
  "message": "🗑️ bulk_data: deleted 200 rows"
}
{
  "timestamp": "2026-07-24 12:28:41",
  "level": "ERROR",
  "message": "🗑️ bulk_data: deleted 200 rows"
}
{
  "timestamp": "2026-07-24 12:28:42",
  "level": "ERROR",
  "message": "🗑️ bulk_data: deleted 200 rows"
}
{
  "timestamp": "2026-07-24 12:28:42",
  "level": "ERROR",
  "message": "🗑️ bulk_data: deleted 200 rows"
}
{
  "timestamp": "2026-07-24 12:28:42",
  "level": "ERROR",
  "message": "🗑️ bulk_data: deleted 200 rows"
}
{
  "timestamp": "2026-07-24 12:28:42",
  "level": "ERROR",
  "message": "🗑️ bulk_data: deleted 200 rows"
}
{
  "timestamp": "2026-07-24 12:28:43",
  "level": "ERROR",
  "message": "🗑️ bulk_data: deleted 200 rows"
}
{
  "timestamp": "2026-07-24 12:28:43",
  "level": "ERROR",
  "message": "🗑️ bulk_data: deleted 200 rows"
}
{
  "timestamp": "2026-07-24 12:28:43",
  "level": "ERROR",
  "message": "🗑️ bulk_data: deleted 200 rows"
}
{
  "timestamp": "2026-07-24 12:28:43",
  "level": "ERROR",
  "message": "🗑️ bulk_data: deleted 200 rows"
}
{
  "timestamp": "2026-07-24 12:28:44",
  "level": "ERROR",
  "message": "🗑️ bulk_data: deleted 200 rows"
}
{
  "timestamp": "2026-07-24 12:28:44",
  "level": "ERROR",
  "message": "🗑️ bulk_data: deleted 200 rows"
}
{
  "timestamp": "2026-07-24 12:28:44",
  "level": "ERROR",
  "message": "🗑️ bulk_data: deleted 200 rows"
}
{
  "timestamp": "2026-07-24 12:28:44",
  "level": "ERROR",
  "message": "🗑️ bulk_data: deleted 200 rows"
}
{
  "timestamp": "2026-07-24 12:28:44",
  "level": "ERROR",
  "message": "🗑️ bulk_data: deleted 200 rows"
}
{
  "timestamp": "2026-07-24 12:28:45",
  "level": "ERROR",
  "message": "🗑️ bulk_data: deleted 200 rows"
}
{
  "timestamp": "2026-07-24 12:28:45",
  "level": "ERROR",
  "message": "🗑️ bulk_data: deleted 200 rows"
}
{
  "timestamp": "2026-07-24 12:28:45",
  "level": "ERROR",
  "message": "🗑️ bulk_data: deleted 200 rows"
}
{
  "timestamp": "2026-07-24 12:28:45",
  "level": "ERROR",
  "message": "🗑️ bulk_data: deleted 200 rows"
}
{
  "timestamp": "2026-07-24 12:28:46",
  "level": "ERROR",
  "message": "🗑️ bulk_data: deleted 200 rows"
}
{
  "timestamp": "2026-07-24 12:28:46",
  "level": "ERROR",
  "message": "🗑️ bulk_data: deleted 200 rows"
}
{
  "timestamp": "2026-07-24 12:28:46",
  "level": "ERROR",
  "message": "🗑️ bulk_data: deleted 200 rows"
}
{
  "timestamp": "2026-07-24 12:28:46",
  "level": "ERROR",
  "message": "🗑️ bulk_data: deleted 200 rows"
}
{
  "timestamp": "2026-07-24 12:28:47",
  "level": "ERROR",
  "message": "🗑️ bulk_data: deleted 200 rows"
}
{
  "timestamp": "2026-07-24 12:28:47",
  "level": "ERROR",
  "message": "🗑️ bulk_data: deleted 200 rows"
}
{
  "timestamp": "2026-07-24 12:28:47",
  "level": "ERROR",
  "message": "🗑️ bulk_data: deleted 200 rows"
}
{
  "timestamp": "2026-07-24 12:28:48",
  "level": "ERROR",
  "message": "🗑️ bulk_data: deleted 200 rows"
}
{
  "timestamp": "2026-07-24 12:28:48",
  "level": "ERROR",
  "message": "🗑️ bulk_data: deleted 200 rows"
}
{
  "timestamp": "2026-07-24 12:28:48",
  "level": "ERROR",
  "message": "🗑️ bulk_data: deleted 200 rows"
}
{
  "timestamp": "2026-07-24 12:28:48",
  "level": "ERROR",
  "message": "🗑️ bulk_data: deleted 200 rows"
}
{
  "timestamp": "2026-07-24 12:28:49",
  "level": "ERROR",
  "message": "🗑️ bulk_data: deleted 200 rows"
}
{
  "timestamp": "2026-07-24 12:28:49",
  "level": "ERROR",
  "message": "🗑️ bulk_data: deleted 200 rows"
}
{
  "timestamp": "2026-07-24 12:28:49",
  "level": "ERROR",
  "message": "🗑️ bulk_data: deleted 200 rows"
}
{
  "timestamp": "2026-07-24 12:28:49",
  "level": "ERROR",
  "message": "🗑️ bulk_data: deleted 200 rows"
}
{
  "timestamp": "2026-07-24 12:28:50",
  "level": "ERROR",
  "message": "🗑️ bulk_data: deleted 200 rows"
}
{
  "timestamp": "2026-07-24 12:28:50",
  "level": "ERROR",
  "message": "🗑️ bulk_data: deleted 200 rows"
}
{
  "timestamp": "2026-07-24 12:28:50",
  "level": "ERROR",
  "message": "🗑️ bulk_data: deleted 200 rows"
}
{
  "timestamp": "2026-07-24 12:28:50",
  "level": "ERROR",
  "message": "🗑️ bulk_data: deleted 200 rows"
}
{
  "timestamp": "2026-07-24 12:28:51",
  "level": "ERROR",
  "message": "🗑️ bulk_data: deleted 200 rows"
}
{
  "timestamp": "2026-07-24 12:28:51",
  "level": "ERROR",
  "message": "🗑️ bulk_data: deleted 200 rows"
}
{
  "timestamp": "2026-07-24 12:28:51",
  "level": "ERROR",
  "message": "🗑️ bulk_data: deleted 200 rows"
}
{
  "timestamp": "2026-07-24 12:28:51",
  "level": "ERROR",
  "message": "🗑️ bulk_data: deleted 200 rows"
}
{
  "timestamp": "2026-07-24 12:28:52",
  "level": "ERROR",
  "message": "🗑️ bulk_data: deleted 200 rows"
}
{
  "timestamp": "2026-07-24 12:28:52",
  "level": "ERROR",
  "message": "🗑️ bulk_data: deleted 200 rows"
}
{
  "timestamp": "2026-07-24 12:28:52",
  "level": "ERROR",
  "message": "🗑️ bulk_data: deleted 200 rows"
}
{
  "timestamp": "2026-07-24 12:28:52",
  "level": "ERROR",
  "message": "🗑️ bulk_data: deleted 200 rows"
}
{
  "timestamp": "2026-07-24 12:28:53",
  "level": "ERROR",
  "message": "🗑️ bulk_data: deleted 200 rows"
}
{
  "timestamp": "2026-07-24 12:28:53",
  "level": "ERROR",
  "message": "🗑️ bulk_data: deleted 200 rows"
}
{
  "timestamp": "2026-07-24 12:28:53",
  "level": "ERROR",
  "message": "🗑️ bulk_data: deleted 200 rows"
}
{
  "timestamp": "2026-07-24 12:28:54",
  "level": "ERROR",
  "message": "🗑️ bulk_data: deleted 200 rows"
}
{
  "timestamp": "2026-07-24 12:28:54",
  "level": "ERROR",
  "message": "🗑️ bulk_data: deleted 200 rows"
}
{
  "timestamp": "2026-07-24 12:28:54",
  "level": "ERROR",
  "message": "🗑️ bulk_data: deleted 200 rows"
}
{
  "timestamp": "2026-07-24 12:28:54",
  "level": "ERROR",
  "message": "🗑️ bulk_data: deleted 200 rows"
}
{
  "timestamp": "2026-07-24 12:28:54",
  "level": "ERROR",
  "message": "🗑️ bulk_data: deleted 200 rows"
}
{
  "timestamp": "2026-07-24 12:28:55",
  "level": "ERROR",
  "message": "🗑️ bulk_data: deleted 200 rows"
}
{
  "timestamp": "2026-07-24 12:28:55",
  "level": "ERROR",
  "message": "🗑️ bulk_data: deleted 200 rows"
}
{
  "timestamp": "2026-07-24 12:28:55",
  "level": "ERROR",
  "message": "🗑️ bulk_data: deleted 200 rows"
}
{
  "timestamp": "2026-07-24 12:28:56",
  "level": "ERROR",
  "message": "🗑️ bulk_data: deleted 200 rows"
}
{
  "timestamp": "2026-07-24 12:28:56",
  "level": "ERROR",
  "message": "🗑️ bulk_data: deleted 200 rows"
}
{
  "timestamp": "2026-07-24 12:28:56",
  "level": "ERROR",
  "message": "🗑️ bulk_data: deleted 200 rows"
}
{
  "timestamp": "2026-07-24 12:28:56",
  "level": "ERROR",
  "message": "🗑️ bulk_data: deleted 200 rows"
}
{
  "timestamp": "2026-07-24 12:28:57",
  "level": "ERROR",
  "message": "🗑️ bulk_data: deleted 200 rows"
}
{
  "timestamp": "2026-07-24 12:28:57",
  "level": "ERROR",
  "message": "🗑️ bulk_data: deleted 200 rows"
}
{
  "timestamp": "2026-07-24 12:28:57",
  "level": "ERROR",
  "message": "🗑️ bulk_data: deleted 200 rows"
}
{
  "timestamp": "2026-07-24 12:28:57",
  "level": "ERROR",
  "message": "🗑️ bulk_data: deleted 200 rows"
}
{
  "timestamp": "2026-07-24 12:28:58",
  "level": "ERROR",
  "message": "🗑️ bulk_data: deleted 200 rows"
}
{
  "timestamp": "2026-07-24 12:28:58",
  "level": "ERROR",
  "message": "🗑️ bulk_data: deleted 200 rows"
}
{
  "timestamp": "2026-07-24 12:28:58",
  "level": "ERROR",
  "message": "🗑️ bulk_data: deleted 200 rows"
}
{
  "timestamp": "2026-07-24 12:28:58",
  "level": "ERROR",
  "message": "🗑️ bulk_data: deleted 200 rows"
}
{
  "timestamp": "2026-07-24 12:28:58",
  "level": "ERROR",
  "message": "🗑️ bulk_data: deleted 200 rows"
}
{
  "timestamp": "2026-07-24 12:28:59",
  "level": "ERROR",
  "message": "🗑️ bulk_data: deleted 200 rows"
}
{
  "timestamp": "2026-07-24 12:28:59",
  "level": "ERROR",
  "message": "🗑️ bulk_data: deleted 200 rows"
}
{
  "timestamp": "2026-07-24 12:28:59",
  "level": "ERROR",
  "message": "🗑️ bulk_data: deleted 200 rows"
}
{
  "timestamp": "2026-07-24 12:28:59",
  "level": "ERROR",
  "message": "🗑️ bulk_data: deleted 200 rows"
}
{
  "timestamp": "2026-07-24 12:29:00",
  "level": "ERROR",
  "message": "Cleanup job scheduled",
  "time": "2026-07-24T06:59:00.027Z"
}
{
  "timestamp": "2026-07-24 12:29:00",
  "level": "ERROR",
  "message": "🗑️ bulk_data: deleted 200 rows"
}
{
  "timestamp": "2026-07-24 12:29:00",
  "level": "ERROR",
  "message": "🗑️ bulk_data: deleted 200 rows"
}
{
  "timestamp": "2026-07-24 12:29:00",
  "level": "ERROR",
  "message": "🗑️ bulk_data: deleted 200 rows"
}
{
  "timestamp": "2026-07-24 12:29:00",
  "level": "ERROR",
  "message": "🗑️ bulk_data: deleted 200 rows"
}
{
  "timestamp": "2026-07-24 12:29:00",
  "level": "ERROR",
  "message": "🗑️ bulk_data: deleted 200 rows"
}
{
  "timestamp": "2026-07-24 12:29:01",
  "level": "ERROR",
  "message": "🗑️ bulk_data: deleted 200 rows"
}
{
  "timestamp": "2026-07-24 12:29:01",
  "level": "ERROR",
  "message": "🗑️ bulk_data: deleted 200 rows"
}
{
  "timestamp": "2026-07-24 12:29:01",
  "level": "ERROR",
  "message": "🗑️ bulk_data: deleted 200 rows"
}
{
  "timestamp": "2026-07-24 12:29:01",
  "level": "ERROR",
  "message": "🗑️ bulk_data: deleted 200 rows"
}
{
  "timestamp": "2026-07-24 12:29:02",
  "level": "ERROR",
  "message": "🗑️ bulk_data: deleted 200 rows"
}
{
  "timestamp": "2026-07-24 12:29:02",
  "level": "ERROR",
  "message": "🗑️ bulk_data: deleted 200 rows"
}
{
  "timestamp": "2026-07-24 12:29:02",
  "level": "ERROR",
  "message": "🗑️ bulk_data: deleted 200 rows"
}
{
  "timestamp": "2026-07-24 12:29:02",
  "level": "ERROR",
  "message": "🗑️ bulk_data: deleted 200 rows"
}
{
  "timestamp": "2026-07-24 12:29:02",
  "level": "ERROR",
  "message": "🗑️ bulk_data: deleted 200 rows"
}
{
  "timestamp": "2026-07-24 12:29:03",
  "level": "ERROR",
  "message": "🗑️ bulk_data: deleted 200 rows"
}
{
  "timestamp": "2026-07-24 12:29:03",
  "level": "ERROR",
  "message": "🗑️ bulk_data: deleted 200 rows"
}
{
  "timestamp": "2026-07-24 12:29:03",
  "level": "ERROR",
  "message": "🗑️ bulk_data: deleted 200 rows"
}
{
  "timestamp": "2026-07-24 12:29:03",
  "level": "ERROR",
  "message": "🗑️ bulk_data: deleted 200 rows"
}
{
  "timestamp": "2026-07-24 12:29:03",
  "level": "ERROR",
  "message": "🗑️ bulk_data: deleted 200 rows"
}
{
  "timestamp": "2026-07-24 12:29:04",
  "level": "ERROR",
  "message": "🗑️ bulk_data: deleted 200 rows"
}
{
  "timestamp": "2026-07-24 12:29:04",
  "level": "ERROR",
  "message": "🗑️ bulk_data: deleted 200 rows"
}
{
  "timestamp": "2026-07-24 12:29:04",
  "level": "ERROR",
  "message": "🗑️ bulk_data: deleted 200 rows"
}
{
  "timestamp": "2026-07-24 12:29:04",
  "level": "ERROR",
  "message": "🗑️ bulk_data: deleted 200 rows"
}
{
  "timestamp": "2026-07-24 12:29:05",
  "level": "ERROR",
  "message": "🗑️ bulk_data: deleted 200 rows"
}
{
  "timestamp": "2026-07-24 12:29:05",
  "level": "ERROR",
  "message": "🗑️ bulk_data: deleted 200 rows"
}
{
  "timestamp": "2026-07-24 12:29:05",
  "level": "ERROR",
  "message": "🗑️ bulk_data: deleted 200 rows"
}
{
  "timestamp": "2026-07-24 12:29:05",
  "level": "ERROR",
  "message": "🗑️ bulk_data: deleted 200 rows"
}
{
  "timestamp": "2026-07-24 12:29:05",
  "level": "ERROR",
  "message": "🗑️ bulk_data: deleted 200 rows"
}
{
  "timestamp": "2026-07-24 12:29:06",
  "level": "ERROR",
  "message": "🗑️ bulk_data: deleted 200 rows"
}
{
  "timestamp": "2026-07-24 12:29:06",
  "level": "ERROR",
  "message": "🗑️ bulk_data: deleted 200 rows"
}
{
  "timestamp": "2026-07-24 12:29:06",
  "level": "ERROR",
  "message": "🗑️ bulk_data: deleted 200 rows"
}
{
  "timestamp": "2026-07-24 12:29:06",
  "level": "ERROR",
  "message": "🗑️ bulk_data: deleted 200 rows"
}
{
  "timestamp": "2026-07-24 12:29:07",
  "level": "ERROR",
  "message": "🗑️ bulk_data: deleted 200 rows"
}
{
  "timestamp": "2026-07-24 12:29:07",
  "level": "ERROR",
  "message": "🗑️ bulk_data: deleted 200 rows"
}
{
  "timestamp": "2026-07-24 12:29:07",
  "level": "ERROR",
  "message": "🗑️ bulk_data: deleted 200 rows"
}
{
  "timestamp": "2026-07-24 12:29:07",
  "level": "ERROR",
  "message": "🗑️ bulk_data: deleted 200 rows"
}
{
  "timestamp": "2026-07-24 12:29:07",
  "level": "ERROR",
  "message": "🗑️ bulk_data: deleted 200 rows"
}
{
  "timestamp": "2026-07-24 12:29:08",
  "level": "ERROR",
  "message": "🗑️ bulk_data: deleted 200 rows"
}
{
  "timestamp": "2026-07-24 12:29:08",
  "level": "ERROR",
  "message": "🗑️ bulk_data: deleted 200 rows"
}
{
  "timestamp": "2026-07-24 12:29:08",
  "level": "ERROR",
  "message": "🗑️ bulk_data: deleted 200 rows"
}
{
  "timestamp": "2026-07-24 12:29:08",
  "level": "ERROR",
  "message": "🗑️ bulk_data: deleted 200 rows"
}
{
  "timestamp": "2026-07-24 12:29:08",
  "level": "ERROR",
  "message": "🗑️ bulk_data: deleted 200 rows"
}
{
  "timestamp": "2026-07-24 12:29:09",
  "level": "ERROR",
  "message": "🗑️ bulk_data: deleted 200 rows"
}
{
  "timestamp": "2026-07-24 12:29:09",
  "level": "ERROR",
  "message": "🗑️ bulk_data: deleted 200 rows"
}
{
  "timestamp": "2026-07-24 12:29:09",
  "level": "ERROR",
  "message": "🗑️ bulk_data: deleted 200 rows"
}
{
  "timestamp": "2026-07-24 12:29:09",
  "level": "ERROR",
  "message": "🗑️ bulk_data: deleted 200 rows"
}
{
  "timestamp": "2026-07-24 12:29:10",
  "level": "ERROR",
  "message": "🗑️ bulk_data: deleted 200 rows"
}
{
  "timestamp": "2026-07-24 12:29:10",
  "level": "ERROR",
  "message": "🗑️ bulk_data: deleted 200 rows"
}
{
  "timestamp": "2026-07-24 12:29:10",
  "level": "ERROR",
  "message": "🗑️ bulk_data: deleted 200 rows"
}
{
  "timestamp": "2026-07-24 12:29:10",
  "level": "ERROR",
  "message": "🗑️ bulk_data: deleted 200 rows"
}
{
  "timestamp": "2026-07-24 12:29:10",
  "level": "ERROR",
  "message": "🗑️ bulk_data: deleted 200 rows"
}
{
  "timestamp": "2026-07-24 12:29:11",
  "level": "ERROR",
  "message": "🗑️ bulk_data: deleted 200 rows"
}
{
  "timestamp": "2026-07-24 12:29:11",
  "level": "ERROR",
  "message": "🗑️ bulk_data: deleted 200 rows"
}
{
  "timestamp": "2026-07-24 12:29:11",
  "level": "ERROR",
  "message": "🗑️ bulk_data: deleted 200 rows"
}
{
  "timestamp": "2026-07-24 12:29:11",
  "level": "ERROR",
  "message": "🗑️ bulk_data: deleted 200 rows"
}
{
  "timestamp": "2026-07-24 12:29:12",
  "level": "ERROR",
  "message": "🗑️ bulk_data: deleted 200 rows"
}
{
  "timestamp": "2026-07-24 12:29:12",
  "level": "ERROR",
  "message": "🗑️ bulk_data: deleted 200 rows"
}
{
  "timestamp": "2026-07-24 12:29:12",
  "level": "ERROR",
  "message": "🗑️ bulk_data: deleted 200 rows"
}
{
  "timestamp": "2026-07-24 12:29:12",
  "level": "ERROR",
  "message": "🗑️ bulk_data: deleted 200 rows"
}
{
  "timestamp": "2026-07-24 12:29:12",
  "level": "ERROR",
  "message": "🗑️ bulk_data: deleted 200 rows"
}
{
  "timestamp": "2026-07-24 12:29:13",
  "level": "ERROR",
  "message": "🗑️ bulk_data: deleted 200 rows"
}
{
  "timestamp": "2026-07-24 12:29:13",
  "level": "ERROR",
  "message": "🗑️ bulk_data: deleted 200 rows"
}
{
  "timestamp": "2026-07-24 12:29:13",
  "level": "ERROR",
  "message": "🗑️ bulk_data: deleted 200 rows"
}
{
  "timestamp": "2026-07-24 12:29:13",
  "level": "ERROR",
  "message": "🗑️ bulk_data: deleted 200 rows"
}
{
  "timestamp": "2026-07-24 12:29:14",
  "level": "ERROR",
  "message": "🗑️ bulk_data: deleted 200 rows"
}
{
  "timestamp": "2026-07-24 12:29:14",
  "level": "ERROR",
  "message": "🗑️ bulk_data: deleted 200 rows"
}
{
  "timestamp": "2026-07-24 12:29:14",
  "level": "ERROR",
  "message": "🗑️ bulk_data: deleted 200 rows"
}
{
  "timestamp": "2026-07-24 12:29:14",
  "level": "ERROR",
  "message": "🗑️ bulk_data: deleted 200 rows"
}
{
  "timestamp": "2026-07-24 12:29:14",
  "level": "ERROR",
  "message": "🗑️ bulk_data: deleted 200 rows"
}
{
  "timestamp": "2026-07-24 12:29:15",
  "level": "ERROR",
  "message": "🗑️ bulk_data: deleted 200 rows"
}
{
  "timestamp": "2026-07-24 12:29:15",
  "level": "ERROR",
  "message": "🗑️ bulk_data: deleted 200 rows"
}
{
  "timestamp": "2026-07-24 12:29:15",
  "level": "ERROR",
  "message": "🗑️ bulk_data: deleted 200 rows"
}
{
  "timestamp": "2026-07-24 12:29:15",
  "level": "ERROR",
  "message": "🗑️ bulk_data: deleted 200 rows"
}
{
  "timestamp": "2026-07-24 12:29:16",
  "level": "ERROR",
  "message": "🗑️ bulk_data: deleted 200 rows"
}
{
  "timestamp": "2026-07-24 12:29:16",
  "level": "ERROR",
  "message": "🗑️ bulk_data: deleted 200 rows"
}
{
  "timestamp": "2026-07-24 12:29:16",
  "level": "ERROR",
  "message": "🗑️ bulk_data: deleted 200 rows"
}
{
  "timestamp": "2026-07-24 12:29:16",
  "level": "ERROR",
  "message": "🗑️ bulk_data: deleted 200 rows"
}
{
  "timestamp": "2026-07-24 12:29:16",
  "level": "ERROR",
  "message": "🗑️ bulk_data: deleted 200 rows"
}
{
  "timestamp": "2026-07-24 12:29:17",
  "level": "ERROR",
  "message": "🗑️ bulk_data: deleted 200 rows"
}
{
  "timestamp": "2026-07-24 12:29:17",
  "level": "ERROR",
  "message": "🗑️ bulk_data: deleted 200 rows"
}
{
  "timestamp": "2026-07-24 12:29:17",
  "level": "ERROR",
  "message": "🗑️ bulk_data: deleted 200 rows"
}
{
  "timestamp": "2026-07-24 12:29:17",
  "level": "ERROR",
  "message": "🗑️ bulk_data: deleted 200 rows"
}
{
  "timestamp": "2026-07-24 12:29:18",
  "level": "ERROR",
  "message": "🗑️ bulk_data: deleted 200 rows"
}
{
  "timestamp": "2026-07-24 12:29:18",
  "level": "ERROR",
  "message": "🗑️ bulk_data: deleted 200 rows"
}
{
  "timestamp": "2026-07-24 12:29:18",
  "level": "ERROR",
  "message": "🗑️ bulk_data: deleted 200 rows"
}
{
  "timestamp": "2026-07-24 12:29:18",
  "level": "ERROR",
  "message": "🗑️ bulk_data: deleted 200 rows"
}
{
  "timestamp": "2026-07-24 12:29:18",
  "level": "ERROR",
  "message": "🗑️ bulk_data: deleted 200 rows"
}
{
  "timestamp": "2026-07-24 12:29:19",
  "level": "ERROR",
  "message": "🗑️ bulk_data: deleted 200 rows"
}
{
  "timestamp": "2026-07-24 12:29:19",
  "level": "ERROR",
  "message": "🗑️ bulk_data: deleted 200 rows"
}
{
  "timestamp": "2026-07-24 12:29:19",
  "level": "ERROR",
  "message": "🗑️ bulk_data: deleted 200 rows"
}
{
  "timestamp": "2026-07-24 12:29:19",
  "level": "ERROR",
  "message": "🗑️ bulk_data: deleted 200 rows"
}
{
  "timestamp": "2026-07-24 12:29:20",
  "level": "ERROR",
  "message": "🗑️ bulk_data: deleted 200 rows"
}
{
  "timestamp": "2026-07-24 12:29:20",
  "level": "ERROR",
  "message": "🗑️ bulk_data: deleted 200 rows"
}
{
  "timestamp": "2026-07-24 12:29:20",
  "level": "ERROR",
  "message": "🗑️ bulk_data: deleted 200 rows"
}
{
  "timestamp": "2026-07-24 12:29:20",
  "level": "ERROR",
  "message": "🗑️ bulk_data: deleted 200 rows"
}
{
  "timestamp": "2026-07-24 12:29:20",
  "level": "ERROR",
  "message": "🗑️ bulk_data: deleted 200 rows"
}
{
  "timestamp": "2026-07-24 12:29:21",
  "level": "ERROR",
  "message": "🗑️ bulk_data: deleted 200 rows"
}
{
  "timestamp": "2026-07-24 12:29:21",
  "level": "ERROR",
  "message": "🗑️ bulk_data: deleted 200 rows"
}
{
  "timestamp": "2026-07-24 12:29:21",
  "level": "ERROR",
  "message": "🗑️ bulk_data: deleted 200 rows"
}
{
  "timestamp": "2026-07-24 12:29:21",
  "level": "ERROR",
  "message": "🗑️ bulk_data: deleted 200 rows"
}
{
  "timestamp": "2026-07-24 12:29:21",
  "level": "ERROR",
  "message": "🗑️ bulk_data: deleted 200 rows"
}
{
  "timestamp": "2026-07-24 12:29:22",
  "level": "ERROR",
  "message": "🗑️ bulk_data: deleted 200 rows"
}
{
  "timestamp": "2026-07-24 12:29:22",
  "level": "ERROR",
  "message": "🗑️ bulk_data: deleted 200 rows"
}
{
  "timestamp": "2026-07-24 12:29:22",
  "level": "ERROR",
  "message": "🗑️ bulk_data: deleted 200 rows"
}
{
  "timestamp": "2026-07-24 12:29:22",
  "level": "ERROR",
  "message": "🗑️ bulk_data: deleted 200 rows"
}
{
  "timestamp": "2026-07-24 12:29:23",
  "level": "ERROR",
  "message": "🗑️ bulk_data: deleted 200 rows"
}
{
  "timestamp": "2026-07-24 12:29:23",
  "level": "ERROR",
  "message": "🗑️ bulk_data: deleted 200 rows"
}
{
  "timestamp": "2026-07-24 12:29:23",
  "level": "ERROR",
  "message": "🗑️ bulk_data: deleted 200 rows"
}
{
  "timestamp": "2026-07-24 12:29:23",
  "level": "ERROR",
  "message": "🗑️ bulk_data: deleted 200 rows"
}
{
  "timestamp": "2026-07-24 12:29:23",
  "level": "ERROR",
  "message": "🗑️ bulk_data: deleted 200 rows"
}
{
  "timestamp": "2026-07-24 12:29:24",
  "level": "ERROR",
  "message": "🗑️ bulk_data: deleted 200 rows"
}
{
  "timestamp": "2026-07-24 12:29:24",
  "level": "ERROR",
  "message": "🗑️ bulk_data: deleted 200 rows"
}
{
  "timestamp": "2026-07-24 12:29:24",
  "level": "ERROR",
  "message": "🗑️ bulk_data: deleted 200 rows"
}
{
  "timestamp": "2026-07-24 12:29:24",
  "level": "ERROR",
  "message": "🗑️ bulk_data: deleted 200 rows"
}
{
  "timestamp": "2026-07-24 12:29:25",
  "level": "ERROR",
  "message": "🗑️ bulk_data: deleted 200 rows"
}
{
  "timestamp": "2026-07-24 12:29:25",
  "level": "ERROR",
  "message": "🗑️ bulk_data: deleted 200 rows"
}
{
  "timestamp": "2026-07-24 12:29:25",
  "level": "ERROR",
  "message": "🗑️ bulk_data: deleted 200 rows"
}
{
  "timestamp": "2026-07-24 12:29:25",
  "level": "ERROR",
  "message": "🗑️ bulk_data: deleted 200 rows"
}
{
  "timestamp": "2026-07-24 12:29:25",
  "level": "ERROR",
  "message": "🗑️ bulk_data: deleted 200 rows"
}
{
  "timestamp": "2026-07-24 12:29:26",
  "level": "ERROR",
  "message": "🗑️ bulk_data: deleted 200 rows"
}
{
  "timestamp": "2026-07-24 12:29:26",
  "level": "ERROR",
  "message": "🗑️ bulk_data: deleted 200 rows"
}
{
  "timestamp": "2026-07-24 12:29:26",
  "level": "ERROR",
  "message": "🗑️ bulk_data: deleted 200 rows"
}
{
  "timestamp": "2026-07-24 12:29:26",
  "level": "ERROR",
  "message": "🗑️ bulk_data: deleted 200 rows"
}
{
  "timestamp": "2026-07-24 12:29:27",
  "level": "ERROR",
  "message": "🗑️ bulk_data: deleted 200 rows"
}
{
  "timestamp": "2026-07-24 12:29:27",
  "level": "ERROR",
  "message": "🗑️ bulk_data: deleted 200 rows"
}
{
  "timestamp": "2026-07-24 12:29:27",
  "level": "ERROR",
  "message": "🗑️ bulk_data: deleted 200 rows"
}
{
  "timestamp": "2026-07-24 12:29:27",
  "level": "ERROR",
  "message": "🗑️ bulk_data: deleted 200 rows"
}
{
  "timestamp": "2026-07-24 12:29:27",
  "level": "ERROR",
  "message": "🗑️ bulk_data: deleted 200 rows"
}
{
  "timestamp": "2026-07-24 12:29:28",
  "level": "ERROR",
  "message": "🗑️ bulk_data: deleted 200 rows"
}
{
  "timestamp": "2026-07-24 12:29:28",
  "level": "ERROR",
  "message": "🗑️ bulk_data: deleted 200 rows"
}
{
  "timestamp": "2026-07-24 12:29:28",
  "level": "ERROR",
  "message": "🗑️ bulk_data: deleted 200 rows"
}
{
  "timestamp": "2026-07-24 12:29:28",
  "level": "ERROR",
  "message": "🗑️ bulk_data: deleted 200 rows"
}
{
  "timestamp": "2026-07-24 12:29:29",
  "level": "ERROR",
  "message": "🗑️ bulk_data: deleted 200 rows"
}
{
  "timestamp": "2026-07-24 12:29:29",
  "level": "ERROR",
  "message": "🗑️ bulk_data: deleted 200 rows"
}
{
  "timestamp": "2026-07-24 12:29:29",
  "level": "ERROR",
  "message": "🗑️ bulk_data: deleted 200 rows"
}
{
  "timestamp": "2026-07-24 12:29:29",
  "level": "ERROR",
  "message": "🗑️ bulk_data: deleted 200 rows"
}
{
  "timestamp": "2026-07-24 12:29:30",
  "level": "ERROR",
  "message": "🗑️ bulk_data: deleted 200 rows"
}
{
  "timestamp": "2026-07-24 12:29:30",
  "level": "ERROR",
  "message": "🗑️ bulk_data: deleted 200 rows"
}
{
  "timestamp": "2026-07-24 12:29:30",
  "level": "ERROR",
  "message": "🗑️ bulk_data: deleted 200 rows"
}
{
  "timestamp": "2026-07-24 12:29:31",
  "level": "ERROR",
  "message": "🗑️ bulk_data: deleted 200 rows"
}
{
  "timestamp": "2026-07-24 12:29:31",
  "level": "ERROR",
  "message": "🗑️ bulk_data: deleted 200 rows"
}
{
  "timestamp": "2026-07-24 12:29:31",
  "level": "ERROR",
  "message": "🗑️ bulk_data: deleted 200 rows"
}
{
  "timestamp": "2026-07-24 12:29:31",
  "level": "ERROR",
  "message": "🗑️ bulk_data: deleted 200 rows"
}
{
  "timestamp": "2026-07-24 12:29:32",
  "level": "ERROR",
  "message": "🗑️ bulk_data: deleted 200 rows"
}
{
  "timestamp": "2026-07-24 12:29:32",
  "level": "ERROR",
  "message": "🗑️ bulk_data: deleted 200 rows"
}
{
  "timestamp": "2026-07-24 12:29:32",
  "level": "ERROR",
  "message": "🗑️ bulk_data: deleted 200 rows"
}
{
  "timestamp": "2026-07-24 12:29:32",
  "level": "ERROR",
  "message": "🗑️ bulk_data: deleted 200 rows"
}
{
  "timestamp": "2026-07-24 12:29:33",
  "level": "ERROR",
  "message": "🗑️ bulk_data: deleted 200 rows"
}
{
  "timestamp": "2026-07-24 12:29:33",
  "level": "ERROR",
  "message": "🗑️ bulk_data: deleted 200 rows"
}
{
  "timestamp": "2026-07-24 12:29:33",
  "level": "ERROR",
  "message": "🗑️ bulk_data: deleted 200 rows"
}
{
  "timestamp": "2026-07-24 12:29:33",
  "level": "ERROR",
  "message": "🗑️ bulk_data: deleted 200 rows"
}
{
  "timestamp": "2026-07-24 12:29:34",
  "level": "ERROR",
  "message": "🗑️ bulk_data: deleted 200 rows"
}
{
  "timestamp": "2026-07-24 12:29:34",
  "level": "ERROR",
  "message": "🗑️ bulk_data: deleted 200 rows"
}
{
  "timestamp": "2026-07-24 12:29:34",
  "level": "ERROR",
  "message": "🗑️ bulk_data: deleted 200 rows"
}
{
  "timestamp": "2026-07-24 12:29:35",
  "level": "ERROR",
  "message": "🗑️ bulk_data: deleted 200 rows"
}
{
  "timestamp": "2026-07-24 12:29:35",
  "level": "ERROR",
  "message": "🗑️ bulk_data: deleted 200 rows"
}
{
  "timestamp": "2026-07-24 12:29:35",
  "level": "ERROR",
  "message": "🗑️ bulk_data: deleted 200 rows"
}
{
  "timestamp": "2026-07-24 12:29:35",
  "level": "ERROR",
  "message": "🗑️ bulk_data: deleted 200 rows"
}
{
  "timestamp": "2026-07-24 12:29:36",
  "level": "ERROR",
  "message": "🗑️ bulk_data: deleted 200 rows"
}
{
  "timestamp": "2026-07-24 12:29:36",
  "level": "ERROR",
  "message": "🗑️ bulk_data: deleted 200 rows"
}
{
  "timestamp": "2026-07-24 12:29:36",
  "level": "ERROR",
  "message": "🗑️ bulk_data: deleted 200 rows"
}
{
  "timestamp": "2026-07-24 12:29:36",
  "level": "ERROR",
  "message": "🗑️ bulk_data: deleted 200 rows"
}
{
  "timestamp": "2026-07-24 12:29:37",
  "level": "ERROR",
  "message": "🗑️ bulk_data: deleted 200 rows"
}
{
  "timestamp": "2026-07-24 12:29:37",
  "level": "ERROR",
  "message": "🗑️ bulk_data: deleted 200 rows"
}
{
  "timestamp": "2026-07-24 12:29:37",
  "level": "ERROR",
  "message": "🗑️ bulk_data: deleted 200 rows"
}
{
  "timestamp": "2026-07-24 12:29:38",
  "level": "ERROR",
  "message": "🗑️ bulk_data: deleted 200 rows"
}
{
  "timestamp": "2026-07-24 12:29:38",
  "level": "ERROR",
  "message": "🗑️ bulk_data: deleted 200 rows"
}
{
  "timestamp": "2026-07-24 12:29:38",
  "level": "ERROR",
  "message": "🗑️ bulk_data: deleted 200 rows"
}
{
  "timestamp": "2026-07-24 12:29:38",
  "level": "ERROR",
  "message": "🗑️ bulk_data: deleted 200 rows"
}
{
  "timestamp": "2026-07-24 12:29:39",
  "level": "ERROR",
  "message": "🗑️ bulk_data: deleted 200 rows"
}
{
  "timestamp": "2026-07-24 12:29:39",
  "level": "ERROR",
  "message": "🗑️ bulk_data: deleted 200 rows"
}
{
  "timestamp": "2026-07-24 12:29:39",
  "level": "ERROR",
  "message": "🗑️ bulk_data: deleted 200 rows"
}
{
  "timestamp": "2026-07-24 12:29:39",
  "level": "ERROR",
  "message": "🗑️ bulk_data: deleted 200 rows"
}
{
  "timestamp": "2026-07-24 12:29:40",
  "level": "ERROR",
  "message": "🗑️ bulk_data: deleted 200 rows"
}
{
  "timestamp": "2026-07-24 12:29:40",
  "level": "ERROR",
  "message": "🗑️ bulk_data: deleted 200 rows"
}
{
  "timestamp": "2026-07-24 12:29:40",
  "level": "ERROR",
  "message": "🗑️ bulk_data: deleted 200 rows"
}
{
  "timestamp": "2026-07-24 12:29:41",
  "level": "ERROR",
  "message": "🗑️ bulk_data: deleted 200 rows"
}
{
  "timestamp": "2026-07-24 12:29:41",
  "level": "ERROR",
  "message": "🗑️ bulk_data: deleted 200 rows"
}
{
  "timestamp": "2026-07-24 12:29:41",
  "level": "ERROR",
  "message": "🗑️ bulk_data: deleted 200 rows"
}
{
  "timestamp": "2026-07-24 12:29:41",
  "level": "ERROR",
  "message": "🗑️ bulk_data: deleted 200 rows"
}
{
  "timestamp": "2026-07-24 12:29:42",
  "level": "ERROR",
  "message": "🗑️ bulk_data: deleted 200 rows"
}
{
  "timestamp": "2026-07-24 12:29:42",
  "level": "ERROR",
  "message": "🗑️ bulk_data: deleted 200 rows"
}
{
  "timestamp": "2026-07-24 12:29:42",
  "level": "ERROR",
  "message": "🗑️ bulk_data: deleted 200 rows"
}
{
  "timestamp": "2026-07-24 12:29:42",
  "level": "ERROR",
  "message": "🗑️ bulk_data: deleted 200 rows"
}
{
  "timestamp": "2026-07-24 12:29:43",
  "level": "ERROR",
  "message": "🗑️ bulk_data: deleted 200 rows"
}
{
  "timestamp": "2026-07-24 12:29:43",
  "level": "ERROR",
  "message": "🗑️ bulk_data: deleted 200 rows"
}
{
  "timestamp": "2026-07-24 12:29:43",
  "level": "ERROR",
  "message": "🗑️ bulk_data: deleted 200 rows"
}
{
  "timestamp": "2026-07-24 12:29:43",
  "level": "ERROR",
  "message": "🗑️ bulk_data: deleted 200 rows"
}
{
  "timestamp": "2026-07-24 12:29:44",
  "level": "ERROR",
  "message": "🗑️ bulk_data: deleted 200 rows"
}
{
  "timestamp": "2026-07-24 12:29:44",
  "level": "ERROR",
  "message": "🗑️ bulk_data: deleted 200 rows"
}
{
  "timestamp": "2026-07-24 12:29:44",
  "level": "ERROR",
  "message": "🗑️ bulk_data: deleted 200 rows"
}
{
  "timestamp": "2026-07-24 12:29:44",
  "level": "ERROR",
  "message": "🗑️ bulk_data: deleted 200 rows"
}
{
  "timestamp": "2026-07-24 12:29:45",
  "level": "ERROR",
  "message": "🗑️ bulk_data: deleted 200 rows"
}
{
  "timestamp": "2026-07-24 12:29:45",
  "level": "ERROR",
  "message": "🗑️ bulk_data: deleted 200 rows"
}
{
  "timestamp": "2026-07-24 12:29:45",
  "level": "ERROR",
  "message": "🗑️ bulk_data: deleted 200 rows"
}
{
  "timestamp": "2026-07-24 12:29:45",
  "level": "ERROR",
  "message": "🗑️ bulk_data: deleted 200 rows"
}
{
  "timestamp": "2026-07-24 12:29:46",
  "level": "ERROR",
  "message": "🗑️ bulk_data: deleted 200 rows"
}
{
  "timestamp": "2026-07-24 12:29:46",
  "level": "ERROR",
  "message": "🗑️ bulk_data: deleted 200 rows"
}
{
  "timestamp": "2026-07-24 12:29:46",
  "level": "ERROR",
  "message": "🗑️ bulk_data: deleted 200 rows"
}
{
  "timestamp": "2026-07-24 12:29:46",
  "level": "ERROR",
  "message": "🗑️ bulk_data: deleted 200 rows"
}
{
  "timestamp": "2026-07-24 12:29:47",
  "level": "ERROR",
  "message": "🗑️ bulk_data: deleted 200 rows"
}
{
  "timestamp": "2026-07-24 12:29:47",
  "level": "ERROR",
  "message": "🗑️ bulk_data: deleted 200 rows"
}
{
  "timestamp": "2026-07-24 12:29:47",
  "level": "ERROR",
  "message": "🗑️ bulk_data: deleted 200 rows"
}
{
  "timestamp": "2026-07-24 12:29:47",
  "level": "ERROR",
  "message": "🗑️ bulk_data: deleted 200 rows"
}
{
  "timestamp": "2026-07-24 12:29:48",
  "level": "ERROR",
  "message": "🗑️ bulk_data: deleted 200 rows"
}
{
  "timestamp": "2026-07-24 12:29:48",
  "level": "ERROR",
  "message": "🗑️ bulk_data: deleted 200 rows"
}
{
  "timestamp": "2026-07-24 12:29:48",
  "level": "ERROR",
  "message": "🗑️ bulk_data: deleted 200 rows"
}
{
  "timestamp": "2026-07-24 12:29:49",
  "level": "ERROR",
  "message": "🗑️ bulk_data: deleted 200 rows"
}
{
  "timestamp": "2026-07-24 12:29:49",
  "level": "ERROR",
  "message": "🗑️ bulk_data: deleted 200 rows"
}
{
  "timestamp": "2026-07-24 12:29:49",
  "level": "ERROR",
  "message": "🗑️ bulk_data: deleted 200 rows"
}
{
  "timestamp": "2026-07-24 12:29:49",
  "level": "ERROR",
  "message": "🗑️ bulk_data: deleted 200 rows"
}
{
  "timestamp": "2026-07-24 12:29:49",
  "level": "ERROR",
  "message": "🗑️ bulk_data: deleted 200 rows"
}
{
  "timestamp": "2026-07-24 12:29:50",
  "level": "ERROR",
  "message": "🗑️ bulk_data: deleted 200 rows"
}
{
  "timestamp": "2026-07-24 12:29:50",
  "level": "ERROR",
  "message": "🗑️ bulk_data: deleted 200 rows"
}
{
  "timestamp": "2026-07-24 12:29:50",
  "level": "ERROR",
  "message": "🗑️ bulk_data: deleted 200 rows"
}
{
  "timestamp": "2026-07-24 12:29:51",
  "level": "ERROR",
  "message": "🗑️ bulk_data: deleted 200 rows"
}
{
  "timestamp": "2026-07-24 12:29:51",
  "level": "ERROR",
  "message": "🗑️ bulk_data: deleted 200 rows"
}
{
  "timestamp": "2026-07-24 12:29:51",
  "level": "ERROR",
  "message": "🗑️ bulk_data: deleted 200 rows"
}
{
  "timestamp": "2026-07-24 12:29:51",
  "level": "ERROR",
  "message": "🗑️ bulk_data: deleted 200 rows"
}
{
  "timestamp": "2026-07-24 12:29:52",
  "level": "ERROR",
  "message": "🗑️ bulk_data: deleted 200 rows"
}
{
  "timestamp": "2026-07-24 12:29:52",
  "level": "ERROR",
  "message": "🗑️ bulk_data: deleted 200 rows"
}
{
  "timestamp": "2026-07-24 12:29:52",
  "level": "ERROR",
  "message": "🗑️ bulk_data: deleted 200 rows"
}
{
  "timestamp": "2026-07-24 12:29:53",
  "level": "ERROR",
  "message": "🗑️ bulk_data: deleted 200 rows"
}
{
  "timestamp": "2026-07-24 12:29:53",
  "level": "ERROR",
  "message": "🗑️ bulk_data: deleted 200 rows"
}
{
  "timestamp": "2026-07-24 12:29:53",
  "level": "ERROR",
  "message": "🗑️ bulk_data: deleted 200 rows"
}
{
  "timestamp": "2026-07-24 12:29:53",
  "level": "ERROR",
  "message": "🗑️ bulk_data: deleted 200 rows"
}
{
  "timestamp": "2026-07-24 12:29:54",
  "level": "ERROR",
  "message": "🗑️ bulk_data: deleted 200 rows"
}
{
  "timestamp": "2026-07-24 12:29:54",
  "level": "ERROR",
  "message": "🗑️ bulk_data: deleted 200 rows"
}
{
  "timestamp": "2026-07-24 12:29:54",
  "level": "ERROR",
  "message": "🗑️ bulk_data: deleted 200 rows"
}
{
  "timestamp": "2026-07-24 12:29:54",
  "level": "ERROR",
  "message": "🗑️ bulk_data: deleted 200 rows"
}
{
  "timestamp": "2026-07-24 12:29:55",
  "level": "ERROR",
  "message": "🗑️ bulk_data: deleted 200 rows"
}
{
  "timestamp": "2026-07-24 12:29:55",
  "level": "ERROR",
  "message": "🗑️ bulk_data: deleted 200 rows"
}
{
  "timestamp": "2026-07-24 12:29:55",
  "level": "ERROR",
  "message": "🗑️ bulk_data: deleted 200 rows"
}
{
  "timestamp": "2026-07-24 12:29:55",
  "level": "ERROR",
  "message": "🗑️ bulk_data: deleted 200 rows"
}
{
  "timestamp": "2026-07-24 12:29:56",
  "level": "ERROR",
  "message": "🗑️ bulk_data: deleted 200 rows"
}
{
  "timestamp": "2026-07-24 12:29:56",
  "level": "ERROR",
  "message": "🗑️ bulk_data: deleted 200 rows"
}
{
  "timestamp": "2026-07-24 12:29:56",
  "level": "ERROR",
  "message": "🗑️ bulk_data: deleted 200 rows"
}
{
  "timestamp": "2026-07-24 12:29:57",
  "level": "ERROR",
  "message": "🗑️ bulk_data: deleted 200 rows"
}
{
  "timestamp": "2026-07-24 12:29:57",
  "level": "ERROR",
  "message": "🗑️ bulk_data: deleted 200 rows"
}
{
  "timestamp": "2026-07-24 12:29:57",
  "level": "ERROR",
  "message": "🗑️ bulk_data: deleted 200 rows"
}
{
  "timestamp": "2026-07-24 12:29:57",
  "level": "ERROR",
  "message": "🗑️ bulk_data: deleted 200 rows"
}
{
  "timestamp": "2026-07-24 12:29:58",
  "level": "ERROR",
  "message": "🗑️ bulk_data: deleted 200 rows"
}
{
  "timestamp": "2026-07-24 12:29:58",
  "level": "ERROR",
  "message": "🗑️ bulk_data: deleted 200 rows"
}
{
  "timestamp": "2026-07-24 12:29:58",
  "level": "ERROR",
  "message": "🗑️ bulk_data: deleted 200 rows"
}
{
  "timestamp": "2026-07-24 12:29:59",
  "level": "ERROR",
  "message": "🗑️ bulk_data: deleted 200 rows"
}
{
  "timestamp": "2026-07-24 12:29:59",
  "level": "ERROR",
  "message": "🗑️ bulk_data: deleted 200 rows"
}
{
  "timestamp": "2026-07-24 12:29:59",
  "level": "ERROR",
  "message": "🗑️ bulk_data: deleted 200 rows"
}
{
  "timestamp": "2026-07-24 12:29:59",
  "level": "ERROR",
  "message": "🗑️ bulk_data: deleted 200 rows"
}
{
  "timestamp": "2026-07-24 12:30:00",
  "level": "ERROR",
  "message": "Cleanup job scheduled",
  "time": "2026-07-24T07:00:00.028Z"
}
{
  "timestamp": "2026-07-24 12:30:00",
  "level": "ERROR",
  "message": "🗑️ bulk_data: deleted 200 rows"
}
{
  "timestamp": "2026-07-24 12:30:00",
  "level": "ERROR",
  "message": "🗑️ bulk_data: deleted 200 rows"
}
{
  "timestamp": "2026-07-24 12:30:00",
  "level": "ERROR",
  "message": "🗑️ bulk_data: deleted 200 rows"
}
{
  "timestamp": "2026-07-24 12:30:00",
  "level": "ERROR",
  "message": "🗑️ bulk_data: deleted 200 rows"
}
{
  "timestamp": "2026-07-24 12:30:01",
  "level": "ERROR",
  "message": "🗑️ bulk_data: deleted 200 rows"
}
{
  "timestamp": "2026-07-24 12:30:01",
  "level": "ERROR",
  "message": "🗑️ bulk_data: deleted 200 rows"
}
{
  "timestamp": "2026-07-24 12:30:01",
  "level": "ERROR",
  "message": "🗑️ bulk_data: deleted 200 rows"
}
{
  "timestamp": "2026-07-24 12:30:02",
  "level": "ERROR",
  "message": "🗑️ bulk_data: deleted 200 rows"
}
{
  "timestamp": "2026-07-24 12:30:02",
  "level": "ERROR",
  "message": "🗑️ bulk_data: deleted 200 rows"
}
{
  "timestamp": "2026-07-24 12:30:02",
  "level": "ERROR",
  "message": "🗑️ bulk_data: deleted 200 rows"
}
{
  "timestamp": "2026-07-24 12:30:02",
  "level": "ERROR",
  "message": "🗑️ bulk_data: deleted 200 rows"
}
{
  "timestamp": "2026-07-24 12:30:02",
  "level": "ERROR",
  "message": "🗑️ bulk_data: deleted 200 rows"
}
{
  "timestamp": "2026-07-24 12:30:03",
  "level": "ERROR",
  "message": "🗑️ bulk_data: deleted 200 rows"
}
{
  "timestamp": "2026-07-24 12:30:03",
  "level": "ERROR",
  "message": "🗑️ bulk_data: deleted 200 rows"
}
{
  "timestamp": "2026-07-24 12:30:03",
  "level": "ERROR",
  "message": "🗑️ bulk_data: deleted 200 rows"
}
{
  "timestamp": "2026-07-24 12:30:04",
  "level": "ERROR",
  "message": "🗑️ bulk_data: deleted 200 rows"
}
{
  "timestamp": "2026-07-24 12:30:04",
  "level": "ERROR",
  "message": "🗑️ bulk_data: deleted 200 rows"
}
{
  "timestamp": "2026-07-24 12:30:04",
  "level": "ERROR",
  "message": "🗑️ bulk_data: deleted 200 rows"
}
{
  "timestamp": "2026-07-24 12:30:04",
  "level": "ERROR",
  "message": "🗑️ bulk_data: deleted 200 rows"
}
{
  "timestamp": "2026-07-24 12:30:05",
  "level": "ERROR",
  "message": "🗑️ bulk_data: deleted 200 rows"
}
{
  "timestamp": "2026-07-24 12:30:05",
  "level": "ERROR",
  "message": "🗑️ bulk_data: deleted 200 rows"
}
{
  "timestamp": "2026-07-24 12:30:05",
  "level": "ERROR",
  "message": "🗑️ bulk_data: deleted 200 rows"
}
{
  "timestamp": "2026-07-24 12:30:05",
  "level": "ERROR",
  "message": "🗑️ bulk_data: deleted 200 rows"
}
{
  "timestamp": "2026-07-24 12:30:06",
  "level": "ERROR",
  "message": "🗑️ bulk_data: deleted 200 rows"
}
{
  "timestamp": "2026-07-24 12:30:06",
  "level": "ERROR",
  "message": "🗑️ bulk_data: deleted 200 rows"
}
{
  "timestamp": "2026-07-24 12:30:06",
  "level": "ERROR",
  "message": "🗑️ bulk_data: deleted 200 rows"
}
{
  "timestamp": "2026-07-24 12:30:06",
  "level": "ERROR",
  "message": "🗑️ bulk_data: deleted 200 rows"
}
{
  "timestamp": "2026-07-24 12:30:07",
  "level": "ERROR",
  "message": "🗑️ bulk_data: deleted 200 rows"
}
{
  "timestamp": "2026-07-24 12:30:07",
  "level": "ERROR",
  "message": "🗑️ bulk_data: deleted 200 rows"
}
{
  "timestamp": "2026-07-24 12:30:07",
  "level": "ERROR",
  "message": "🗑️ bulk_data: deleted 200 rows"
}
{
  "timestamp": "2026-07-24 12:30:07",
  "level": "ERROR",
  "message": "🗑️ bulk_data: deleted 200 rows"
}
{
  "timestamp": "2026-07-24 12:30:08",
  "level": "ERROR",
  "message": "🗑️ bulk_data: deleted 200 rows"
}
{
  "timestamp": "2026-07-24 12:30:08",
  "level": "ERROR",
  "message": "🗑️ bulk_data: deleted 200 rows"
}
{
  "timestamp": "2026-07-24 12:30:08",
  "level": "ERROR",
  "message": "🗑️ bulk_data: deleted 200 rows"
}
{
  "timestamp": "2026-07-24 12:30:08",
  "level": "ERROR",
  "message": "🗑️ bulk_data: deleted 200 rows"
}
{
  "timestamp": "2026-07-24 12:30:09",
  "level": "ERROR",
  "message": "🗑️ bulk_data: deleted 200 rows"
}
{
  "timestamp": "2026-07-24 12:30:09",
  "level": "ERROR",
  "message": "🗑️ bulk_data: deleted 200 rows"
}
{
  "timestamp": "2026-07-24 12:30:09",
  "level": "ERROR",
  "message": "🗑️ bulk_data: deleted 200 rows"
}
{
  "timestamp": "2026-07-24 12:30:10",
  "level": "ERROR",
  "message": "🗑️ bulk_data: deleted 200 rows"
}
{
  "timestamp": "2026-07-24 12:30:10",
  "level": "ERROR",
  "message": "🗑️ bulk_data: deleted 200 rows"
}
{
  "timestamp": "2026-07-24 12:30:10",
  "level": "ERROR",
  "message": "🗑️ bulk_data: deleted 200 rows"
}
{
  "timestamp": "2026-07-24 12:30:10",
  "level": "ERROR",
  "message": "🗑️ bulk_data: deleted 200 rows"
}
{
  "timestamp": "2026-07-24 12:30:11",
  "level": "ERROR",
  "message": "🗑️ bulk_data: deleted 200 rows"
}
{
  "timestamp": "2026-07-24 12:30:11",
  "level": "ERROR",
  "message": "🗑️ bulk_data: deleted 200 rows"
}
{
  "timestamp": "2026-07-24 12:30:11",
  "level": "ERROR",
  "message": "🗑️ bulk_data: deleted 200 rows"
}
{
  "timestamp": "2026-07-24 12:30:11",
  "level": "ERROR",
  "message": "🗑️ bulk_data: deleted 200 rows"
}
{
  "timestamp": "2026-07-24 12:30:12",
  "level": "ERROR",
  "message": "🗑️ bulk_data: deleted 200 rows"
}
{
  "timestamp": "2026-07-24 12:30:12",
  "level": "ERROR",
  "message": "🗑️ bulk_data: deleted 200 rows"
}
{
  "timestamp": "2026-07-24 12:30:12",
  "level": "ERROR",
  "message": "🗑️ bulk_data: deleted 200 rows"
}
{
  "timestamp": "2026-07-24 12:30:13",
  "level": "ERROR",
  "message": "🗑️ bulk_data: deleted 200 rows"
}
{
  "timestamp": "2026-07-24 12:30:13",
  "level": "ERROR",
  "message": "🗑️ bulk_data: deleted 200 rows"
}
{
  "timestamp": "2026-07-24 12:30:13",
  "level": "ERROR",
  "message": "🗑️ bulk_data: deleted 200 rows"
}
{
  "timestamp": "2026-07-24 12:30:13",
  "level": "ERROR",
  "message": "🗑️ bulk_data: deleted 200 rows"
}
{
  "timestamp": "2026-07-24 12:30:14",
  "level": "ERROR",
  "message": "🗑️ bulk_data: deleted 200 rows"
}
{
  "timestamp": "2026-07-24 12:30:14",
  "level": "ERROR",
  "message": "🗑️ bulk_data: deleted 200 rows"
}
{
  "timestamp": "2026-07-24 12:30:14",
  "level": "ERROR",
  "message": "🗑️ bulk_data: deleted 200 rows"
}
{
  "timestamp": "2026-07-24 12:30:14",
  "level": "ERROR",
  "message": "🗑️ bulk_data: deleted 200 rows"
}
{
  "timestamp": "2026-07-24 12:30:15",
  "level": "ERROR",
  "message": "🗑️ bulk_data: deleted 200 rows"
}
{
  "timestamp": "2026-07-24 12:30:15",
  "level": "ERROR",
  "message": "🗑️ bulk_data: deleted 200 rows"
}
{
  "timestamp": "2026-07-24 12:30:15",
  "level": "ERROR",
  "message": "🗑️ bulk_data: deleted 200 rows"
}
{
  "timestamp": "2026-07-24 12:30:15",
  "level": "ERROR",
  "message": "🗑️ bulk_data: deleted 200 rows"
}
{
  "timestamp": "2026-07-24 12:30:16",
  "level": "ERROR",
  "message": "🗑️ bulk_data: deleted 200 rows"
}
{
  "timestamp": "2026-07-24 12:30:16",
  "level": "ERROR",
  "message": "🗑️ bulk_data: deleted 200 rows"
}
{
  "timestamp": "2026-07-24 12:30:16",
  "level": "ERROR",
  "message": "🗑️ bulk_data: deleted 200 rows"
}
{
  "timestamp": "2026-07-24 12:30:16",
  "level": "ERROR",
  "message": "🗑️ bulk_data: deleted 200 rows"
}
{
  "timestamp": "2026-07-24 12:30:17",
  "level": "ERROR",
  "message": "🗑️ bulk_data: deleted 200 rows"
}
{
  "timestamp": "2026-07-24 12:30:17",
  "level": "ERROR",
  "message": "🗑️ bulk_data: deleted 200 rows"
}
{
  "timestamp": "2026-07-24 12:30:17",
  "level": "ERROR",
  "message": "🗑️ bulk_data: deleted 200 rows"
}
{
  "timestamp": "2026-07-24 12:30:17",
  "level": "ERROR",
  "message": "🗑️ bulk_data: deleted 200 rows"
}
{
  "timestamp": "2026-07-24 12:30:18",
  "level": "ERROR",
  "message": "🗑️ bulk_data: deleted 200 rows"
}
{
  "timestamp": "2026-07-24 12:30:18",
  "level": "ERROR",
  "message": "🗑️ bulk_data: deleted 200 rows"
}
{
  "timestamp": "2026-07-24 12:30:18",
  "level": "ERROR",
  "message": "🗑️ bulk_data: deleted 200 rows"
}
{
  "timestamp": "2026-07-24 12:30:18",
  "level": "ERROR",
  "message": "🗑️ bulk_data: deleted 200 rows"
}
{
  "timestamp": "2026-07-24 12:30:19",
  "level": "ERROR",
  "message": "🗑️ bulk_data: deleted 200 rows"
}
{
  "timestamp": "2026-07-24 12:30:19",
  "level": "ERROR",
  "message": "🗑️ bulk_data: deleted 200 rows"
}
{
  "timestamp": "2026-07-24 12:30:19",
  "level": "ERROR",
  "message": "🗑️ bulk_data: deleted 200 rows"
}
{
  "timestamp": "2026-07-24 12:30:19",
  "level": "ERROR",
  "message": "🗑️ bulk_data: deleted 200 rows"
}
{
  "timestamp": "2026-07-24 12:30:20",
  "level": "ERROR",
  "message": "🗑️ bulk_data: deleted 200 rows"
}
{
  "timestamp": "2026-07-24 12:30:20",
  "level": "ERROR",
  "message": "🗑️ bulk_data: deleted 200 rows"
}
{
  "timestamp": "2026-07-24 12:30:20",
  "level": "ERROR",
  "message": "🗑️ bulk_data: deleted 200 rows"
}
{
  "timestamp": "2026-07-24 12:30:20",
  "level": "ERROR",
  "message": "🗑️ bulk_data: deleted 200 rows"
}
{
  "timestamp": "2026-07-24 12:30:21",
  "level": "ERROR",
  "message": "🗑️ bulk_data: deleted 200 rows"
}
{
  "timestamp": "2026-07-24 12:30:21",
  "level": "ERROR",
  "message": "🗑️ bulk_data: deleted 200 rows"
}
{
  "timestamp": "2026-07-24 12:30:21",
  "level": "ERROR",
  "message": "🗑️ bulk_data: deleted 200 rows"
}
{
  "timestamp": "2026-07-24 12:30:21",
  "level": "ERROR",
  "message": "🗑️ bulk_data: deleted 200 rows"
}
{
  "timestamp": "2026-07-24 12:30:22",
  "level": "ERROR",
  "message": "🗑️ bulk_data: deleted 200 rows"
}
{
  "timestamp": "2026-07-24 12:30:22",
  "level": "ERROR",
  "message": "🗑️ bulk_data: deleted 200 rows"
}
{
  "timestamp": "2026-07-24 12:30:22",
  "level": "ERROR",
  "message": "🗑️ bulk_data: deleted 200 rows"
}
{
  "timestamp": "2026-07-24 12:30:23",
  "level": "ERROR",
  "message": "🗑️ bulk_data: deleted 200 rows"
}
{
  "timestamp": "2026-07-24 12:30:23",
  "level": "ERROR",
  "message": "🗑️ bulk_data: deleted 200 rows"
}
{
  "timestamp": "2026-07-24 12:30:23",
  "level": "ERROR",
  "message": "🗑️ bulk_data: deleted 200 rows"
}
{
  "timestamp": "2026-07-24 12:30:23",
  "level": "ERROR",
  "message": "🗑️ bulk_data: deleted 200 rows"
}
{
  "timestamp": "2026-07-24 12:30:23",
  "level": "ERROR",
  "message": "🗑️ bulk_data: deleted 200 rows"
}
{
  "timestamp": "2026-07-24 12:30:24",
  "level": "ERROR",
  "message": "🗑️ bulk_data: deleted 200 rows"
}
{
  "timestamp": "2026-07-24 12:30:24",
  "level": "ERROR",
  "message": "🗑️ bulk_data: deleted 200 rows"
}
{
  "timestamp": "2026-07-24 12:30:24",
  "level": "ERROR",
  "message": "🗑️ bulk_data: deleted 200 rows"
}
{
  "timestamp": "2026-07-24 12:30:25",
  "level": "ERROR",
  "message": "🗑️ bulk_data: deleted 200 rows"
}
{
  "timestamp": "2026-07-24 12:30:25",
  "level": "ERROR",
  "message": "🗑️ bulk_data: deleted 200 rows"
}
{
  "timestamp": "2026-07-24 12:30:25",
  "level": "ERROR",
  "message": "🗑️ bulk_data: deleted 200 rows"
}
{
  "timestamp": "2026-07-24 12:30:25",
  "level": "ERROR",
  "message": "🗑️ bulk_data: deleted 200 rows"
}
{
  "timestamp": "2026-07-24 12:30:26",
  "level": "ERROR",
  "message": "🗑️ bulk_data: deleted 200 rows"
}
{
  "timestamp": "2026-07-24 12:30:26",
  "level": "ERROR",
  "message": "🗑️ bulk_data: deleted 200 rows"
}
{
  "timestamp": "2026-07-24 12:30:26",
  "level": "ERROR",
  "message": "🗑️ bulk_data: deleted 200 rows"
}
{
  "timestamp": "2026-07-24 12:30:26",
  "level": "ERROR",
  "message": "🗑️ bulk_data: deleted 200 rows"
}
{
  "timestamp": "2026-07-24 12:30:26",
  "level": "ERROR",
  "message": "🗑️ bulk_data: deleted 200 rows"
}
{
  "timestamp": "2026-07-24 12:30:27",
  "level": "ERROR",
  "message": "🗑️ bulk_data: deleted 200 rows"
}
{
  "timestamp": "2026-07-24 12:30:27",
  "level": "ERROR",
  "message": "🗑️ bulk_data: deleted 200 rows"
}
{
  "timestamp": "2026-07-24 12:30:27",
  "level": "ERROR",
  "message": "🗑️ bulk_data: deleted 200 rows"
}
{
  "timestamp": "2026-07-24 12:30:28",
  "level": "ERROR",
  "message": "🗑️ bulk_data: deleted 200 rows"
}
{
  "timestamp": "2026-07-24 12:30:28",
  "level": "ERROR",
  "message": "🗑️ bulk_data: deleted 200 rows"
}
{
  "timestamp": "2026-07-24 12:30:28",
  "level": "ERROR",
  "message": "🗑️ bulk_data: deleted 200 rows"
}
{
  "timestamp": "2026-07-24 12:30:28",
  "level": "ERROR",
  "message": "🗑️ bulk_data: deleted 200 rows"
}
{
  "timestamp": "2026-07-24 12:30:29",
  "level": "ERROR",
  "message": "🗑️ bulk_data: deleted 200 rows"
}
{
  "timestamp": "2026-07-24 12:30:29",
  "level": "ERROR",
  "message": "🗑️ bulk_data: deleted 200 rows"
}
{
  "timestamp": "2026-07-24 12:30:29",
  "level": "ERROR",
  "message": "🗑️ bulk_data: deleted 200 rows"
}
{
  "timestamp": "2026-07-24 12:30:29",
  "level": "ERROR",
  "message": "🗑️ bulk_data: deleted 200 rows"
}
{
  "timestamp": "2026-07-24 12:30:30",
  "level": "ERROR",
  "message": "🗑️ bulk_data: deleted 200 rows"
}
{
  "timestamp": "2026-07-24 12:30:30",
  "level": "ERROR",
  "message": "🗑️ bulk_data: deleted 200 rows"
}
{
  "timestamp": "2026-07-24 12:30:30",
  "level": "ERROR",
  "message": "🗑️ bulk_data: deleted 200 rows"
}
{
  "timestamp": "2026-07-24 12:30:30",
  "level": "ERROR",
  "message": "🗑️ bulk_data: deleted 200 rows"
}
{
  "timestamp": "2026-07-24 12:30:31",
  "level": "ERROR",
  "message": "🗑️ bulk_data: deleted 200 rows"
}
{
  "timestamp": "2026-07-24 12:30:31",
  "level": "ERROR",
  "message": "🗑️ bulk_data: deleted 200 rows"
}
{
  "timestamp": "2026-07-24 12:30:31",
  "level": "ERROR",
  "message": "🗑️ bulk_data: deleted 200 rows"
}
{
  "timestamp": "2026-07-24 12:30:31",
  "level": "ERROR",
  "message": "🗑️ bulk_data: deleted 200 rows"
}
{
  "timestamp": "2026-07-24 12:30:32",
  "level": "ERROR",
  "message": "🗑️ bulk_data: deleted 200 rows"
}
{
  "timestamp": "2026-07-24 12:30:32",
  "level": "ERROR",
  "message": "🗑️ bulk_data: deleted 200 rows"
}
{
  "timestamp": "2026-07-24 12:30:32",
  "level": "ERROR",
  "message": "🗑️ bulk_data: deleted 200 rows"
}
{
  "timestamp": "2026-07-24 12:30:33",
  "level": "ERROR",
  "message": "🗑️ bulk_data: deleted 200 rows"
}
{
  "timestamp": "2026-07-24 12:30:33",
  "level": "ERROR",
  "message": "🗑️ bulk_data: deleted 200 rows"
}
{
  "timestamp": "2026-07-24 12:30:33",
  "level": "ERROR",
  "message": "🗑️ bulk_data: deleted 200 rows"
}
{
  "timestamp": "2026-07-24 12:30:33",
  "level": "ERROR",
  "message": "🗑️ bulk_data: deleted 200 rows"
}
{
  "timestamp": "2026-07-24 12:30:34",
  "level": "ERROR",
  "message": "🗑️ bulk_data: deleted 200 rows"
}
{
  "timestamp": "2026-07-24 12:30:34",
  "level": "ERROR",
  "message": "🗑️ bulk_data: deleted 200 rows"
}
{
  "timestamp": "2026-07-24 12:30:34",
  "level": "ERROR",
  "message": "🗑️ bulk_data: deleted 200 rows"
}
{
  "timestamp": "2026-07-24 12:30:34",
  "level": "ERROR",
  "message": "🗑️ bulk_data: deleted 200 rows"
}
{
  "timestamp": "2026-07-24 12:30:35",
  "level": "ERROR",
  "message": "🗑️ bulk_data: deleted 200 rows"
}
{
  "timestamp": "2026-07-24 12:30:35",
  "level": "ERROR",
  "message": "🗑️ bulk_data: deleted 200 rows"
}
{
  "timestamp": "2026-07-24 12:30:35",
  "level": "ERROR",
  "message": "🗑️ bulk_data: deleted 200 rows"
}
{
  "timestamp": "2026-07-24 12:30:35",
  "level": "ERROR",
  "message": "🗑️ bulk_data: deleted 200 rows"
}
{
  "timestamp": "2026-07-24 12:30:36",
  "level": "ERROR",
  "message": "🗑️ bulk_data: deleted 200 rows"
}
{
  "timestamp": "2026-07-24 12:30:36",
  "level": "ERROR",
  "message": "🗑️ bulk_data: deleted 200 rows"
}
{
  "timestamp": "2026-07-24 12:30:36",
  "level": "ERROR",
  "message": "🗑️ bulk_data: deleted 200 rows"
}
{
  "timestamp": "2026-07-24 12:30:37",
  "level": "ERROR",
  "message": "🗑️ bulk_data: deleted 200 rows"
}
{
  "timestamp": "2026-07-24 12:30:37",
  "level": "ERROR",
  "message": "🗑️ bulk_data: deleted 200 rows"
}
{
  "timestamp": "2026-07-24 12:30:37",
  "level": "ERROR",
  "message": "🗑️ bulk_data: deleted 200 rows"
}
{
  "timestamp": "2026-07-24 12:30:37",
  "level": "ERROR",
  "message": "🗑️ bulk_data: deleted 200 rows"
}
{
  "timestamp": "2026-07-24 12:30:38",
  "level": "ERROR",
  "message": "🗑️ bulk_data: deleted 200 rows"
}
{
  "timestamp": "2026-07-24 12:30:38",
  "level": "ERROR",
  "message": "🗑️ bulk_data: deleted 200 rows"
}
{
  "timestamp": "2026-07-24 12:30:38",
  "level": "ERROR",
  "message": "🗑️ bulk_data: deleted 200 rows"
}
{
  "timestamp": "2026-07-24 12:30:38",
  "level": "ERROR",
  "message": "🗑️ bulk_data: deleted 200 rows"
}
{
  "timestamp": "2026-07-24 12:30:39",
  "level": "ERROR",
  "message": "🗑️ bulk_data: deleted 200 rows"
}
{
  "timestamp": "2026-07-24 12:30:39",
  "level": "ERROR",
  "message": "🗑️ bulk_data: deleted 200 rows"
}
{
  "timestamp": "2026-07-24 12:30:39",
  "level": "ERROR",
  "message": "🗑️ bulk_data: deleted 200 rows"
}
{
  "timestamp": "2026-07-24 12:30:39",
  "level": "ERROR",
  "message": "🗑️ bulk_data: deleted 200 rows"
}
{
  "timestamp": "2026-07-24 12:30:40",
  "level": "ERROR",
  "message": "🗑️ bulk_data: deleted 200 rows"
}
{
  "timestamp": "2026-07-24 12:30:40",
  "level": "ERROR",
  "message": "🗑️ bulk_data: deleted 200 rows"
}
{
  "timestamp": "2026-07-24 12:30:40",
  "level": "ERROR",
  "message": "🗑️ bulk_data: deleted 200 rows"
}
{
  "timestamp": "2026-07-24 12:30:40",
  "level": "ERROR",
  "message": "🗑️ bulk_data: deleted 200 rows"
}
{
  "timestamp": "2026-07-24 12:30:41",
  "level": "ERROR",
  "message": "🗑️ bulk_data: deleted 200 rows"
}
{
  "timestamp": "2026-07-24 12:30:41",
  "level": "ERROR",
  "message": "🗑️ bulk_data: deleted 200 rows"
}
{
  "timestamp": "2026-07-24 12:30:41",
  "level": "ERROR",
  "message": "🗑️ bulk_data: deleted 200 rows"
}
{
  "timestamp": "2026-07-24 12:30:41",
  "level": "ERROR",
  "message": "🗑️ bulk_data: deleted 200 rows"
}
{
  "timestamp": "2026-07-24 12:30:42",
  "level": "ERROR",
  "message": "🗑️ bulk_data: deleted 200 rows"
}
{
  "timestamp": "2026-07-24 12:30:42",
  "level": "ERROR",
  "message": "🗑️ bulk_data: deleted 200 rows"
}
{
  "timestamp": "2026-07-24 12:30:42",
  "level": "ERROR",
  "message": "🗑️ bulk_data: deleted 200 rows"
}
{
  "timestamp": "2026-07-24 12:30:42",
  "level": "ERROR",
  "message": "🗑️ bulk_data: deleted 200 rows"
}
{
  "timestamp": "2026-07-24 12:30:43",
  "level": "ERROR",
  "message": "🗑️ bulk_data: deleted 200 rows"
}
{
  "timestamp": "2026-07-24 12:30:43",
  "level": "ERROR",
  "message": "🗑️ bulk_data: deleted 200 rows"
}
{
  "timestamp": "2026-07-24 12:30:43",
  "level": "ERROR",
  "message": "🗑️ bulk_data: deleted 200 rows"
}
{
  "timestamp": "2026-07-24 12:30:44",
  "level": "ERROR",
  "message": "🗑️ bulk_data: deleted 200 rows"
}
{
  "timestamp": "2026-07-24 12:30:44",
  "level": "ERROR",
  "message": "🗑️ bulk_data: deleted 200 rows"
}
{
  "timestamp": "2026-07-24 12:30:44",
  "level": "ERROR",
  "message": "🗑️ bulk_data: deleted 200 rows"
}
{
  "timestamp": "2026-07-24 12:30:44",
  "level": "ERROR",
  "message": "🗑️ bulk_data: deleted 200 rows"
}
{
  "timestamp": "2026-07-24 12:30:45",
  "level": "ERROR",
  "message": "🗑️ bulk_data: deleted 200 rows"
}
{
  "timestamp": "2026-07-24 12:30:45",
  "level": "ERROR",
  "message": "🗑️ bulk_data: deleted 200 rows"
}
{
  "timestamp": "2026-07-24 12:30:45",
  "level": "ERROR",
  "message": "🗑️ bulk_data: deleted 200 rows"
}
{
  "timestamp": "2026-07-24 12:30:45",
  "level": "ERROR",
  "message": "🗑️ bulk_data: deleted 200 rows"
}
{
  "timestamp": "2026-07-24 12:30:46",
  "level": "ERROR",
  "message": "🗑️ bulk_data: deleted 200 rows"
}
{
  "timestamp": "2026-07-24 12:30:46",
  "level": "ERROR",
  "message": "🗑️ bulk_data: deleted 200 rows"
}
{
  "timestamp": "2026-07-24 12:30:46",
  "level": "ERROR",
  "message": "🗑️ bulk_data: deleted 200 rows"
}
{
  "timestamp": "2026-07-24 12:30:46",
  "level": "ERROR",
  "message": "🗑️ bulk_data: deleted 200 rows"
}
{
  "timestamp": "2026-07-24 12:30:47",
  "level": "ERROR",
  "message": "🗑️ bulk_data: deleted 200 rows"
}
{
  "timestamp": "2026-07-24 12:30:47",
  "level": "ERROR",
  "message": "🗑️ bulk_data: deleted 200 rows"
}
{
  "timestamp": "2026-07-24 12:30:47",
  "level": "ERROR",
  "message": "🗑️ bulk_data: deleted 200 rows"
}
{
  "timestamp": "2026-07-24 12:30:47",
  "level": "ERROR",
  "message": "🗑️ bulk_data: deleted 200 rows"
}
{
  "timestamp": "2026-07-24 12:30:48",
  "level": "ERROR",
  "message": "🗑️ bulk_data: deleted 200 rows"
}
{
  "timestamp": "2026-07-24 12:30:48",
  "level": "ERROR",
  "message": "🗑️ bulk_data: deleted 200 rows"
}
{
  "timestamp": "2026-07-24 12:30:48",
  "level": "ERROR",
  "message": "🗑️ bulk_data: deleted 200 rows"
}
{
  "timestamp": "2026-07-24 12:30:48",
  "level": "ERROR",
  "message": "🗑️ bulk_data: deleted 200 rows"
}
{
  "timestamp": "2026-07-24 12:30:49",
  "level": "ERROR",
  "message": "🗑️ bulk_data: deleted 200 rows"
}
{
  "timestamp": "2026-07-24 12:30:49",
  "level": "ERROR",
  "message": "🗑️ bulk_data: deleted 200 rows"
}
{
  "timestamp": "2026-07-24 12:30:49",
  "level": "ERROR",
  "message": "🗑️ bulk_data: deleted 200 rows"
}
{
  "timestamp": "2026-07-24 12:30:49",
  "level": "ERROR",
  "message": "🗑️ bulk_data: deleted 200 rows"
}
{
  "timestamp": "2026-07-24 12:30:50",
  "level": "ERROR",
  "message": "🗑️ bulk_data: deleted 200 rows"
}
{
  "timestamp": "2026-07-24 12:30:50",
  "level": "ERROR",
  "message": "🗑️ bulk_data: deleted 200 rows"
}
{
  "timestamp": "2026-07-24 12:30:50",
  "level": "ERROR",
  "message": "🗑️ bulk_data: deleted 200 rows"
}
{
  "timestamp": "2026-07-24 12:30:50",
  "level": "ERROR",
  "message": "🗑️ bulk_data: deleted 200 rows"
}
{
  "timestamp": "2026-07-24 12:30:51",
  "level": "ERROR",
  "message": "🗑️ bulk_data: deleted 200 rows"
}
{
  "timestamp": "2026-07-24 12:30:51",
  "level": "ERROR",
  "message": "🗑️ bulk_data: deleted 200 rows"
}
{
  "timestamp": "2026-07-24 12:30:51",
  "level": "ERROR",
  "message": "🗑️ bulk_data: deleted 200 rows"
}
{
  "timestamp": "2026-07-24 12:30:51",
  "level": "ERROR",
  "message": "🗑️ bulk_data: deleted 200 rows"
}
{
  "timestamp": "2026-07-24 12:30:52",
  "level": "ERROR",
  "message": "🗑️ bulk_data: deleted 200 rows"
}
{
  "timestamp": "2026-07-24 12:30:52",
  "level": "ERROR",
  "message": "🗑️ bulk_data: deleted 200 rows"
}
{
  "timestamp": "2026-07-24 12:30:52",
  "level": "ERROR",
  "message": "🗑️ bulk_data: deleted 200 rows"
}
{
  "timestamp": "2026-07-24 12:30:53",
  "level": "ERROR",
  "message": "🗑️ bulk_data: deleted 200 rows"
}
{
  "timestamp": "2026-07-24 12:30:53",
  "level": "ERROR",
  "message": "🗑️ bulk_data: deleted 200 rows"
}
{
  "timestamp": "2026-07-24 12:30:53",
  "level": "ERROR",
  "message": "🗑️ bulk_data: deleted 200 rows"
}
{
  "timestamp": "2026-07-24 12:30:53",
  "level": "ERROR",
  "message": "🗑️ bulk_data: deleted 200 rows"
}
{
  "timestamp": "2026-07-24 12:30:54",
  "level": "ERROR",
  "message": "🗑️ bulk_data: deleted 200 rows"
}
{
  "timestamp": "2026-07-24 12:30:54",
  "level": "ERROR",
  "message": "🗑️ bulk_data: deleted 200 rows"
}
{
  "timestamp": "2026-07-24 12:30:54",
  "level": "ERROR",
  "message": "🗑️ bulk_data: deleted 200 rows"
}
{
  "timestamp": "2026-07-24 12:30:54",
  "level": "ERROR",
  "message": "🗑️ bulk_data: deleted 200 rows"
}
{
  "timestamp": "2026-07-24 12:30:55",
  "level": "ERROR",
  "message": "🗑️ bulk_data: deleted 200 rows"
}
{
  "timestamp": "2026-07-24 12:30:55",
  "level": "ERROR",
  "message": "🗑️ bulk_data: deleted 200 rows"
}
{
  "timestamp": "2026-07-24 12:30:55",
  "level": "ERROR",
  "message": "🗑️ bulk_data: deleted 200 rows"
}
{
  "timestamp": "2026-07-24 12:30:56",
  "level": "ERROR",
  "message": "🗑️ bulk_data: deleted 200 rows"
}
{
  "timestamp": "2026-07-24 12:30:56",
  "level": "ERROR",
  "message": "🗑️ bulk_data: deleted 200 rows"
}
{
  "timestamp": "2026-07-24 12:30:56",
  "level": "ERROR",
  "message": "🗑️ bulk_data: deleted 200 rows"
}
{
  "timestamp": "2026-07-24 12:30:56",
  "level": "ERROR",
  "message": "🗑️ bulk_data: deleted 200 rows"
}
{
  "timestamp": "2026-07-24 12:30:57",
  "level": "ERROR",
  "message": "🗑️ bulk_data: deleted 200 rows"
}
{
  "timestamp": "2026-07-24 12:30:57",
  "level": "ERROR",
  "message": "🗑️ bulk_data: deleted 200 rows"
}
{
  "timestamp": "2026-07-24 12:30:57",
  "level": "ERROR",
  "message": "🗑️ bulk_data: deleted 200 rows"
}
{
  "timestamp": "2026-07-24 12:30:57",
  "level": "ERROR",
  "message": "🗑️ bulk_data: deleted 200 rows"
}
{
  "timestamp": "2026-07-24 12:30:58",
  "level": "ERROR",
  "message": "🗑️ bulk_data: deleted 200 rows"
}
{
  "timestamp": "2026-07-24 12:30:58",
  "level": "ERROR",
  "message": "🗑️ bulk_data: deleted 200 rows"
}
{
  "timestamp": "2026-07-24 12:30:58",
  "level": "ERROR",
  "message": "🗑️ bulk_data: deleted 200 rows"
}
{
  "timestamp": "2026-07-24 12:30:58",
  "level": "ERROR",
  "message": "🗑️ bulk_data: deleted 200 rows"
}
{
  "timestamp": "2026-07-24 12:30:58",
  "level": "ERROR",
  "message": "🗑️ bulk_data: deleted 200 rows"
}
{
  "timestamp": "2026-07-24 12:30:59",
  "level": "ERROR",
  "message": "🗑️ bulk_data: deleted 200 rows"
}
{
  "timestamp": "2026-07-24 12:30:59",
  "level": "ERROR",
  "message": "🗑️ bulk_data: deleted 200 rows"
}
{
  "timestamp": "2026-07-24 12:30:59",
  "level": "ERROR",
  "message": "🗑️ bulk_data: deleted 200 rows"
}
{
  "timestamp": "2026-07-24 12:30:59",
  "level": "ERROR",
  "message": "🗑️ bulk_data: deleted 200 rows"
}
{
  "timestamp": "2026-07-24 12:31:00",
  "level": "ERROR",
  "message": "Cleanup job scheduled",
  "time": "2026-07-24T07:01:00.028Z"
}
{
  "timestamp": "2026-07-24 12:31:00",
  "level": "ERROR",
  "message": "🗑️ bulk_data: deleted 200 rows"
}
{
  "timestamp": "2026-07-24 12:31:00",
  "level": "ERROR",
  "message": "🗑️ bulk_data: deleted 200 rows"
}
{
  "timestamp": "2026-07-24 12:31:00",
  "level": "ERROR",
  "message": "🗑️ bulk_data: deleted 200 rows"
}
{
  "timestamp": "2026-07-24 12:31:01",
  "level": "ERROR",
  "message": "🗑️ bulk_data: deleted 200 rows"
}
{
  "timestamp": "2026-07-24 12:31:01",
  "level": "ERROR",
  "message": "🗑️ bulk_data: deleted 200 rows"
}
{
  "timestamp": "2026-07-24 12:31:01",
  "level": "ERROR",
  "message": "🗑️ bulk_data: deleted 200 rows"
}
{
  "timestamp": "2026-07-24 12:31:01",
  "level": "ERROR",
  "message": "🗑️ bulk_data: deleted 200 rows"
}
{
  "timestamp": "2026-07-24 12:31:02",
  "level": "ERROR",
  "message": "🗑️ bulk_data: deleted 200 rows"
}
{
  "timestamp": "2026-07-24 12:31:02",
  "level": "ERROR",
  "message": "🗑️ bulk_data: deleted 200 rows"
}
{
  "timestamp": "2026-07-24 12:31:02",
  "level": "ERROR",
  "message": "🗑️ bulk_data: deleted 200 rows"
}
{
  "timestamp": "2026-07-24 12:31:02",
  "level": "ERROR",
  "message": "🗑️ bulk_data: deleted 200 rows"
}
{
  "timestamp": "2026-07-24 12:31:03",
  "level": "ERROR",
  "message": "🗑️ bulk_data: deleted 200 rows"
}
{
  "timestamp": "2026-07-24 12:31:03",
  "level": "ERROR",
  "message": "🗑️ bulk_data: deleted 200 rows"
}
{
  "timestamp": "2026-07-24 12:31:03",
  "level": "ERROR",
  "message": "🗑️ bulk_data: deleted 200 rows"
}
{
  "timestamp": "2026-07-24 12:31:03",
  "level": "ERROR",
  "message": "🗑️ bulk_data: deleted 200 rows"
}
{
  "timestamp": "2026-07-24 12:31:04",
  "level": "ERROR",
  "message": "🗑️ bulk_data: deleted 200 rows"
}
{
  "timestamp": "2026-07-24 12:31:04",
  "level": "ERROR",
  "message": "🗑️ bulk_data: deleted 200 rows"
}
{
  "timestamp": "2026-07-24 12:31:04",
  "level": "ERROR",
  "message": "🗑️ bulk_data: deleted 200 rows"
}
{
  "timestamp": "2026-07-24 12:31:05",
  "level": "ERROR",
  "message": "🗑️ bulk_data: deleted 200 rows"
}
{
  "timestamp": "2026-07-24 12:31:05",
  "level": "ERROR",
  "message": "🗑️ bulk_data: deleted 200 rows"
}
{
  "timestamp": "2026-07-24 12:31:05",
  "level": "ERROR",
  "message": "🗑️ bulk_data: deleted 200 rows"
}
{
  "timestamp": "2026-07-24 12:31:05",
  "level": "ERROR",
  "message": "🗑️ bulk_data: deleted 200 rows"
}
{
  "timestamp": "2026-07-24 12:31:06",
  "level": "ERROR",
  "message": "🗑️ bulk_data: deleted 200 rows"
}
{
  "timestamp": "2026-07-24 12:31:06",
  "level": "ERROR",
  "message": "🗑️ bulk_data: deleted 200 rows"
}
{
  "timestamp": "2026-07-24 12:31:06",
  "level": "ERROR",
  "message": "🗑️ bulk_data: deleted 200 rows"
}
{
  "timestamp": "2026-07-24 12:31:06",
  "level": "ERROR",
  "message": "🗑️ bulk_data: deleted 200 rows"
}
{
  "timestamp": "2026-07-24 12:31:07",
  "level": "ERROR",
  "message": "🗑️ bulk_data: deleted 200 rows"
}
{
  "timestamp": "2026-07-24 12:31:07",
  "level": "ERROR",
  "message": "🗑️ bulk_data: deleted 200 rows"
}
{
  "timestamp": "2026-07-24 12:31:07",
  "level": "ERROR",
  "message": "🗑️ bulk_data: deleted 200 rows"
}
{
  "timestamp": "2026-07-24 12:31:08",
  "level": "ERROR",
  "message": "🗑️ bulk_data: deleted 200 rows"
}
{
  "timestamp": "2026-07-24 12:31:08",
  "level": "ERROR",
  "message": "🗑️ bulk_data: deleted 200 rows"
}
{
  "timestamp": "2026-07-24 12:31:08",
  "level": "ERROR",
  "message": "🗑️ bulk_data: deleted 200 rows"
}
{
  "timestamp": "2026-07-24 12:31:08",
  "level": "ERROR",
  "message": "🗑️ bulk_data: deleted 200 rows"
}
{
  "timestamp": "2026-07-24 12:31:09",
  "level": "ERROR",
  "message": "🗑️ bulk_data: deleted 200 rows"
}
{
  "timestamp": "2026-07-24 12:31:09",
  "level": "ERROR",
  "message": "🗑️ bulk_data: deleted 200 rows"
}
{
  "timestamp": "2026-07-24 12:31:09",
  "level": "ERROR",
  "message": "🗑️ bulk_data: deleted 200 rows"
}
{
  "timestamp": "2026-07-24 12:31:09",
  "level": "ERROR",
  "message": "🗑️ bulk_data: deleted 200 rows"
}
{
  "timestamp": "2026-07-24 12:31:10",
  "level": "ERROR",
  "message": "🗑️ bulk_data: deleted 200 rows"
}
{
  "timestamp": "2026-07-24 12:31:10",
  "level": "ERROR",
  "message": "🗑️ bulk_data: deleted 200 rows"
}
{
  "timestamp": "2026-07-24 12:31:10",
  "level": "ERROR",
  "message": "🗑️ bulk_data: deleted 200 rows"
}
{
  "timestamp": "2026-07-24 12:31:11",
  "level": "ERROR",
  "message": "🗑️ bulk_data: deleted 200 rows"
}
{
  "timestamp": "2026-07-24 12:31:11",
  "level": "ERROR",
  "message": "🗑️ bulk_data: deleted 200 rows"
}
{
  "timestamp": "2026-07-24 12:31:11",
  "level": "ERROR",
  "message": "🗑️ bulk_data: deleted 200 rows"
}
{
  "timestamp": "2026-07-24 12:31:11",
  "level": "ERROR",
  "message": "🗑️ bulk_data: deleted 200 rows"
}
{
  "timestamp": "2026-07-24 12:31:12",
  "level": "ERROR",
  "message": "🗑️ bulk_data: deleted 200 rows"
}
{
  "timestamp": "2026-07-24 12:31:12",
  "level": "ERROR",
  "message": "🗑️ bulk_data: deleted 200 rows"
}
{
  "timestamp": "2026-07-24 12:31:12",
  "level": "ERROR",
  "message": "🗑️ bulk_data: deleted 200 rows"
}
{
  "timestamp": "2026-07-24 12:31:12",
  "level": "ERROR",
  "message": "🗑️ bulk_data: deleted 200 rows"
}
{
  "timestamp": "2026-07-24 12:31:13",
  "level": "ERROR",
  "message": "🗑️ bulk_data: deleted 200 rows"
}
{
  "timestamp": "2026-07-24 12:31:13",
  "level": "ERROR",
  "message": "🗑️ bulk_data: deleted 200 rows"
}
{
  "timestamp": "2026-07-24 12:31:13",
  "level": "ERROR",
  "message": "🗑️ bulk_data: deleted 200 rows"
}
{
  "timestamp": "2026-07-24 12:31:13",
  "level": "ERROR",
  "message": "🗑️ bulk_data: deleted 200 rows"
}
{
  "timestamp": "2026-07-24 12:31:14",
  "level": "ERROR",
  "message": "🗑️ bulk_data: deleted 200 rows"
}
{
  "timestamp": "2026-07-24 12:31:14",
  "level": "ERROR",
  "message": "🗑️ bulk_data: deleted 200 rows"
}
{
  "timestamp": "2026-07-24 12:31:14",
  "level": "ERROR",
  "message": "🗑️ bulk_data: deleted 200 rows"
}
{
  "timestamp": "2026-07-24 12:31:14",
  "level": "ERROR",
  "message": "🗑️ bulk_data: deleted 200 rows"
}
{
  "timestamp": "2026-07-24 12:31:15",
  "level": "ERROR",
  "message": "🗑️ bulk_data: deleted 200 rows"
}
{
  "timestamp": "2026-07-24 12:31:15",
  "level": "ERROR",
  "message": "🗑️ bulk_data: deleted 200 rows"
}
{
  "timestamp": "2026-07-24 12:31:15",
  "level": "ERROR",
  "message": "🗑️ bulk_data: deleted 200 rows"
}
{
  "timestamp": "2026-07-24 12:31:15",
  "level": "ERROR",
  "message": "🗑️ bulk_data: deleted 200 rows"
}
{
  "timestamp": "2026-07-24 12:31:16",
  "level": "ERROR",
  "message": "🗑️ bulk_data: deleted 200 rows"
}
{
  "timestamp": "2026-07-24 12:31:16",
  "level": "ERROR",
  "message": "🗑️ bulk_data: deleted 200 rows"
}
{
  "timestamp": "2026-07-24 12:31:16",
  "level": "ERROR",
  "message": "🗑️ bulk_data: deleted 200 rows"
}
{
  "timestamp": "2026-07-24 12:31:16",
  "level": "ERROR",
  "message": "🗑️ bulk_data: deleted 200 rows"
}
{
  "timestamp": "2026-07-24 12:31:17",
  "level": "ERROR",
  "message": "🗑️ bulk_data: deleted 200 rows"
}
{
  "timestamp": "2026-07-24 12:31:17",
  "level": "ERROR",
  "message": "🗑️ bulk_data: deleted 200 rows"
}
{
  "timestamp": "2026-07-24 12:31:17",
  "level": "ERROR",
  "message": "🗑️ bulk_data: deleted 200 rows"
}
{
  "timestamp": "2026-07-24 12:31:17",
  "level": "ERROR",
  "message": "🗑️ bulk_data: deleted 200 rows"
}
{
  "timestamp": "2026-07-24 12:31:18",
  "level": "ERROR",
  "message": "🗑️ bulk_data: deleted 200 rows"
}
{
  "timestamp": "2026-07-24 12:31:18",
  "level": "ERROR",
  "message": "🗑️ bulk_data: deleted 200 rows"
}
{
  "timestamp": "2026-07-24 12:31:18",
  "level": "ERROR",
  "message": "🗑️ bulk_data: deleted 200 rows"
}
{
  "timestamp": "2026-07-24 12:31:19",
  "level": "ERROR",
  "message": "🗑️ bulk_data: deleted 200 rows"
}
{
  "timestamp": "2026-07-24 12:31:19",
  "level": "ERROR",
  "message": "🗑️ bulk_data: deleted 200 rows"
}
{
  "timestamp": "2026-07-24 12:31:19",
  "level": "ERROR",
  "message": "🗑️ bulk_data: deleted 200 rows"
}
{
  "timestamp": "2026-07-24 12:31:19",
  "level": "ERROR",
  "message": "🗑️ bulk_data: deleted 200 rows"
}
{
  "timestamp": "2026-07-24 12:31:20",
  "level": "ERROR",
  "message": "🗑️ bulk_data: deleted 200 rows"
}
{
  "timestamp": "2026-07-24 12:31:20",
  "level": "ERROR",
  "message": "🗑️ bulk_data: deleted 200 rows"
}
{
  "timestamp": "2026-07-24 12:31:20",
  "level": "ERROR",
  "message": "🗑️ bulk_data: deleted 200 rows"
}
{
  "timestamp": "2026-07-24 12:31:20",
  "level": "ERROR",
  "message": "🗑️ bulk_data: deleted 200 rows"
}
{
  "timestamp": "2026-07-24 12:31:20",
  "level": "ERROR",
  "message": "🗑️ bulk_data: deleted 200 rows"
}
{
  "timestamp": "2026-07-24 12:31:21",
  "level": "ERROR",
  "message": "🗑️ bulk_data: deleted 200 rows"
}
{
  "timestamp": "2026-07-24 12:31:21",
  "level": "ERROR",
  "message": "🗑️ bulk_data: deleted 200 rows"
}
{
  "timestamp": "2026-07-24 12:31:21",
  "level": "ERROR",
  "message": "🗑️ bulk_data: deleted 200 rows"
}
{
  "timestamp": "2026-07-24 12:31:21",
  "level": "ERROR",
  "message": "🗑️ bulk_data: deleted 200 rows"
}
{
  "timestamp": "2026-07-24 12:31:22",
  "level": "ERROR",
  "message": "🗑️ bulk_data: deleted 200 rows"
}
{
  "timestamp": "2026-07-24 12:31:22",
  "level": "ERROR",
  "message": "🗑️ bulk_data: deleted 200 rows"
}
{
  "timestamp": "2026-07-24 12:31:22",
  "level": "ERROR",
  "message": "🗑️ bulk_data: deleted 200 rows"
}
{
  "timestamp": "2026-07-24 12:31:22",
  "level": "ERROR",
  "message": "🗑️ bulk_data: deleted 200 rows"
}
{
  "timestamp": "2026-07-24 12:31:23",
  "level": "ERROR",
  "message": "🗑️ bulk_data: deleted 200 rows"
}
{
  "timestamp": "2026-07-24 12:31:23",
  "level": "ERROR",
  "message": "🗑️ bulk_data: deleted 200 rows"
}
{
  "timestamp": "2026-07-24 12:31:23",
  "level": "ERROR",
  "message": "🗑️ bulk_data: deleted 200 rows"
}
{
  "timestamp": "2026-07-24 12:31:24",
  "level": "ERROR",
  "message": "🗑️ bulk_data: deleted 200 rows"
}
{
  "timestamp": "2026-07-24 12:31:24",
  "level": "ERROR",
  "message": "🗑️ bulk_data: deleted 200 rows"
}
{
  "timestamp": "2026-07-24 12:31:24",
  "level": "ERROR",
  "message": "🗑️ bulk_data: deleted 200 rows"
}
{
  "timestamp": "2026-07-24 12:31:24",
  "level": "ERROR",
  "message": "🗑️ bulk_data: deleted 200 rows"
}
{
  "timestamp": "2026-07-24 12:31:25",
  "level": "ERROR",
  "message": "🗑️ bulk_data: deleted 200 rows"
}
{
  "timestamp": "2026-07-24 12:31:25",
  "level": "ERROR",
  "message": "🗑️ bulk_data: deleted 200 rows"
}
{
  "timestamp": "2026-07-24 12:31:25",
  "level": "ERROR",
  "message": "🗑️ bulk_data: deleted 200 rows"
}
{
  "timestamp": "2026-07-24 12:31:25",
  "level": "ERROR",
  "message": "🗑️ bulk_data: deleted 200 rows"
}
{
  "timestamp": "2026-07-24 12:31:26",
  "level": "ERROR",
  "message": "🗑️ bulk_data: deleted 200 rows"
}
{
  "timestamp": "2026-07-24 12:31:26",
  "level": "ERROR",
  "message": "🗑️ bulk_data: deleted 200 rows"
}
{
  "timestamp": "2026-07-24 12:31:26",
  "level": "ERROR",
  "message": "🗑️ bulk_data: deleted 200 rows"
}
{
  "timestamp": "2026-07-24 12:31:26",
  "level": "ERROR",
  "message": "🗑️ bulk_data: deleted 200 rows"
}
{
  "timestamp": "2026-07-24 12:31:26",
  "level": "ERROR",
  "message": "🗑️ bulk_data: deleted 200 rows"
}
{
  "timestamp": "2026-07-24 12:31:27",
  "level": "ERROR",
  "message": "🗑️ bulk_data: deleted 200 rows"
}
{
  "timestamp": "2026-07-24 12:31:27",
  "level": "ERROR",
  "message": "🗑️ bulk_data: deleted 200 rows"
}
{
  "timestamp": "2026-07-24 12:31:27",
  "level": "ERROR",
  "message": "🗑️ bulk_data: deleted 200 rows"
}
{
  "timestamp": "2026-07-24 12:31:27",
  "level": "ERROR",
  "message": "🗑️ bulk_data: deleted 200 rows"
}
{
  "timestamp": "2026-07-24 12:31:28",
  "level": "ERROR",
  "message": "🗑️ bulk_data: deleted 200 rows"
}
{
  "timestamp": "2026-07-24 12:31:28",
  "level": "ERROR",
  "message": "🗑️ bulk_data: deleted 200 rows"
}
{
  "timestamp": "2026-07-24 12:31:28",
  "level": "ERROR",
  "message": "🗑️ bulk_data: deleted 200 rows"
}
{
  "timestamp": "2026-07-24 12:31:29",
  "level": "ERROR",
  "message": "🗑️ bulk_data: deleted 200 rows"
}
{
  "timestamp": "2026-07-24 12:31:29",
  "level": "ERROR",
  "message": "🗑️ bulk_data: deleted 200 rows"
}
{
  "timestamp": "2026-07-24 12:31:29",
  "level": "ERROR",
  "message": "🗑️ bulk_data: deleted 200 rows"
}
{
  "timestamp": "2026-07-24 12:31:29",
  "level": "ERROR",
  "message": "🗑️ bulk_data: deleted 200 rows"
}
{
  "timestamp": "2026-07-24 12:31:30",
  "level": "ERROR",
  "message": "🗑️ bulk_data: deleted 200 rows"
}
{
  "timestamp": "2026-07-24 12:31:30",
  "level": "ERROR",
  "message": "🗑️ bulk_data: deleted 200 rows"
}
{
  "timestamp": "2026-07-24 12:31:30",
  "level": "ERROR",
  "message": "🗑️ bulk_data: deleted 200 rows"
}
{
  "timestamp": "2026-07-24 12:31:30",
  "level": "ERROR",
  "message": "🗑️ bulk_data: deleted 200 rows"
}
{
  "timestamp": "2026-07-24 12:31:31",
  "level": "ERROR",
  "message": "🗑️ bulk_data: deleted 200 rows"
}
{
  "timestamp": "2026-07-24 12:31:31",
  "level": "ERROR",
  "message": "🗑️ bulk_data: deleted 200 rows"
}
{
  "timestamp": "2026-07-24 12:31:31",
  "level": "ERROR",
  "message": "🗑️ bulk_data: deleted 200 rows"
}
{
  "timestamp": "2026-07-24 12:31:31",
  "level": "ERROR",
  "message": "🗑️ bulk_data: deleted 200 rows"
}
{
  "timestamp": "2026-07-24 12:31:32",
  "level": "ERROR",
  "message": "🗑️ bulk_data: deleted 200 rows"
}
{
  "timestamp": "2026-07-24 12:31:32",
  "level": "ERROR",
  "message": "🗑️ bulk_data: deleted 200 rows"
}
{
  "timestamp": "2026-07-24 12:31:32",
  "level": "ERROR",
  "message": "🗑️ bulk_data: deleted 200 rows"
}
{
  "timestamp": "2026-07-24 12:31:33",
  "level": "ERROR",
  "message": "🗑️ bulk_data: deleted 200 rows"
}
{
  "timestamp": "2026-07-24 12:31:33",
  "level": "ERROR",
  "message": "🗑️ bulk_data: deleted 200 rows"
}
{
  "timestamp": "2026-07-24 12:31:33",
  "level": "ERROR",
  "message": "🗑️ bulk_data: deleted 200 rows"
}
{
  "timestamp": "2026-07-24 12:31:33",
  "level": "ERROR",
  "message": "🗑️ bulk_data: deleted 200 rows"
}
{
  "timestamp": "2026-07-24 12:31:34",
  "level": "ERROR",
  "message": "🗑️ bulk_data: deleted 200 rows"
}
{
  "timestamp": "2026-07-24 12:31:34",
  "level": "ERROR",
  "message": "🗑️ bulk_data: deleted 200 rows"
}
{
  "timestamp": "2026-07-24 12:31:34",
  "level": "ERROR",
  "message": "🗑️ bulk_data: deleted 200 rows"
}
{
  "timestamp": "2026-07-24 12:31:35",
  "level": "ERROR",
  "message": "🗑️ bulk_data: deleted 200 rows"
}
{
  "timestamp": "2026-07-24 12:31:35",
  "level": "ERROR",
  "message": "🗑️ bulk_data: deleted 200 rows"
}
{
  "timestamp": "2026-07-24 12:31:35",
  "level": "ERROR",
  "message": "🗑️ bulk_data: deleted 200 rows"
}
{
  "timestamp": "2026-07-24 12:31:35",
  "level": "ERROR",
  "message": "🗑️ bulk_data: deleted 200 rows"
}
{
  "timestamp": "2026-07-24 12:31:36",
  "level": "ERROR",
  "message": "🗑️ bulk_data: deleted 200 rows"
}
{
  "timestamp": "2026-07-24 12:31:36",
  "level": "ERROR",
  "message": "🗑️ bulk_data: deleted 200 rows"
}
{
  "timestamp": "2026-07-24 12:31:36",
  "level": "ERROR",
  "message": "🗑️ bulk_data: deleted 200 rows"
}
{
  "timestamp": "2026-07-24 12:31:36",
  "level": "ERROR",
  "message": "🗑️ bulk_data: deleted 200 rows"
}
{
  "timestamp": "2026-07-24 12:31:37",
  "level": "ERROR",
  "message": "🗑️ bulk_data: deleted 200 rows"
}
{
  "timestamp": "2026-07-24 12:31:37",
  "level": "ERROR",
  "message": "🗑️ bulk_data: deleted 200 rows"
}
{
  "timestamp": "2026-07-24 12:31:37",
  "level": "ERROR",
  "message": "🗑️ bulk_data: deleted 200 rows"
}
{
  "timestamp": "2026-07-24 12:31:37",
  "level": "ERROR",
  "message": "🗑️ bulk_data: deleted 200 rows"
}
{
  "timestamp": "2026-07-24 12:31:37",
  "level": "ERROR",
  "message": "🗑️ bulk_data: deleted 200 rows"
}
{
  "timestamp": "2026-07-24 12:31:38",
  "level": "ERROR",
  "message": "🗑️ bulk_data: deleted 200 rows"
}
{
  "timestamp": "2026-07-24 12:31:38",
  "level": "ERROR",
  "message": "🗑️ bulk_data: deleted 200 rows"
}
{
  "timestamp": "2026-07-24 12:31:38",
  "level": "ERROR",
  "message": "🗑️ bulk_data: deleted 200 rows"
}
{
  "timestamp": "2026-07-24 12:31:39",
  "level": "ERROR",
  "message": "🗑️ bulk_data: deleted 200 rows"
}
{
  "timestamp": "2026-07-24 12:31:39",
  "level": "ERROR",
  "message": "🗑️ bulk_data: deleted 200 rows"
}
{
  "timestamp": "2026-07-24 12:31:39",
  "level": "ERROR",
  "message": "🗑️ bulk_data: deleted 200 rows"
}
{
  "timestamp": "2026-07-24 12:31:39",
  "level": "ERROR",
  "message": "🗑️ bulk_data: deleted 200 rows"
}
{
  "timestamp": "2026-07-24 12:31:40",
  "level": "ERROR",
  "message": "🗑️ bulk_data: deleted 200 rows"
}
{
  "timestamp": "2026-07-24 12:31:40",
  "level": "ERROR",
  "message": "🗑️ bulk_data: deleted 200 rows"
}
{
  "timestamp": "2026-07-24 12:31:40",
  "level": "ERROR",
  "message": "🗑️ bulk_data: deleted 200 rows"
}
{
  "timestamp": "2026-07-24 12:31:40",
  "level": "ERROR",
  "message": "🗑️ bulk_data: deleted 200 rows"
}
{
  "timestamp": "2026-07-24 12:31:41",
  "level": "ERROR",
  "message": "🗑️ bulk_data: deleted 200 rows"
}
{
  "timestamp": "2026-07-24 12:31:41",
  "level": "ERROR",
  "message": "🗑️ bulk_data: deleted 200 rows"
}
{
  "timestamp": "2026-07-24 12:31:41",
  "level": "ERROR",
  "message": "🗑️ bulk_data: deleted 200 rows"
}
{
  "timestamp": "2026-07-24 12:31:41",
  "level": "ERROR",
  "message": "🗑️ bulk_data: deleted 200 rows"
}
{
  "timestamp": "2026-07-24 12:31:42",
  "level": "ERROR",
  "message": "🗑️ bulk_data: deleted 200 rows"
}
{
  "timestamp": "2026-07-24 12:31:42",
  "level": "ERROR",
  "message": "🗑️ bulk_data: deleted 200 rows"
}
{
  "timestamp": "2026-07-24 12:31:42",
  "level": "ERROR",
  "message": "🗑️ bulk_data: deleted 200 rows"
}
{
  "timestamp": "2026-07-24 12:31:42",
  "level": "ERROR",
  "message": "🗑️ bulk_data: deleted 200 rows"
}
{
  "timestamp": "2026-07-24 12:31:43",
  "level": "ERROR",
  "message": "🗑️ bulk_data: deleted 200 rows"
}
{
  "timestamp": "2026-07-24 12:31:43",
  "level": "ERROR",
  "message": "🗑️ bulk_data: deleted 200 rows"
}
{
  "timestamp": "2026-07-24 12:31:43",
  "level": "ERROR",
  "message": "🗑️ bulk_data: deleted 200 rows"
}
{
  "timestamp": "2026-07-24 12:31:44",
  "level": "ERROR",
  "message": "🗑️ bulk_data: deleted 200 rows"
}
{
  "timestamp": "2026-07-24 12:31:44",
  "level": "ERROR",
  "message": "🗑️ bulk_data: deleted 200 rows"
}
{
  "timestamp": "2026-07-24 12:31:44",
  "level": "ERROR",
  "message": "🗑️ bulk_data: deleted 200 rows"
}
{
  "timestamp": "2026-07-24 12:31:44",
  "level": "ERROR",
  "message": "🗑️ bulk_data: deleted 200 rows"
}
{
  "timestamp": "2026-07-24 12:31:45",
  "level": "ERROR",
  "message": "🗑️ bulk_data: deleted 200 rows"
}
{
  "timestamp": "2026-07-24 12:31:45",
  "level": "ERROR",
  "message": "🗑️ bulk_data: deleted 200 rows"
}
{
  "timestamp": "2026-07-24 12:31:45",
  "level": "ERROR",
  "message": "🗑️ bulk_data: deleted 200 rows"
}
{
  "timestamp": "2026-07-24 12:31:45",
  "level": "ERROR",
  "message": "🗑️ bulk_data: deleted 200 rows"
}
{
  "timestamp": "2026-07-24 12:31:46",
  "level": "ERROR",
  "message": "🗑️ bulk_data: deleted 200 rows"
}
{
  "timestamp": "2026-07-24 12:31:46",
  "level": "ERROR",
  "message": "🗑️ bulk_data: deleted 200 rows"
}
{
  "timestamp": "2026-07-24 12:31:46",
  "level": "ERROR",
  "message": "🗑️ bulk_data: deleted 200 rows"
}
{
  "timestamp": "2026-07-24 12:31:46",
  "level": "ERROR",
  "message": "🗑️ bulk_data: deleted 200 rows"
}
{
  "timestamp": "2026-07-24 12:31:47",
  "level": "ERROR",
  "message": "🗑️ bulk_data: deleted 200 rows"
}
{
  "timestamp": "2026-07-24 12:31:47",
  "level": "ERROR",
  "message": "🗑️ bulk_data: deleted 200 rows"
}
{
  "timestamp": "2026-07-24 12:31:47",
  "level": "ERROR",
  "message": "🗑️ bulk_data: deleted 200 rows"
}
{
  "timestamp": "2026-07-24 12:31:47",
  "level": "ERROR",
  "message": "🗑️ bulk_data: deleted 200 rows"
}
{
  "timestamp": "2026-07-24 12:31:48",
  "level": "ERROR",
  "message": "🗑️ bulk_data: deleted 200 rows"
}
{
  "timestamp": "2026-07-24 12:31:48",
  "level": "ERROR",
  "message": "🗑️ bulk_data: deleted 200 rows"
}
{
  "timestamp": "2026-07-24 12:31:48",
  "level": "ERROR",
  "message": "🗑️ bulk_data: deleted 200 rows"
}
{
  "timestamp": "2026-07-24 12:31:48",
  "level": "ERROR",
  "message": "🗑️ bulk_data: deleted 200 rows"
}
{
  "timestamp": "2026-07-24 12:31:49",
  "level": "ERROR",
  "message": "🗑️ bulk_data: deleted 200 rows"
}
{
  "timestamp": "2026-07-24 12:31:49",
  "level": "ERROR",
  "message": "🗑️ bulk_data: deleted 200 rows"
}
{
  "timestamp": "2026-07-24 12:31:49",
  "level": "ERROR",
  "message": "🗑️ bulk_data: deleted 200 rows"
}
{
  "timestamp": "2026-07-24 12:31:49",
  "level": "ERROR",
  "message": "🗑️ bulk_data: deleted 200 rows"
}
{
  "timestamp": "2026-07-24 12:31:50",
  "level": "ERROR",
  "message": "🗑️ bulk_data: deleted 200 rows"
}
{
  "timestamp": "2026-07-24 12:31:50",
  "level": "ERROR",
  "message": "🗑️ bulk_data: deleted 200 rows"
}
{
  "timestamp": "2026-07-24 12:31:50",
  "level": "ERROR",
  "message": "🗑️ bulk_data: deleted 200 rows"
}
{
  "timestamp": "2026-07-24 12:31:51",
  "level": "ERROR",
  "message": "🗑️ bulk_data: deleted 200 rows"
}
{
  "timestamp": "2026-07-24 12:31:51",
  "level": "ERROR",
  "message": "🗑️ bulk_data: deleted 200 rows"
}
{
  "timestamp": "2026-07-24 12:31:51",
  "level": "ERROR",
  "message": "🗑️ bulk_data: deleted 200 rows"
}
{
  "timestamp": "2026-07-24 12:31:51",
  "level": "ERROR",
  "message": "🗑️ bulk_data: deleted 200 rows"
}
{
  "timestamp": "2026-07-24 12:31:52",
  "level": "ERROR",
  "message": "🗑️ bulk_data: deleted 200 rows"
}
{
  "timestamp": "2026-07-24 12:31:52",
  "level": "ERROR",
  "message": "🗑️ bulk_data: deleted 200 rows"
}
{
  "timestamp": "2026-07-24 12:31:52",
  "level": "ERROR",
  "message": "🗑️ bulk_data: deleted 200 rows"
}
{
  "timestamp": "2026-07-24 12:31:52",
  "level": "ERROR",
  "message": "🗑️ bulk_data: deleted 200 rows"
}
{
  "timestamp": "2026-07-24 12:31:53",
  "level": "ERROR",
  "message": "🗑️ bulk_data: deleted 200 rows"
}
{
  "timestamp": "2026-07-24 12:31:53",
  "level": "ERROR",
  "message": "🗑️ bulk_data: deleted 200 rows"
}
{
  "timestamp": "2026-07-24 12:31:53",
  "level": "ERROR",
  "message": "🗑️ bulk_data: deleted 200 rows"
}
{
  "timestamp": "2026-07-24 12:31:53",
  "level": "ERROR",
  "message": "🗑️ bulk_data: deleted 200 rows"
}
{
  "timestamp": "2026-07-24 12:31:54",
  "level": "ERROR",
  "message": "🗑️ bulk_data: deleted 200 rows"
}
{
  "timestamp": "2026-07-24 12:31:54",
  "level": "ERROR",
  "message": "🗑️ bulk_data: deleted 200 rows"
}
{
  "timestamp": "2026-07-24 12:31:54",
  "level": "ERROR",
  "message": "🗑️ bulk_data: deleted 200 rows"
}
{
  "timestamp": "2026-07-24 12:31:54",
  "level": "ERROR",
  "message": "🗑️ bulk_data: deleted 200 rows"
}
{
  "timestamp": "2026-07-24 12:31:55",
  "level": "ERROR",
  "message": "🗑️ bulk_data: deleted 200 rows"
}
{
  "timestamp": "2026-07-24 12:31:55",
  "level": "ERROR",
  "message": "🗑️ bulk_data: deleted 200 rows"
}
{
  "timestamp": "2026-07-24 12:31:55",
  "level": "ERROR",
  "message": "🗑️ bulk_data: deleted 200 rows"
}
{
  "timestamp": "2026-07-24 12:31:55",
  "level": "ERROR",
  "message": "🗑️ bulk_data: deleted 200 rows"
}
{
  "timestamp": "2026-07-24 12:31:56",
  "level": "ERROR",
  "message": "🗑️ bulk_data: deleted 200 rows"
}
{
  "timestamp": "2026-07-24 12:31:56",
  "level": "ERROR",
  "message": "🗑️ bulk_data: deleted 200 rows"
}
{
  "timestamp": "2026-07-24 12:31:56",
  "level": "ERROR",
  "message": "🗑️ bulk_data: deleted 200 rows"
}
{
  "timestamp": "2026-07-24 12:31:56",
  "level": "ERROR",
  "message": "🗑️ bulk_data: deleted 200 rows"
}
{
  "timestamp": "2026-07-24 12:31:57",
  "level": "ERROR",
  "message": "🗑️ bulk_data: deleted 200 rows"
}
{
  "timestamp": "2026-07-24 12:31:57",
  "level": "ERROR",
  "message": "🗑️ bulk_data: deleted 200 rows"
}
{
  "timestamp": "2026-07-24 12:31:57",
  "level": "ERROR",
  "message": "🗑️ bulk_data: deleted 200 rows"
}
{
  "timestamp": "2026-07-24 12:31:57",
  "level": "ERROR",
  "message": "🗑️ bulk_data: deleted 200 rows"
}
{
  "timestamp": "2026-07-24 12:31:57",
  "level": "ERROR",
  "message": "🗑️ bulk_data: deleted 200 rows"
}
{
  "timestamp": "2026-07-24 12:31:58",
  "level": "ERROR",
  "message": "🗑️ bulk_data: deleted 200 rows"
}
{
  "timestamp": "2026-07-24 12:31:58",
  "level": "ERROR",
  "message": "🗑️ bulk_data: deleted 200 rows"
}
{
  "timestamp": "2026-07-24 12:31:58",
  "level": "ERROR",
  "message": "🗑️ bulk_data: deleted 200 rows"
}
{
  "timestamp": "2026-07-24 12:31:58",
  "level": "ERROR",
  "message": "🗑️ bulk_data: deleted 200 rows"
}
{
  "timestamp": "2026-07-24 12:31:59",
  "level": "ERROR",
  "message": "🗑️ bulk_data: deleted 47 rows"
}
{
  "timestamp": "2026-07-24 12:31:59",
  "level": "ERROR",
  "message": "🗑️ bag_closing: deleted 200 rows"
}
{
  "timestamp": "2026-07-24 12:31:59",
  "level": "ERROR",
  "message": "🗑️ bag_closing: deleted 3 rows"
}
{
  "timestamp": "2026-07-24 12:31:59",
  "level": "ERROR",
  "message": "🗑️ previous_bulk_data: deleted 200 rows"
}
{
  "timestamp": "2026-07-24 12:32:00",
  "level": "ERROR",
  "message": "Cleanup job scheduled",
  "time": "2026-07-24T07:02:00.033Z"
}
{
  "timestamp": "2026-07-24 12:32:00",
  "level": "ERROR",
  "message": "🗑️ previous_bulk_data: deleted 200 rows"
}
{
  "timestamp": "2026-07-24 12:32:00",
  "level": "ERROR",
  "message": "🗑️ previous_bulk_data: deleted 200 rows"
}
{
  "timestamp": "2026-07-24 12:32:00",
  "level": "ERROR",
  "message": "🗑️ previous_bulk_data: deleted 200 rows"
}
{
  "timestamp": "2026-07-24 12:32:00",
  "level": "ERROR",
  "message": "🗑️ previous_bulk_data: deleted 200 rows"
}
{
  "timestamp": "2026-07-24 12:32:00",
  "level": "ERROR",
  "message": "🗑️ previous_bulk_data: deleted 200 rows"
}
{
  "timestamp": "2026-07-24 12:32:01",
  "level": "ERROR",
  "message": "🗑️ previous_bulk_data: deleted 200 rows"
}
{
  "timestamp": "2026-07-24 12:32:01",
  "level": "ERROR",
  "message": "🗑️ previous_bulk_data: deleted 200 rows"
}
{
  "timestamp": "2026-07-24 12:32:01",
  "level": "ERROR",
  "message": "🗑️ previous_bulk_data: deleted 200 rows"
}
{
  "timestamp": "2026-07-24 12:32:01",
  "level": "ERROR",
  "message": "🗑️ previous_bulk_data: deleted 200 rows"
}
{
  "timestamp": "2026-07-24 12:32:02",
  "level": "ERROR",
  "message": "🗑️ previous_bulk_data: deleted 200 rows"
}
{
  "timestamp": "2026-07-24 12:32:02",
  "level": "ERROR",
  "message": "🗑️ previous_bulk_data: deleted 200 rows"
}
{
  "timestamp": "2026-07-24 12:32:02",
  "level": "ERROR",
  "message": "🗑️ previous_bulk_data: deleted 200 rows"
}
{
  "timestamp": "2026-07-24 12:32:02",
  "level": "ERROR",
  "message": "🗑️ previous_bulk_data: deleted 200 rows"
}
{
  "timestamp": "2026-07-24 12:32:05",
  "level": "ERROR",
  "message": "✅ Cleanup Worker Connected To PostgreSQL"
}
{
  "timestamp": "2026-07-24 12:32:05",
  "level": "ERROR",
  "message": "✅ Cleanup Worker Started Successfully\""
}
{
  "timestamp": "2026-07-24 12:32:05",
  "level": "ERROR",
  "message": "✅ Cleanup BullMQ Worker Ready"
}
{
  "timestamp": "2026-07-24 12:32:05",
  "level": "ERROR",
  "message": "🗑️ bulk_data: deleted 16 rows"
}
{
  "timestamp": "2026-07-24 12:32:05",
  "level": "ERROR",
  "message": "🗑️ previous_bulk_data: deleted 200 rows"
}
{
  "timestamp": "2026-07-24 12:32:06",
  "level": "ERROR",
  "message": "🗑️ previous_bulk_data: deleted 200 rows"
}
{
  "timestamp": "2026-07-24 12:32:06",
  "level": "ERROR",
  "message": "🗑️ previous_bulk_data: deleted 200 rows"
}
{
  "timestamp": "2026-07-24 12:32:06",
  "level": "ERROR",
  "message": "🗑️ previous_bulk_data: deleted 200 rows"
}
{
  "timestamp": "2026-07-24 12:32:06",
  "level": "ERROR",
  "message": "🗑️ previous_bulk_data: deleted 200 rows"
}
{
  "timestamp": "2026-07-24 12:32:07",
  "level": "ERROR",
  "message": "🗑️ previous_bulk_data: deleted 200 rows"
}
{
  "timestamp": "2026-07-24 12:32:07",
  "level": "ERROR",
  "message": "🗑️ previous_bulk_data: deleted 200 rows"
}
{
  "timestamp": "2026-07-24 12:32:07",
  "level": "ERROR",
  "message": "🗑️ previous_bulk_data: deleted 200 rows"
}
{
  "timestamp": "2026-07-24 12:32:07",
  "level": "ERROR",
  "message": "🗑️ previous_bulk_data: deleted 200 rows"
}
{
  "timestamp": "2026-07-24 12:32:07",
  "level": "ERROR",
  "message": "🗑️ previous_bulk_data: deleted 200 rows"
}
{
  "timestamp": "2026-07-24 12:32:08",
  "level": "ERROR",
  "message": "🗑️ previous_bulk_data: deleted 200 rows"
}
{
  "timestamp": "2026-07-24 12:32:08",
  "level": "ERROR",
  "message": "🗑️ previous_bulk_data: deleted 200 rows"
}
{
  "timestamp": "2026-07-24 12:32:08",
  "level": "ERROR",
  "message": "🗑️ previous_bulk_data: deleted 200 rows"
}
{
  "timestamp": "2026-07-24 12:32:08",
  "level": "ERROR",
  "message": "🗑️ previous_bulk_data: deleted 200 rows"
}
{
  "timestamp": "2026-07-24 12:32:09",
  "level": "ERROR",
  "message": "🗑️ previous_bulk_data: deleted 200 rows"
}
{
  "timestamp": "2026-07-24 12:32:09",
  "level": "ERROR",
  "message": "🗑️ previous_bulk_data: deleted 200 rows"
}
{
  "timestamp": "2026-07-24 12:32:09",
  "level": "ERROR",
  "message": "🗑️ previous_bulk_data: deleted 200 rows"
}
{
  "timestamp": "2026-07-24 12:32:09",
  "level": "ERROR",
  "message": "🗑️ previous_bulk_data: deleted 200 rows"
}
{
  "timestamp": "2026-07-24 12:32:09",
  "level": "ERROR",
  "message": "🗑️ previous_bulk_data: deleted 200 rows"
}
{
  "timestamp": "2026-07-24 12:32:10",
  "level": "ERROR",
  "message": "🗑️ previous_bulk_data: deleted 200 rows"
}
{
  "timestamp": "2026-07-24 12:32:10",
  "level": "ERROR",
  "message": "🗑️ previous_bulk_data: deleted 200 rows"
}
{
  "timestamp": "2026-07-24 12:32:10",
  "level": "ERROR",
  "message": "🗑️ previous_bulk_data: deleted 200 rows"
}
{
  "timestamp": "2026-07-24 12:32:10",
  "level": "ERROR",
  "message": "🗑️ previous_bulk_data: deleted 200 rows"
}
{
  "timestamp": "2026-07-24 12:32:11",
  "level": "ERROR",
  "message": "🗑️ previous_bulk_data: deleted 200 rows"
}
{
  "timestamp": "2026-07-24 12:32:11",
  "level": "ERROR",
  "message": "🗑️ previous_bulk_data: deleted 200 rows"
}
{
  "timestamp": "2026-07-24 12:32:11",
  "level": "ERROR",
  "message": "🗑️ previous_bulk_data: deleted 200 rows"
}
{
  "timestamp": "2026-07-24 12:32:11",
  "level": "ERROR",
  "message": "🗑️ previous_bulk_data: deleted 200 rows"
}
{
  "timestamp": "2026-07-24 12:32:11",
  "level": "ERROR",
  "message": "🗑️ previous_bulk_data: deleted 200 rows"
}
{
  "timestamp": "2026-07-24 12:32:12",
  "level": "ERROR",
  "message": "🗑️ previous_bulk_data: deleted 200 rows"
}
{
  "timestamp": "2026-07-24 12:32:12",
  "level": "ERROR",
  "message": "🗑️ previous_bulk_data: deleted 200 rows"
}
{
  "timestamp": "2026-07-24 12:32:12",
  "level": "ERROR",
  "message": "🗑️ previous_bulk_data: deleted 200 rows"
}
{
  "timestamp": "2026-07-24 12:32:12",
  "level": "ERROR",
  "message": "🗑️ previous_bulk_data: deleted 200 rows"
}
{
  "timestamp": "2026-07-24 12:32:12",
  "level": "ERROR",
  "message": "🗑️ previous_bulk_data: deleted 200 rows"
}
{
  "timestamp": "2026-07-24 12:32:13",
  "level": "ERROR",
  "message": "🗑️ previous_bulk_data: deleted 200 rows"
}
{
  "timestamp": "2026-07-24 12:32:13",
  "level": "ERROR",
  "message": "🗑️ previous_bulk_data: deleted 200 rows"
}
{
  "timestamp": "2026-07-24 12:32:13",
  "level": "ERROR",
  "message": "🗑️ previous_bulk_data: deleted 200 rows"
}
{
  "timestamp": "2026-07-24 12:32:13",
  "level": "ERROR",
  "message": "🗑️ previous_bulk_data: deleted 200 rows"
}
{
  "timestamp": "2026-07-24 12:32:14",
  "level": "ERROR",
  "message": "🗑️ previous_bulk_data: deleted 200 rows"
}
{
  "timestamp": "2026-07-24 12:32:14",
  "level": "ERROR",
  "message": "🗑️ previous_bulk_data: deleted 200 rows"
}
{
  "timestamp": "2026-07-24 12:32:14",
  "level": "ERROR",
  "message": "🗑️ previous_bulk_data: deleted 200 rows"
}
{
  "timestamp": "2026-07-24 12:32:14",
  "level": "ERROR",
  "message": "🗑️ previous_bulk_data: deleted 200 rows"
}
{
  "timestamp": "2026-07-24 12:32:14",
  "level": "ERROR",
  "message": "🗑️ previous_bulk_data: deleted 200 rows"
}
{
  "timestamp": "2026-07-24 12:32:15",
  "level": "ERROR",
  "message": "🗑️ previous_bulk_data: deleted 200 rows"
}
{
  "timestamp": "2026-07-24 12:32:15",
  "level": "ERROR",
  "message": "🗑️ previous_bulk_data: deleted 200 rows"
}
{
  "timestamp": "2026-07-24 12:32:15",
  "level": "ERROR",
  "message": "🗑️ previous_bulk_data: deleted 200 rows"
}
{
  "timestamp": "2026-07-24 12:32:15",
  "level": "ERROR",
  "message": "🗑️ previous_bulk_data: deleted 200 rows"
}
{
  "timestamp": "2026-07-24 12:32:16",
  "level": "ERROR",
  "message": "🗑️ previous_bulk_data: deleted 200 rows"
}
{
  "timestamp": "2026-07-24 12:32:16",
  "level": "ERROR",
  "message": "🗑️ previous_bulk_data: deleted 200 rows"
}
{
  "timestamp": "2026-07-24 12:32:16",
  "level": "ERROR",
  "message": "🗑️ previous_bulk_data: deleted 200 rows"
}
{
  "timestamp": "2026-07-24 12:32:16",
  "level": "ERROR",
  "message": "🗑️ previous_bulk_data: deleted 200 rows"
}
{
  "timestamp": "2026-07-24 12:32:16",
  "level": "ERROR",
  "message": "🗑️ previous_bulk_data: deleted 200 rows"
}
{
  "timestamp": "2026-07-24 12:32:17",
  "level": "ERROR",
  "message": "🗑️ previous_bulk_data: deleted 200 rows"
}
{
  "timestamp": "2026-07-24 12:32:17",
  "level": "ERROR",
  "message": "🗑️ previous_bulk_data: deleted 200 rows"
}
{
  "timestamp": "2026-07-24 12:32:17",
  "level": "ERROR",
  "message": "🗑️ previous_bulk_data: deleted 200 rows"
}
{
  "timestamp": "2026-07-24 12:32:17",
  "level": "ERROR",
  "message": "🗑️ previous_bulk_data: deleted 200 rows"
}
{
  "timestamp": "2026-07-24 12:32:18",
  "level": "ERROR",
  "message": "🗑️ previous_bulk_data: deleted 200 rows"
}
{
  "timestamp": "2026-07-24 12:32:18",
  "level": "ERROR",
  "message": "🗑️ previous_bulk_data: deleted 200 rows"
}
{
  "timestamp": "2026-07-24 12:32:18",
  "level": "ERROR",
  "message": "🗑️ previous_bulk_data: deleted 200 rows"
}
{
  "timestamp": "2026-07-24 12:32:18",
  "level": "ERROR",
  "message": "🗑️ previous_bulk_data: deleted 200 rows"
}
{
  "timestamp": "2026-07-24 12:32:18",
  "level": "ERROR",
  "message": "🗑️ previous_bulk_data: deleted 200 rows"
}
{
  "timestamp": "2026-07-24 12:32:19",
  "level": "ERROR",
  "message": "🗑️ previous_bulk_data: deleted 200 rows"
}
{
  "timestamp": "2026-07-24 12:32:19",
  "level": "ERROR",
  "message": "🗑️ previous_bulk_data: deleted 200 rows"
}
{
  "timestamp": "2026-07-24 12:32:19",
  "level": "ERROR",
  "message": "🗑️ previous_bulk_data: deleted 200 rows"
}
{
  "timestamp": "2026-07-24 12:32:19",
  "level": "ERROR",
  "message": "🗑️ previous_bulk_data: deleted 200 rows"
}
{
  "timestamp": "2026-07-24 12:32:20",
  "level": "ERROR",
  "message": "🗑️ previous_bulk_data: deleted 200 rows"
}
{
  "timestamp": "2026-07-24 12:32:20",
  "level": "ERROR",
  "message": "🗑️ previous_bulk_data: deleted 200 rows"
}
{
  "timestamp": "2026-07-24 12:32:20",
  "level": "ERROR",
  "message": "🗑️ previous_bulk_data: deleted 200 rows"
}
{
  "timestamp": "2026-07-24 12:32:20",
  "level": "ERROR",
  "message": "🗑️ previous_bulk_data: deleted 200 rows"
}
{
  "timestamp": "2026-07-24 12:32:20",
  "level": "ERROR",
  "message": "🗑️ previous_bulk_data: deleted 200 rows"
}
{
  "timestamp": "2026-07-24 12:32:21",
  "level": "ERROR",
  "message": "🗑️ previous_bulk_data: deleted 200 rows"
}
{
  "timestamp": "2026-07-24 12:32:21",
  "level": "ERROR",
  "message": "🗑️ previous_bulk_data: deleted 200 rows"
}
{
  "timestamp": "2026-07-24 12:32:21",
  "level": "ERROR",
  "message": "🗑️ previous_bulk_data: deleted 200 rows"
}
{
  "timestamp": "2026-07-24 12:32:21",
  "level": "ERROR",
  "message": "🗑️ previous_bulk_data: deleted 200 rows"
}
{
  "timestamp": "2026-07-24 12:32:21",
  "level": "ERROR",
  "message": "🗑️ previous_bulk_data: deleted 200 rows"
}
{
  "timestamp": "2026-07-24 12:32:22",
  "level": "ERROR",
  "message": "🗑️ previous_bulk_data: deleted 200 rows"
}
{
  "timestamp": "2026-07-24 12:32:22",
  "level": "ERROR",
  "message": "🗑️ previous_bulk_data: deleted 200 rows"
}
{
  "timestamp": "2026-07-24 12:32:22",
  "level": "ERROR",
  "message": "🗑️ previous_bulk_data: deleted 200 rows"
}
{
  "timestamp": "2026-07-24 12:32:22",
  "level": "ERROR",
  "message": "🗑️ previous_bulk_data: deleted 200 rows"
}
{
  "timestamp": "2026-07-24 12:32:23",
  "level": "ERROR",
  "message": "🗑️ previous_bulk_data: deleted 200 rows"
}
{
  "timestamp": "2026-07-24 12:32:23",
  "level": "ERROR",
  "message": "🗑️ previous_bulk_data: deleted 200 rows"
}
{
  "timestamp": "2026-07-24 12:32:23",
  "level": "ERROR",
  "message": "🗑️ previous_bulk_data: deleted 200 rows"
}
{
  "timestamp": "2026-07-24 12:32:23",
  "level": "ERROR",
  "message": "🗑️ previous_bulk_data: deleted 200 rows"
}
{
  "timestamp": "2026-07-24 12:32:23",
  "level": "ERROR",
  "message": "🗑️ previous_bulk_data: deleted 200 rows"
}
{
  "timestamp": "2026-07-24 12:32:24",
  "level": "ERROR",
  "message": "🗑️ previous_bulk_data: deleted 200 rows"
}
{
  "timestamp": "2026-07-24 12:32:24",
  "level": "ERROR",
  "message": "🗑️ previous_bulk_data: deleted 200 rows"
}
{
  "timestamp": "2026-07-24 12:32:24",
  "level": "ERROR",
  "message": "🗑️ previous_bulk_data: deleted 200 rows"
}
{
  "timestamp": "2026-07-24 12:32:24",
  "level": "ERROR",
  "message": "🗑️ previous_bulk_data: deleted 200 rows"
}
{
  "timestamp": "2026-07-24 12:32:25",
  "level": "ERROR",
  "message": "🗑️ previous_bulk_data: deleted 200 rows"
}
{
  "timestamp": "2026-07-24 12:32:25",
  "level": "ERROR",
  "message": "🗑️ previous_bulk_data: deleted 200 rows"
}
{
  "timestamp": "2026-07-24 12:32:25",
  "level": "ERROR",
  "message": "🗑️ previous_bulk_data: deleted 200 rows"
}
{
  "timestamp": "2026-07-24 12:32:25",
  "level": "ERROR",
  "message": "🗑️ previous_bulk_data: deleted 200 rows"
}
{
  "timestamp": "2026-07-24 12:32:25",
  "level": "ERROR",
  "message": "🗑️ previous_bulk_data: deleted 200 rows"
}
{
  "timestamp": "2026-07-24 12:32:26",
  "level": "ERROR",
  "message": "🗑️ previous_bulk_data: deleted 200 rows"
}
{
  "timestamp": "2026-07-24 12:32:26",
  "level": "ERROR",
  "message": "🗑️ previous_bulk_data: deleted 200 rows"
}
{
  "timestamp": "2026-07-24 12:32:26",
  "level": "ERROR",
  "message": "🗑️ previous_bulk_data: deleted 200 rows"
}
{
  "timestamp": "2026-07-24 12:32:26",
  "level": "ERROR",
  "message": "🗑️ previous_bulk_data: deleted 200 rows"
}
{
  "timestamp": "2026-07-24 12:32:26",
  "level": "ERROR",
  "message": "🗑️ previous_bulk_data: deleted 200 rows"
}
{
  "timestamp": "2026-07-24 12:32:27",
  "level": "ERROR",
  "message": "🗑️ previous_bulk_data: deleted 200 rows"
}
{
  "timestamp": "2026-07-24 12:32:27",
  "level": "ERROR",
  "message": "🗑️ previous_bulk_data: deleted 200 rows"
}
{
  "timestamp": "2026-07-24 12:32:27",
  "level": "ERROR",
  "message": "🗑️ previous_bulk_data: deleted 200 rows"
}
{
  "timestamp": "2026-07-24 12:32:27",
  "level": "ERROR",
  "message": "🗑️ previous_bulk_data: deleted 200 rows"
}
{
  "timestamp": "2026-07-24 12:32:28",
  "level": "ERROR",
  "message": "🗑️ previous_bulk_data: deleted 200 rows"
}
{
  "timestamp": "2026-07-24 12:32:28",
  "level": "ERROR",
  "message": "🗑️ previous_bulk_data: deleted 200 rows"
}
{
  "timestamp": "2026-07-24 12:32:28",
  "level": "ERROR",
  "message": "🗑️ previous_bulk_data: deleted 200 rows"
}
{
  "timestamp": "2026-07-24 12:32:28",
  "level": "ERROR",
  "message": "🗑️ previous_bulk_data: deleted 200 rows"
}
{
  "timestamp": "2026-07-24 12:32:28",
  "level": "ERROR",
  "message": "🗑️ previous_bulk_data: deleted 200 rows"
}
{
  "timestamp": "2026-07-24 12:32:29",
  "level": "ERROR",
  "message": "🗑️ previous_bulk_data: deleted 200 rows"
}
{
  "timestamp": "2026-07-24 12:32:29",
  "level": "ERROR",
  "message": "🗑️ previous_bulk_data: deleted 200 rows"
}
{
  "timestamp": "2026-07-24 12:32:29",
  "level": "ERROR",
  "message": "🗑️ previous_bulk_data: deleted 200 rows"
}
{
  "timestamp": "2026-07-24 12:32:29",
  "level": "ERROR",
  "message": "🗑️ previous_bulk_data: deleted 200 rows"
}
{
  "timestamp": "2026-07-24 12:32:30",
  "level": "ERROR",
  "message": "🗑️ previous_bulk_data: deleted 200 rows"
}
{
  "timestamp": "2026-07-24 12:32:30",
  "level": "ERROR",
  "message": "🗑️ previous_bulk_data: deleted 200 rows"
}
{
  "timestamp": "2026-07-24 12:32:30",
  "level": "ERROR",
  "message": "🗑️ previous_bulk_data: deleted 200 rows"
}
{
  "timestamp": "2026-07-24 12:32:30",
  "level": "ERROR",
  "message": "🗑️ previous_bulk_data: deleted 200 rows"
}
{
  "timestamp": "2026-07-24 12:32:30",
  "level": "ERROR",
  "message": "🗑️ previous_bulk_data: deleted 200 rows"
}
{
  "timestamp": "2026-07-24 12:32:31",
  "level": "ERROR",
  "message": "🗑️ previous_bulk_data: deleted 200 rows"
}
{
  "timestamp": "2026-07-24 12:32:31",
  "level": "ERROR",
  "message": "🗑️ previous_bulk_data: deleted 200 rows"
}
{
  "timestamp": "2026-07-24 12:32:31",
  "level": "ERROR",
  "message": "🗑️ previous_bulk_data: deleted 200 rows"
}
{
  "timestamp": "2026-07-24 12:32:31",
  "level": "ERROR",
  "message": "🗑️ previous_bulk_data: deleted 200 rows"
}
{
  "timestamp": "2026-07-24 12:32:31",
  "level": "ERROR",
  "message": "🗑️ previous_bulk_data: deleted 200 rows"
}
{
  "timestamp": "2026-07-24 12:32:32",
  "level": "ERROR",
  "message": "🗑️ previous_bulk_data: deleted 200 rows"
}
{
  "timestamp": "2026-07-24 12:32:32",
  "level": "ERROR",
  "message": "🗑️ previous_bulk_data: deleted 200 rows"
}
{
  "timestamp": "2026-07-24 12:32:32",
  "level": "ERROR",
  "message": "🗑️ previous_bulk_data: deleted 200 rows"
}
{
  "timestamp": "2026-07-24 12:32:32",
  "level": "ERROR",
  "message": "🗑️ previous_bulk_data: deleted 200 rows"
}
{
  "timestamp": "2026-07-24 12:32:33",
  "level": "ERROR",
  "message": "🗑️ previous_bulk_data: deleted 200 rows"
}
{
  "timestamp": "2026-07-24 12:32:33",
  "level": "ERROR",
  "message": "🗑️ previous_bulk_data: deleted 200 rows"
}
{
  "timestamp": "2026-07-24 12:32:33",
  "level": "ERROR",
  "message": "🗑️ previous_bulk_data: deleted 200 rows"
}
{
  "timestamp": "2026-07-24 12:32:33",
  "level": "ERROR",
  "message": "🗑️ previous_bulk_data: deleted 200 rows"
}
{
  "timestamp": "2026-07-24 12:32:33",
  "level": "ERROR",
  "message": "🗑️ previous_bulk_data: deleted 200 rows"
}
{
  "timestamp": "2026-07-24 12:32:34",
  "level": "ERROR",
  "message": "🗑️ previous_bulk_data: deleted 200 rows"
}
{
  "timestamp": "2026-07-24 12:32:34",
  "level": "ERROR",
  "message": "🗑️ previous_bulk_data: deleted 200 rows"
}
{
  "timestamp": "2026-07-24 12:32:34",
  "level": "ERROR",
  "message": "🗑️ previous_bulk_data: deleted 200 rows"
}
{
  "timestamp": "2026-07-24 12:32:34",
  "level": "ERROR",
  "message": "🗑️ previous_bulk_data: deleted 200 rows"
}
{
  "timestamp": "2026-07-24 12:32:35",
  "level": "ERROR",
  "message": "🗑️ previous_bulk_data: deleted 200 rows"
}
{
  "timestamp": "2026-07-24 12:32:35",
  "level": "ERROR",
  "message": "🗑️ previous_bulk_data: deleted 200 rows"
}
{
  "timestamp": "2026-07-24 12:32:35",
  "level": "ERROR",
  "message": "🗑️ previous_bulk_data: deleted 200 rows"
}
{
  "timestamp": "2026-07-24 12:32:35",
  "level": "ERROR",
  "message": "🗑️ previous_bulk_data: deleted 200 rows"
}
{
  "timestamp": "2026-07-24 12:32:35",
  "level": "ERROR",
  "message": "🗑️ previous_bulk_data: deleted 200 rows"
}
{
  "timestamp": "2026-07-24 12:32:36",
  "level": "ERROR",
  "message": "🗑️ previous_bulk_data: deleted 200 rows"
}
{
  "timestamp": "2026-07-24 12:32:36",
  "level": "ERROR",
  "message": "🗑️ previous_bulk_data: deleted 200 rows"
}
{
  "timestamp": "2026-07-24 12:32:36",
  "level": "ERROR",
  "message": "🗑️ previous_bulk_data: deleted 200 rows"
}
{
  "timestamp": "2026-07-24 12:32:36",
  "level": "ERROR",
  "message": "🗑️ previous_bulk_data: deleted 200 rows"
}
{
  "timestamp": "2026-07-24 12:32:37",
  "level": "ERROR",
  "message": "🗑️ previous_bulk_data: deleted 200 rows"
}
{
  "timestamp": "2026-07-24 12:32:37",
  "level": "ERROR",
  "message": "🗑️ previous_bulk_data: deleted 200 rows"
}
{
  "timestamp": "2026-07-24 12:32:37",
  "level": "ERROR",
  "message": "🗑️ previous_bulk_data: deleted 200 rows"
}
{
  "timestamp": "2026-07-24 12:32:37",
  "level": "ERROR",
  "message": "🗑️ previous_bulk_data: deleted 200 rows"
}
{
  "timestamp": "2026-07-24 12:32:37",
  "level": "ERROR",
  "message": "🗑️ previous_bulk_data: deleted 200 rows"
}
{
  "timestamp": "2026-07-24 12:32:38",
  "level": "ERROR",
  "message": "🗑️ previous_bulk_data: deleted 200 rows"
}
{
  "timestamp": "2026-07-24 12:32:38",
  "level": "ERROR",
  "message": "🗑️ previous_bulk_data: deleted 200 rows"
}
{
  "timestamp": "2026-07-24 12:32:38",
  "level": "ERROR",
  "message": "🗑️ previous_bulk_data: deleted 200 rows"
}
{
  "timestamp": "2026-07-24 12:32:38",
  "level": "ERROR",
  "message": "🗑️ previous_bulk_data: deleted 200 rows"
}
{
  "timestamp": "2026-07-24 12:32:38",
  "level": "ERROR",
  "message": "🗑️ previous_bulk_data: deleted 200 rows"
}
{
  "timestamp": "2026-07-24 12:32:39",
  "level": "ERROR",
  "message": "🗑️ previous_bulk_data: deleted 200 rows"
}
{
  "timestamp": "2026-07-24 12:32:39",
  "level": "ERROR",
  "message": "🗑️ previous_bulk_data: deleted 200 rows"
}
{
  "timestamp": "2026-07-24 12:32:39",
  "level": "ERROR",
  "message": "🗑️ previous_bulk_data: deleted 200 rows"
}
{
  "timestamp": "2026-07-24 12:32:39",
  "level": "ERROR",
  "message": "🗑️ previous_bulk_data: deleted 200 rows"
}
{
  "timestamp": "2026-07-24 12:32:40",
  "level": "ERROR",
  "message": "🗑️ previous_bulk_data: deleted 200 rows"
}
{
  "timestamp": "2026-07-24 12:32:40",
  "level": "ERROR",
  "message": "🗑️ previous_bulk_data: deleted 200 rows"
}
{
  "timestamp": "2026-07-24 12:32:40",
  "level": "ERROR",
  "message": "🗑️ previous_bulk_data: deleted 200 rows"
}
{
  "timestamp": "2026-07-24 12:32:40",
  "level": "ERROR",
  "message": "🗑️ previous_bulk_data: deleted 200 rows"
}
{
  "timestamp": "2026-07-24 12:32:40",
  "level": "ERROR",
  "message": "🗑️ previous_bulk_data: deleted 200 rows"
}
{
  "timestamp": "2026-07-24 12:32:41",
  "level": "ERROR",
  "message": "🗑️ previous_bulk_data: deleted 200 rows"
}
{
  "timestamp": "2026-07-24 12:32:41",
  "level": "ERROR",
  "message": "🗑️ previous_bulk_data: deleted 200 rows"
}
{
  "timestamp": "2026-07-24 12:32:41",
  "level": "ERROR",
  "message": "🗑️ previous_bulk_data: deleted 200 rows"
}
{
  "timestamp": "2026-07-24 12:32:41",
  "level": "ERROR",
  "message": "🗑️ previous_bulk_data: deleted 200 rows"
}
{
  "timestamp": "2026-07-24 12:32:42",
  "level": "ERROR",
  "message": "🗑️ previous_bulk_data: deleted 200 rows"
}
{
  "timestamp": "2026-07-24 12:32:42",
  "level": "ERROR",
  "message": "🗑️ previous_bulk_data: deleted 200 rows"
}
{
  "timestamp": "2026-07-24 12:32:42",
  "level": "ERROR",
  "message": "🗑️ previous_bulk_data: deleted 200 rows"
}
{
  "timestamp": "2026-07-24 12:32:42",
  "level": "ERROR",
  "message": "🗑️ previous_bulk_data: deleted 200 rows"
}
{
  "timestamp": "2026-07-24 12:32:42",
  "level": "ERROR",
  "message": "🗑️ previous_bulk_data: deleted 200 rows"
}
{
  "timestamp": "2026-07-24 12:32:43",
  "level": "ERROR",
  "message": "🗑️ previous_bulk_data: deleted 200 rows"
}
{
  "timestamp": "2026-07-24 12:32:43",
  "level": "ERROR",
  "message": "🗑️ previous_bulk_data: deleted 200 rows"
}
{
  "timestamp": "2026-07-24 12:32:43",
  "level": "ERROR",
  "message": "🗑️ previous_bulk_data: deleted 200 rows"
}
{
  "timestamp": "2026-07-24 12:32:43",
  "level": "ERROR",
  "message": "🗑️ previous_bulk_data: deleted 200 rows"
}
{
  "timestamp": "2026-07-24 12:32:43",
  "level": "ERROR",
  "message": "🗑️ previous_bulk_data: deleted 200 rows"
}
{
  "timestamp": "2026-07-24 12:32:44",
  "level": "ERROR",
  "message": "🗑️ previous_bulk_data: deleted 200 rows"
}
{
  "timestamp": "2026-07-24 12:32:44",
  "level": "ERROR",
  "message": "🗑️ previous_bulk_data: deleted 200 rows"
}
{
  "timestamp": "2026-07-24 12:32:44",
  "level": "ERROR",
  "message": "🗑️ previous_bulk_data: deleted 200 rows"
}
{
  "timestamp": "2026-07-24 12:32:44",
  "level": "ERROR",
  "message": "🗑️ previous_bulk_data: deleted 200 rows"
}
{
  "timestamp": "2026-07-24 12:32:45",
  "level": "ERROR",
  "message": "🗑️ previous_bulk_data: deleted 200 rows"
}
{
  "timestamp": "2026-07-24 12:32:45",
  "level": "ERROR",
  "message": "🗑️ previous_bulk_data: deleted 200 rows"
}
{
  "timestamp": "2026-07-24 12:32:45",
  "level": "ERROR",
  "message": "🗑️ previous_bulk_data: deleted 200 rows"
}
{
  "timestamp": "2026-07-24 12:32:45",
  "level": "ERROR",
  "message": "🗑️ previous_bulk_data: deleted 200 rows"
}
{
  "timestamp": "2026-07-24 12:32:45",
  "level": "ERROR",
  "message": "🗑️ previous_bulk_data: deleted 200 rows"
}
{
  "timestamp": "2026-07-24 12:32:46",
  "level": "ERROR",
  "message": "🗑️ previous_bulk_data: deleted 200 rows"
}
{
  "timestamp": "2026-07-24 12:32:46",
  "level": "ERROR",
  "message": "🗑️ previous_bulk_data: deleted 200 rows"
}
{
  "timestamp": "2026-07-24 12:32:46",
  "level": "ERROR",
  "message": "🗑️ previous_bulk_data: deleted 200 rows"
}
{
  "timestamp": "2026-07-24 12:32:46",
  "level": "ERROR",
  "message": "🗑️ previous_bulk_data: deleted 200 rows"
}
{
  "timestamp": "2026-07-24 12:32:46",
  "level": "ERROR",
  "message": "🗑️ previous_bulk_data: deleted 200 rows"
}
{
  "timestamp": "2026-07-24 12:32:47",
  "level": "ERROR",
  "message": "🗑️ previous_bulk_data: deleted 200 rows"
}
{
  "timestamp": "2026-07-24 12:32:47",
  "level": "ERROR",
  "message": "🗑️ previous_bulk_data: deleted 200 rows"
}
{
  "timestamp": "2026-07-24 12:32:47",
  "level": "ERROR",
  "message": "🗑️ previous_bulk_data: deleted 200 rows"
}
{
  "timestamp": "2026-07-24 12:32:47",
  "level": "ERROR",
  "message": "🗑️ previous_bulk_data: deleted 200 rows"
}
{
  "timestamp": "2026-07-24 12:32:48",
  "level": "ERROR",
  "message": "🗑️ previous_bulk_data: deleted 200 rows"
}
{
  "timestamp": "2026-07-24 12:32:48",
  "level": "ERROR",
  "message": "🗑️ previous_bulk_data: deleted 200 rows"
}
{
  "timestamp": "2026-07-24 12:32:48",
  "level": "ERROR",
  "message": "🗑️ previous_bulk_data: deleted 200 rows"
}
{
  "timestamp": "2026-07-24 12:32:48",
  "level": "ERROR",
  "message": "🗑️ previous_bulk_data: deleted 200 rows"
}
{
  "timestamp": "2026-07-24 12:32:48",
  "level": "ERROR",
  "message": "🗑️ previous_bulk_data: deleted 200 rows"
}
{
  "timestamp": "2026-07-24 12:32:49",
  "level": "ERROR",
  "message": "🗑️ previous_bulk_data: deleted 200 rows"
}
{
  "timestamp": "2026-07-24 12:32:49",
  "level": "ERROR",
  "message": "🗑️ previous_bulk_data: deleted 200 rows"
}
{
  "timestamp": "2026-07-24 12:32:49",
  "level": "ERROR",
  "message": "🗑️ previous_bulk_data: deleted 200 rows"
}
{
  "timestamp": "2026-07-24 12:32:49",
  "level": "ERROR",
  "message": "🗑️ previous_bulk_data: deleted 200 rows"
}
{
  "timestamp": "2026-07-24 12:32:50",
  "level": "ERROR",
  "message": "🗑️ previous_bulk_data: deleted 200 rows"
}
{
  "timestamp": "2026-07-24 12:32:50",
  "level": "ERROR",
  "message": "🗑️ previous_bulk_data: deleted 200 rows"
}
{
  "timestamp": "2026-07-24 12:32:50",
  "level": "ERROR",
  "message": "🗑️ previous_bulk_data: deleted 200 rows"
}
{
  "timestamp": "2026-07-24 12:32:50",
  "level": "ERROR",
  "message": "🗑️ previous_bulk_data: deleted 200 rows"
}
{
  "timestamp": "2026-07-24 12:32:51",
  "level": "ERROR",
  "message": "🗑️ previous_bulk_data: deleted 200 rows"
}
{
  "timestamp": "2026-07-24 12:32:51",
  "level": "ERROR",
  "message": "🗑️ previous_bulk_data: deleted 200 rows"
}
{
  "timestamp": "2026-07-24 12:32:51",
  "level": "ERROR",
  "message": "🗑️ previous_bulk_data: deleted 200 rows"
}
{
  "timestamp": "2026-07-24 12:32:51",
  "level": "ERROR",
  "message": "🗑️ previous_bulk_data: deleted 200 rows"
}
{
  "timestamp": "2026-07-24 12:32:51",
  "level": "ERROR",
  "message": "🗑️ previous_bulk_data: deleted 200 rows"
}
{
  "timestamp": "2026-07-24 12:32:52",
  "level": "ERROR",
  "message": "🗑️ previous_bulk_data: deleted 200 rows"
}
{
  "timestamp": "2026-07-24 12:32:52",
  "level": "ERROR",
  "message": "🗑️ previous_bulk_data: deleted 200 rows"
}
{
  "timestamp": "2026-07-24 12:32:52",
  "level": "ERROR",
  "message": "🗑️ previous_bulk_data: deleted 200 rows"
}
{
  "timestamp": "2026-07-24 12:32:52",
  "level": "ERROR",
  "message": "🗑️ previous_bulk_data: deleted 200 rows"
}
{
  "timestamp": "2026-07-24 12:32:53",
  "level": "ERROR",
  "message": "🗑️ previous_bulk_data: deleted 200 rows"
}
{
  "timestamp": "2026-07-24 12:32:53",
  "level": "ERROR",
  "message": "🗑️ previous_bulk_data: deleted 200 rows"
}
{
  "timestamp": "2026-07-24 12:32:53",
  "level": "ERROR",
  "message": "🗑️ previous_bulk_data: deleted 200 rows"
}
{
  "timestamp": "2026-07-24 12:32:53",
  "level": "ERROR",
  "message": "🗑️ previous_bulk_data: deleted 200 rows"
}
{
  "timestamp": "2026-07-24 12:32:54",
  "level": "ERROR",
  "message": "🗑️ previous_bulk_data: deleted 200 rows"
}
{
  "timestamp": "2026-07-24 12:32:54",
  "level": "ERROR",
  "message": "🗑️ previous_bulk_data: deleted 200 rows"
}
{
  "timestamp": "2026-07-24 12:32:54",
  "level": "ERROR",
  "message": "🗑️ previous_bulk_data: deleted 200 rows"
}
{
  "timestamp": "2026-07-24 12:32:54",
  "level": "ERROR",
  "message": "🗑️ previous_bulk_data: deleted 200 rows"
}
{
  "timestamp": "2026-07-24 12:32:54",
  "level": "ERROR",
  "message": "🗑️ previous_bulk_data: deleted 200 rows"
}
{
  "timestamp": "2026-07-24 12:32:55",
  "level": "ERROR",
  "message": "🗑️ previous_bulk_data: deleted 200 rows"
}
{
  "timestamp": "2026-07-24 12:32:55",
  "level": "ERROR",
  "message": "🗑️ previous_bulk_data: deleted 200 rows"
}
{
  "timestamp": "2026-07-24 12:32:55",
  "level": "ERROR",
  "message": "🗑️ previous_bulk_data: deleted 200 rows"
}
{
  "timestamp": "2026-07-24 12:32:55",
  "level": "ERROR",
  "message": "🗑️ previous_bulk_data: deleted 200 rows"
}
{
  "timestamp": "2026-07-24 12:32:56",
  "level": "ERROR",
  "message": "🗑️ previous_bulk_data: deleted 200 rows"
}
{
  "timestamp": "2026-07-24 12:32:56",
  "level": "ERROR",
  "message": "🗑️ previous_bulk_data: deleted 200 rows"
}
{
  "timestamp": "2026-07-24 12:32:56",
  "level": "ERROR",
  "message": "🗑️ previous_bulk_data: deleted 200 rows"
}
{
  "timestamp": "2026-07-24 12:32:56",
  "level": "ERROR",
  "message": "🗑️ previous_bulk_data: deleted 200 rows"
}
{
  "timestamp": "2026-07-24 12:32:56",
  "level": "ERROR",
  "message": "🗑️ previous_bulk_data: deleted 200 rows"
}
{
  "timestamp": "2026-07-24 12:32:57",
  "level": "ERROR",
  "message": "🗑️ previous_bulk_data: deleted 200 rows"
}
{
  "timestamp": "2026-07-24 12:32:57",
  "level": "ERROR",
  "message": "🗑️ previous_bulk_data: deleted 200 rows"
}
{
  "timestamp": "2026-07-24 12:32:57",
  "level": "ERROR",
  "message": "🗑️ previous_bulk_data: deleted 200 rows"
}
{
  "timestamp": "2026-07-24 12:32:57",
  "level": "ERROR",
  "message": "🗑️ previous_bulk_data: deleted 200 rows"
}
{
  "timestamp": "2026-07-24 12:32:58",
  "level": "ERROR",
  "message": "🗑️ previous_bulk_data: deleted 200 rows"
}
{
  "timestamp": "2026-07-24 12:32:58",
  "level": "ERROR",
  "message": "🗑️ previous_bulk_data: deleted 200 rows"
}
{
  "timestamp": "2026-07-24 12:32:58",
  "level": "ERROR",
  "message": "🗑️ previous_bulk_data: deleted 200 rows"
}
{
  "timestamp": "2026-07-24 12:32:58",
  "level": "ERROR",
  "message": "🗑️ previous_bulk_data: deleted 200 rows"
}
{
  "timestamp": "2026-07-24 12:32:58",
  "level": "ERROR",
  "message": "🗑️ previous_bulk_data: deleted 200 rows"
}
{
  "timestamp": "2026-07-24 12:32:59",
  "level": "ERROR",
  "message": "🗑️ previous_bulk_data: deleted 200 rows"
}
{
  "timestamp": "2026-07-24 12:32:59",
  "level": "ERROR",
  "message": "🗑️ previous_bulk_data: deleted 200 rows"
}
{
  "timestamp": "2026-07-24 12:32:59",
  "level": "ERROR",
  "message": "🗑️ previous_bulk_data: deleted 200 rows"
}
{
  "timestamp": "2026-07-24 12:32:59",
  "level": "ERROR",
  "message": "🗑️ previous_bulk_data: deleted 200 rows"
}
{
  "timestamp": "2026-07-24 12:32:59",
  "level": "ERROR",
  "message": "🗑️ previous_bulk_data: deleted 200 rows"
}
{
  "timestamp": "2026-07-24 12:33:00",
  "level": "ERROR",
  "message": "Cleanup job scheduled",
  "time": "2026-07-24T07:03:00.028Z"
}
{
  "timestamp": "2026-07-24 12:33:00",
  "level": "ERROR",
  "message": "🗑️ previous_bulk_data: deleted 200 rows"
}
{
  "timestamp": "2026-07-24 12:33:00",
  "level": "ERROR",
  "message": "🗑️ previous_bulk_data: deleted 200 rows"
}
{
  "timestamp": "2026-07-24 12:33:00",
  "level": "ERROR",
  "message": "🗑️ previous_bulk_data: deleted 92 rows"
}
{
  "timestamp": "2026-07-24 12:33:00",
  "level": "ERROR",
  "message": "🎉 Cleanup Finished | JobId=daily-cleanup-1784876280030"
}
{
  "timestamp": "2026-07-24 12:33:00",
  "level": "ERROR",
  "message": "✅ Job Completed | JobId=daily-cleanup-1784876280030"
}
{
  "timestamp": "2026-07-24 12:33:00",
  "level": "ERROR",
  "message": "🗑️ bulk_data: deleted 200 rows"
}
{
  "timestamp": "2026-07-24 12:33:01",
  "level": "ERROR",
  "message": "🗑️ bulk_data: deleted 200 rows"
}
{
  "timestamp": "2026-07-24 12:33:01",
  "level": "ERROR",
  "message": "🗑️ bulk_data: deleted 200 rows"
}
{
  "timestamp": "2026-07-24 12:33:01",
  "level": "ERROR",
  "message": "🗑️ bulk_data: deleted 83 rows"
}
{
  "timestamp": "2026-07-24 12:33:01",
  "level": "ERROR",
  "message": "🗑️ previous_bulk_data: deleted 1 rows"
}
{
  "timestamp": "2026-07-24 12:33:01",
  "level": "ERROR",
  "message": "🎉 Cleanup Finished | JobId=daily-cleanup-1784876340025"
}
{
  "timestamp": "2026-07-24 12:33:01",
  "level": "ERROR",
  "message": "✅ Job Completed | JobId=daily-cleanup-1784876340025"
}
{
  "timestamp": "2026-07-24 12:33:01",
  "level": "ERROR",
  "message": "🎉 Cleanup Finished | JobId=daily-cleanup-1784876400026"
}
{
  "timestamp": "2026-07-24 12:33:01",
  "level": "ERROR",
  "message": "✅ Job Completed | JobId=daily-cleanup-1784876400026"
}
{
  "timestamp": "2026-07-24 12:33:01",
  "level": "ERROR",
  "message": "🎉 Cleanup Finished | JobId=daily-cleanup-1784876460026"
}
{
  "timestamp": "2026-07-24 12:33:01",
  "level": "ERROR",
  "message": "✅ Job Completed | JobId=daily-cleanup-1784876460026"
}
{
  "timestamp": "2026-07-24 12:33:02",
  "level": "ERROR",
  "message": "🎉 Cleanup Finished | JobId=daily-cleanup-1784876520030"
}
{
  "timestamp": "2026-07-24 12:33:02",
  "level": "ERROR",
  "message": "✅ Job Completed | JobId=daily-cleanup-1784876520030"
}
{
  "timestamp": "2026-07-24 12:33:02",
  "level": "ERROR",
  "message": "🎉 Cleanup Finished | JobId=daily-cleanup-1784876580026"
}
{
  "timestamp": "2026-07-24 12:33:02",
  "level": "ERROR",
  "message": "✅ Job Completed | JobId=daily-cleanup-1784876580026"
}
{
  "timestamp": "2026-07-24 12:33:05",
  "level": "ERROR",
  "message": "🗑️ bulk_data: deleted 3 rows"
}
{
  "timestamp": "2026-07-24 12:33:05",
  "level": "ERROR",
  "message": "🎉 Cleanup Finished | JobId=daily-cleanup-1784876220029"
}
{
  "timestamp": "2026-07-24 12:33:05",
  "level": "ERROR",
  "message": "✅ Job Completed | JobId=daily-cleanup-1784876220029"
}
{
  "timestamp": "2026-07-24 12:34:00",
  "level": "ERROR",
  "message": "Cleanup job scheduled",
  "time": "2026-07-24T07:04:00.021Z"
}
{
  "timestamp": "2026-07-24 12:34:00",
  "level": "ERROR",
  "message": "🗑️ bulk_data: deleted 200 rows"
}
{
  "timestamp": "2026-07-24 12:34:00",
  "level": "ERROR",
  "message": "🗑️ bulk_data: deleted 200 rows"
}
{
  "timestamp": "2026-07-24 12:34:00",
  "level": "ERROR",
  "message": "🗑️ bulk_data: deleted 200 rows"
}
{
  "timestamp": "2026-07-24 12:34:00",
  "level": "ERROR",
  "message": "🗑️ bulk_data: deleted 200 rows"
}
{
  "timestamp": "2026-07-24 12:34:00",
  "level": "ERROR",
  "message": "🗑️ bulk_data: deleted 1 rows"
}
{
  "timestamp": "2026-07-24 12:34:01",
  "level": "ERROR",
  "message": "🗑️ previous_bulk_data: deleted 51 rows"
}
{
  "timestamp": "2026-07-24 12:34:01",
  "level": "ERROR",
  "message": "🎉 Cleanup Finished | JobId=daily-cleanup-1784876640020"
}
{
  "timestamp": "2026-07-24 12:34:01",
  "level": "ERROR",
  "message": "✅ Job Completed | JobId=daily-cleanup-1784876640020"
}
{
  "timestamp": "2026-07-24 12:35:00",
  "level": "ERROR",
  "message": "Cleanup job scheduled",
  "time": "2026-07-24T07:05:00.029Z"
}
{
  "timestamp": "2026-07-24 12:35:00",
  "level": "ERROR",
  "message": "🗑️ bulk_data: deleted 200 rows"
}
{
  "timestamp": "2026-07-24 12:35:00",
  "level": "ERROR",
  "message": "🗑️ bulk_data: deleted 200 rows"
}
{
  "timestamp": "2026-07-24 12:35:00",
  "level": "ERROR",
  "message": "🗑️ bulk_data: deleted 151 rows"
}
{
  "timestamp": "2026-07-24 12:35:00",
  "level": "ERROR",
  "message": "🗑️ previous_bulk_data: deleted 28 rows"
}
{
  "timestamp": "2026-07-24 12:35:00",
  "level": "ERROR",
  "message": "🎉 Cleanup Finished | JobId=daily-cleanup-1784876700026"
}
{
  "timestamp": "2026-07-24 12:35:00",
  "level": "ERROR",
  "message": "✅ Job Completed | JobId=daily-cleanup-1784876700026"
}
{
  "timestamp": "2026-07-24 12:36:00",
  "level": "ERROR",
  "message": "Cleanup job scheduled",
  "time": "2026-07-24T07:06:00.024Z"
}
{
  "timestamp": "2026-07-24 12:36:00",
  "level": "ERROR",
  "message": "🗑️ bulk_data: deleted 200 rows"
}
{
  "timestamp": "2026-07-24 12:36:00",
  "level": "ERROR",
  "message": "🗑️ bulk_data: deleted 200 rows"
}
{
  "timestamp": "2026-07-24 12:36:00",
  "level": "ERROR",
  "message": "🗑️ bulk_data: deleted 13 rows"
}
{
  "timestamp": "2026-07-24 12:36:00",
  "level": "ERROR",
  "message": "🗑️ previous_bulk_data: deleted 37 rows"
}
{
  "timestamp": "2026-07-24 12:36:00",
  "level": "ERROR",
  "message": "🎉 Cleanup Finished | JobId=daily-cleanup-1784876760020"
}
{
  "timestamp": "2026-07-24 12:36:00",
  "level": "ERROR",
  "message": "✅ Job Completed | JobId=daily-cleanup-1784876760020"
}
{
  "timestamp": "2026-07-24 12:37:00",
  "level": "ERROR",
  "message": "Cleanup job scheduled",
  "time": "2026-07-24T07:07:00.026Z"
}
{
  "timestamp": "2026-07-24 12:37:00",
  "level": "ERROR",
  "message": "🗑️ bulk_data: deleted 200 rows"
}
{
  "timestamp": "2026-07-24 12:37:00",
  "level": "ERROR",
  "message": "🗑️ bulk_data: deleted 200 rows"
}
{
  "timestamp": "2026-07-24 12:37:00",
  "level": "ERROR",
  "message": "🗑️ bulk_data: deleted 200 rows"
}
{
  "timestamp": "2026-07-24 12:37:00",
  "level": "ERROR",
  "message": "🗑️ bulk_data: deleted 200 rows"
}
{
  "timestamp": "2026-07-24 12:37:00",
  "level": "ERROR",
  "message": "🗑️ bulk_data: deleted 56 rows"
}
{
  "timestamp": "2026-07-24 12:37:01",
  "level": "ERROR",
  "message": "🗑️ bulk_data: deleted 35 rows"
}
{
  "timestamp": "2026-07-24 12:37:01",
  "level": "ERROR",
  "message": "🗑️ previous_bulk_data: deleted 51 rows"
}
{
  "timestamp": "2026-07-24 12:37:01",
  "level": "ERROR",
  "message": "🎉 Cleanup Finished | JobId=daily-cleanup-1784876820024"
}
{
  "timestamp": "2026-07-24 12:37:01",
  "level": "ERROR",
  "message": "✅ Job Completed | JobId=daily-cleanup-1784876820024"
}
{
  "timestamp": "2026-07-24 12:38:00",
  "level": "ERROR",
  "message": "Cleanup job scheduled",
  "time": "2026-07-24T07:08:00.020Z"
}
{
  "timestamp": "2026-07-24 12:38:00",
  "level": "ERROR",
  "message": "🗑️ bulk_data: deleted 200 rows"
}
{
  "timestamp": "2026-07-24 12:38:00",
  "level": "ERROR",
  "message": "🗑️ bulk_data: deleted 200 rows"
}
{
  "timestamp": "2026-07-24 12:38:00",
  "level": "ERROR",
  "message": "🗑️ bulk_data: deleted 200 rows"
}
{
  "timestamp": "2026-07-24 12:38:00",
  "level": "ERROR",
  "message": "🗑️ bulk_data: deleted 111 rows"
}
{
  "timestamp": "2026-07-24 12:38:00",
  "level": "ERROR",
  "message": "🗑️ previous_bulk_data: deleted 24 rows"
}
{
  "timestamp": "2026-07-24 12:38:01",
  "level": "ERROR",
  "message": "🎉 Cleanup Finished | JobId=daily-cleanup-1784876880018"
}
{
  "timestamp": "2026-07-24 12:38:01",
  "level": "ERROR",
  "message": "✅ Job Completed | JobId=daily-cleanup-1784876880018"
}
{
  "timestamp": "2026-07-24 12:39:00",
  "level": "ERROR",
  "message": "Cleanup job scheduled",
  "time": "2026-07-24T07:09:00.027Z"
}
{
  "timestamp": "2026-07-24 12:39:00",
  "level": "ERROR",
  "message": "🗑️ bulk_data: deleted 200 rows"
}
{
  "timestamp": "2026-07-24 12:39:00",
  "level": "ERROR",
  "message": "🗑️ bulk_data: deleted 200 rows"
}
{
  "timestamp": "2026-07-24 12:39:00",
  "level": "ERROR",
  "message": "🗑️ bulk_data: deleted 131 rows"
}
{
  "timestamp": "2026-07-24 12:39:00",
  "level": "ERROR",
  "message": "🗑️ previous_bulk_data: deleted 46 rows"
}
{
  "timestamp": "2026-07-24 12:39:00",
  "level": "ERROR",
  "message": "🎉 Cleanup Finished | JobId=daily-cleanup-1784876940026"
}
{
  "timestamp": "2026-07-24 12:39:00",
  "level": "ERROR",
  "message": "✅ Job Completed | JobId=daily-cleanup-1784876940026"
}
{
  "timestamp": "2026-07-24 12:40:00",
  "level": "ERROR",
  "message": "Cleanup job scheduled",
  "time": "2026-07-24T07:10:00.024Z"
}
{
  "timestamp": "2026-07-24 12:40:00",
  "level": "ERROR",
  "message": "🗑️ bulk_data: deleted 200 rows"
}
{
  "timestamp": "2026-07-24 12:40:00",
  "level": "ERROR",
  "message": "🗑️ bulk_data: deleted 200 rows"
}
{
  "timestamp": "2026-07-24 12:40:00",
  "level": "ERROR",
  "message": "🗑️ bulk_data: deleted 88 rows"
}
{
  "timestamp": "2026-07-24 12:40:00",
  "level": "ERROR",
  "message": "🗑️ previous_bulk_data: deleted 54 rows"
}
{
  "timestamp": "2026-07-24 12:40:00",
  "level": "ERROR",
  "message": "🎉 Cleanup Finished | JobId=daily-cleanup-1784877000023"
}
{
  "timestamp": "2026-07-24 12:40:00",
  "level": "ERROR",
  "message": "✅ Job Completed | JobId=daily-cleanup-1784877000023"
}
{
  "timestamp": "2026-07-24 12:41:00",
  "level": "ERROR",
  "message": "Cleanup job scheduled",
  "time": "2026-07-24T07:11:00.026Z"
}
{
  "timestamp": "2026-07-24 12:41:00",
  "level": "ERROR",
  "message": "🗑️ bulk_data: deleted 200 rows"
}
{
  "timestamp": "2026-07-24 12:41:00",
  "level": "ERROR",
  "message": "🗑️ bulk_data: deleted 200 rows"
}
{
  "timestamp": "2026-07-24 12:41:00",
  "level": "ERROR",
  "message": "🗑️ bulk_data: deleted 160 rows"
}
{
  "timestamp": "2026-07-24 12:41:00",
  "level": "ERROR",
  "message": "🗑️ bulk_data: deleted 20 rows"
}
{
  "timestamp": "2026-07-24 12:41:00",
  "level": "ERROR",
  "message": "🗑️ previous_bulk_data: deleted 41 rows"
}
{
  "timestamp": "2026-07-24 12:41:01",
  "level": "ERROR",
  "message": "🎉 Cleanup Finished | JobId=daily-cleanup-1784877060025"
}
{
  "timestamp": "2026-07-24 12:41:01",
  "level": "ERROR",
  "message": "✅ Job Completed | JobId=daily-cleanup-1784877060025"
}
{
  "timestamp": "2026-07-24 12:42:00",
  "level": "ERROR",
  "message": "Cleanup job scheduled",
  "time": "2026-07-24T07:12:00.029Z"
}
{
  "timestamp": "2026-07-24 12:42:00",
  "level": "ERROR",
  "message": "🗑️ bulk_data: deleted 200 rows"
}
{
  "timestamp": "2026-07-24 12:42:00",
  "level": "ERROR",
  "message": "🗑️ bulk_data: deleted 200 rows"
}
{
  "timestamp": "2026-07-24 12:42:00",
  "level": "ERROR",
  "message": "🗑️ bulk_data: deleted 41 rows"
}
{
  "timestamp": "2026-07-24 12:42:00",
  "level": "ERROR",
  "message": "🗑️ previous_bulk_data: deleted 19 rows"
}
{
  "timestamp": "2026-07-24 12:42:00",
  "level": "ERROR",
  "message": "🎉 Cleanup Finished | JobId=daily-cleanup-1784877120025"
}
{
  "timestamp": "2026-07-24 12:42:00",
  "level": "ERROR",
  "message": "✅ Job Completed | JobId=daily-cleanup-1784877120025"
}
{
  "timestamp": "2026-07-24 12:43:00",
  "level": "ERROR",
  "message": "Cleanup job scheduled",
  "time": "2026-07-24T07:13:00.034Z"
}
{
  "timestamp": "2026-07-24 12:43:00",
  "level": "ERROR",
  "message": "🗑️ bulk_data: deleted 92 rows"
}
{
  "timestamp": "2026-07-24 12:43:00",
  "level": "ERROR",
  "message": "🗑️ previous_bulk_data: deleted 15 rows"
}
{
  "timestamp": "2026-07-24 12:43:00",
  "level": "ERROR",
  "message": "🎉 Cleanup Finished | JobId=daily-cleanup-1784877180030"
}
{
  "timestamp": "2026-07-24 12:43:00",
  "level": "ERROR",
  "message": "✅ Job Completed | JobId=daily-cleanup-1784877180030"
}
{
  "timestamp": "2026-07-24 12:44:00",
  "level": "ERROR",
  "message": "Cleanup job scheduled",
  "time": "2026-07-24T07:14:00.029Z"
}
{
  "timestamp": "2026-07-24 12:44:00",
  "level": "ERROR",
  "message": "🗑️ bulk_data: deleted 135 rows"
}
{
  "timestamp": "2026-07-24 12:44:00",
  "level": "ERROR",
  "message": "🗑️ previous_bulk_data: deleted 52 rows"
}
{
  "timestamp": "2026-07-24 12:44:00",
  "level": "ERROR",
  "message": "🎉 Cleanup Finished | JobId=daily-cleanup-1784877240025"
}
{
  "timestamp": "2026-07-24 12:44:00",
  "level": "ERROR",
  "message": "✅ Job Completed | JobId=daily-cleanup-1784877240025"
}
{
  "timestamp": "2026-07-24 12:45:00",
  "level": "ERROR",
  "message": "Cleanup job scheduled",
  "time": "2026-07-24T07:15:00.024Z"
}
{
  "timestamp": "2026-07-24 12:45:00",
  "level": "ERROR",
  "message": "🗑️ bulk_data: deleted 178 rows"
}
{
  "timestamp": "2026-07-24 12:45:00",
  "level": "ERROR",
  "message": "🗑️ previous_bulk_data: deleted 30 rows"
}
{
  "timestamp": "2026-07-24 12:45:00",
  "level": "ERROR",
  "message": "🎉 Cleanup Finished | JobId=daily-cleanup-1784877300022"
}
{
  "timestamp": "2026-07-24 12:45:00",
  "level": "ERROR",
  "message": "✅ Job Completed | JobId=daily-cleanup-1784877300022"
}
{
  "timestamp": "2026-07-24 12:46:00",
  "level": "ERROR",
  "message": "Cleanup job scheduled",
  "time": "2026-07-24T07:16:00.032Z"
}
{
  "timestamp": "2026-07-24 12:46:00",
  "level": "ERROR",
  "message": "🗑️ bulk_data: deleted 200 rows"
}
{
  "timestamp": "2026-07-24 12:46:00",
  "level": "ERROR",
  "message": "🗑️ bulk_data: deleted 132 rows"
}
{
  "timestamp": "2026-07-24 12:46:00",
  "level": "ERROR",
  "message": "🗑️ previous_bulk_data: deleted 56 rows"
}
{
  "timestamp": "2026-07-24 12:46:00",
  "level": "ERROR",
  "message": "🎉 Cleanup Finished | JobId=daily-cleanup-1784877360029"
}
{
  "timestamp": "2026-07-24 12:46:00",
  "level": "ERROR",
  "message": "✅ Job Completed | JobId=daily-cleanup-1784877360029"
}
{
  "timestamp": "2026-07-24 12:47:00",
  "level": "ERROR",
  "message": "Cleanup job scheduled",
  "time": "2026-07-24T07:17:00.013Z"
}
{
  "timestamp": "2026-07-24 12:47:00",
  "level": "ERROR",
  "message": "🗑️ bulk_data: deleted 100 rows"
}
{
  "timestamp": "2026-07-24 12:47:00",
  "level": "ERROR",
  "message": "🗑️ previous_bulk_data: deleted 52 rows"
}
{
  "timestamp": "2026-07-24 12:47:00",
  "level": "ERROR",
  "message": "🗑️ previous_bulk_data: deleted 1 rows"
}
{
  "timestamp": "2026-07-24 12:47:00",
  "level": "ERROR",
  "message": "🎉 Cleanup Finished | JobId=daily-cleanup-1784877420011"
}
{
  "timestamp": "2026-07-24 12:47:00",
  "level": "ERROR",
  "message": "✅ Job Completed | JobId=daily-cleanup-1784877420011"
}
{
  "timestamp": "2026-07-24 12:48:00",
  "level": "ERROR",
  "message": "Cleanup job scheduled",
  "time": "2026-07-24T07:18:00.025Z"
}
{
  "timestamp": "2026-07-24 12:48:00",
  "level": "ERROR",
  "message": "🗑️ bulk_data: deleted 161 rows"
}
{
  "timestamp": "2026-07-24 12:48:00",
  "level": "ERROR",
  "message": "🗑️ previous_bulk_data: deleted 47 rows"
}
{
  "timestamp": "2026-07-24 12:48:00",
  "level": "ERROR",
  "message": "🎉 Cleanup Finished | JobId=daily-cleanup-1784877480023"
}
{
  "timestamp": "2026-07-24 12:48:00",
  "level": "ERROR",
  "message": "✅ Job Completed | JobId=daily-cleanup-1784877480023"
}
{
  "timestamp": "2026-07-24 12:49:00",
  "level": "ERROR",
  "message": "Cleanup job scheduled",
  "time": "2026-07-24T07:19:00.032Z"
}
{
  "timestamp": "2026-07-24 12:49:00",
  "level": "ERROR",
  "message": "🗑️ bulk_data: deleted 84 rows"
}
{
  "timestamp": "2026-07-24 12:49:00",
  "level": "ERROR",
  "message": "🗑️ previous_bulk_data: deleted 14 rows"
}
{
  "timestamp": "2026-07-24 12:49:00",
  "level": "ERROR",
  "message": "🗑️ previous_bulk_data: deleted 1 rows"
}
{
  "timestamp": "2026-07-24 12:49:00",
  "level": "ERROR",
  "message": "🎉 Cleanup Finished | JobId=daily-cleanup-1784877540029"
}
{
  "timestamp": "2026-07-24 12:49:00",
  "level": "ERROR",
  "message": "✅ Job Completed | JobId=daily-cleanup-1784877540029"
}
{
  "timestamp": "2026-07-24 12:50:00",
  "level": "ERROR",
  "message": "Cleanup job scheduled",
  "time": "2026-07-24T07:20:00.023Z"
}
{
  "timestamp": "2026-07-24 12:50:00",
  "level": "ERROR",
  "message": "🗑️ bulk_data: deleted 148 rows"
}
{
  "timestamp": "2026-07-24 12:50:00",
  "level": "ERROR",
  "message": "🗑️ previous_bulk_data: deleted 9 rows"
}
{
  "timestamp": "2026-07-24 12:50:00",
  "level": "ERROR",
  "message": "🎉 Cleanup Finished | JobId=daily-cleanup-1784877600021"
}
{
  "timestamp": "2026-07-24 12:50:00",
  "level": "ERROR",
  "message": "✅ Job Completed | JobId=daily-cleanup-1784877600021"
}
{
  "timestamp": "2026-07-24 12:51:00",
  "level": "ERROR",
  "message": "Cleanup job scheduled",
  "time": "2026-07-24T07:21:00.025Z"
}
{
  "timestamp": "2026-07-24 12:51:00",
  "level": "ERROR",
  "message": "🗑️ bulk_data: deleted 200 rows"
}
{
  "timestamp": "2026-07-24 12:51:00",
  "level": "ERROR",
  "message": "🗑️ bulk_data: deleted 17 rows"
}
{
  "timestamp": "2026-07-24 12:51:00",
  "level": "ERROR",
  "message": "🗑️ previous_bulk_data: deleted 20 rows"
}
{
  "timestamp": "2026-07-24 12:51:00",
  "level": "ERROR",
  "message": "🎉 Cleanup Finished | JobId=daily-cleanup-1784877660023"
}
{
  "timestamp": "2026-07-24 12:51:00",
  "level": "ERROR",
  "message": "✅ Job Completed | JobId=daily-cleanup-1784877660023"
}
{
  "timestamp": "2026-07-24 12:52:00",
  "level": "ERROR",
  "message": "Cleanup job scheduled",
  "time": "2026-07-24T07:22:00.013Z"
}
{
  "timestamp": "2026-07-24 12:52:00",
  "level": "ERROR",
  "message": "🗑️ bulk_data: deleted 145 rows"
}
{
  "timestamp": "2026-07-24 12:52:00",
  "level": "ERROR",
  "message": "🗑️ previous_bulk_data: deleted 14 rows"
}
{
  "timestamp": "2026-07-24 12:52:00",
  "level": "ERROR",
  "message": "🎉 Cleanup Finished | JobId=daily-cleanup-1784877720011"
}
{
  "timestamp": "2026-07-24 12:52:00",
  "level": "ERROR",
  "message": "✅ Job Completed | JobId=daily-cleanup-1784877720011"
}
{
  "timestamp": "2026-07-24 12:53:00",
  "level": "ERROR",
  "message": "Cleanup job scheduled",
  "time": "2026-07-24T07:23:00.021Z"
}
{
  "timestamp": "2026-07-24 12:53:00",
  "level": "ERROR",
  "message": "🗑️ bulk_data: deleted 200 rows"
}
{
  "timestamp": "2026-07-24 12:53:00",
  "level": "ERROR",
  "message": "🗑️ bulk_data: deleted 62 rows"
}
{
  "timestamp": "2026-07-24 12:53:00",
  "level": "ERROR",
  "message": "🗑️ previous_bulk_data: deleted 25 rows"
}
{
  "timestamp": "2026-07-24 12:53:00",
  "level": "ERROR",
  "message": "🎉 Cleanup Finished | JobId=daily-cleanup-1784877780020"
}
{
  "timestamp": "2026-07-24 12:53:00",
  "level": "ERROR",
  "message": "✅ Job Completed | JobId=daily-cleanup-1784877780020"
}
{
  "timestamp": "2026-07-24 12:54:00",
  "level": "ERROR",
  "message": "Cleanup job scheduled",
  "time": "2026-07-24T07:24:00.022Z"
}
{
  "timestamp": "2026-07-24 12:54:00",
  "level": "ERROR",
  "message": "🗑️ bulk_data: deleted 62 rows"
}
{
  "timestamp": "2026-07-24 12:54:00",
  "level": "ERROR",
  "message": "🗑️ previous_bulk_data: deleted 19 rows"
}
{
  "timestamp": "2026-07-24 12:54:00",
  "level": "ERROR",
  "message": "🎉 Cleanup Finished | JobId=daily-cleanup-1784877840020"
}
{
  "timestamp": "2026-07-24 12:54:00",
  "level": "ERROR",
  "message": "✅ Job Completed | JobId=daily-cleanup-1784877840020"
}
{
  "timestamp": "2026-07-24 12:54:39",
  "level": "ERROR",
  "message": "✅ Cleanup Worker Connected To PostgreSQL"
}
{
  "timestamp": "2026-07-24 12:54:39",
  "level": "ERROR",
  "message": "✅ Cleanup Worker Started Successfully\""
}
{
  "timestamp": "2026-07-24 12:54:39",
  "level": "ERROR",
  "message": "✅ Cleanup BullMQ Worker Ready"
}
{
  "timestamp": "2026-07-24 12:55:00",
  "level": "ERROR",
  "message": "Cleanup job scheduled",
  "time": "2026-07-24T07:25:00.029Z"
}
{
  "timestamp": "2026-07-24 12:55:00",
  "level": "ERROR",
  "message": "🗑️ bulk_data: deleted 200 rows"
}
{
  "timestamp": "2026-07-24 12:55:00",
  "level": "ERROR",
  "message": "🗑️ bulk_data: deleted 83 rows"
}
{
  "timestamp": "2026-07-24 12:55:00",
  "level": "ERROR",
  "message": "🗑️ previous_bulk_data: deleted 73 rows"
}
{
  "timestamp": "2026-07-24 12:55:00",
  "level": "ERROR",
  "message": "🎉 Cleanup Finished | JobId=daily-cleanup-1784877900026"
}
{
  "timestamp": "2026-07-24 12:55:00",
  "level": "ERROR",
  "message": "✅ Job Completed | JobId=daily-cleanup-1784877900026"
}
{
  "timestamp": "2026-07-24 12:56:00",
  "level": "ERROR",
  "message": "Cleanup job scheduled",
  "time": "2026-07-24T07:26:00.028Z"
}
{
  "timestamp": "2026-07-24 12:56:00",
  "level": "ERROR",
  "message": "🗑️ bulk_data: deleted 200 rows"
}
{
  "timestamp": "2026-07-24 12:56:00",
  "level": "ERROR",
  "message": "🗑️ bulk_data: deleted 139 rows"
}
{
  "timestamp": "2026-07-24 12:56:00",
  "level": "ERROR",
  "message": "🗑️ previous_bulk_data: deleted 5 rows"
}
{
  "timestamp": "2026-07-24 12:56:00",
  "level": "ERROR",
  "message": "🎉 Cleanup Finished | JobId=daily-cleanup-1784877960024"
}
{
  "timestamp": "2026-07-24 12:56:00",
  "level": "ERROR",
  "message": "✅ Job Completed | JobId=daily-cleanup-1784877960024"
}
{
  "timestamp": "2026-07-24 12:57:00",
  "level": "ERROR",
  "message": "Cleanup job scheduled",
  "time": "2026-07-24T07:27:00.020Z"
}
{
  "timestamp": "2026-07-24 12:57:00",
  "level": "ERROR",
  "message": "🗑️ bulk_data: deleted 200 rows"
}
{
  "timestamp": "2026-07-24 12:57:00",
  "level": "ERROR",
  "message": "🗑️ bulk_data: deleted 200 rows"
}
{
  "timestamp": "2026-07-24 12:57:00",
  "level": "ERROR",
  "message": "🗑️ bulk_data: deleted 103 rows"
}
{
  "timestamp": "2026-07-24 12:57:00",
  "level": "ERROR",
  "message": "🗑️ previous_bulk_data: deleted 14 rows"
}
{
  "timestamp": "2026-07-24 12:57:00",
  "level": "ERROR",
  "message": "🎉 Cleanup Finished | JobId=daily-cleanup-1784878020018"
}
{
  "timestamp": "2026-07-24 12:57:00",
  "level": "ERROR",
  "message": "✅ Job Completed | JobId=daily-cleanup-1784878020018"
}
{
  "timestamp": "2026-07-24 12:58:00",
  "level": "ERROR",
  "message": "Cleanup job scheduled",
  "time": "2026-07-24T07:28:00.034Z"
}
{
  "timestamp": "2026-07-24 12:58:00",
  "level": "ERROR",
  "message": "🗑️ bulk_data: deleted 200 rows"
}
{
  "timestamp": "2026-07-24 12:58:00",
  "level": "ERROR",
  "message": "🗑️ bulk_data: deleted 200 rows"
}
{
  "timestamp": "2026-07-24 12:58:00",
  "level": "ERROR",
  "message": "🗑️ bulk_data: deleted 200 rows"
}
{
  "timestamp": "2026-07-24 12:58:00",
  "level": "ERROR",
  "message": "🗑️ bulk_data: deleted 26 rows"
}
{
  "timestamp": "2026-07-24 12:58:00",
  "level": "ERROR",
  "message": "🗑️ previous_bulk_data: deleted 27 rows"
}
{
  "timestamp": "2026-07-24 12:58:01",
  "level": "ERROR",
  "message": "🎉 Cleanup Finished | JobId=daily-cleanup-1784878080032"
}
{
  "timestamp": "2026-07-24 12:58:01",
  "level": "ERROR",
  "message": "✅ Job Completed | JobId=daily-cleanup-1784878080032"
}
{
  "timestamp": "2026-07-24 12:59:00",
  "level": "ERROR",
  "message": "Cleanup job scheduled",
  "time": "2026-07-24T07:29:00.019Z"
}
{
  "timestamp": "2026-07-24 12:59:00",
  "level": "ERROR",
  "message": "🗑️ bulk_data: deleted 200 rows"
}
{
  "timestamp": "2026-07-24 12:59:00",
  "level": "ERROR",
  "message": "🗑️ bulk_data: deleted 200 rows"
}
{
  "timestamp": "2026-07-24 12:59:00",
  "level": "ERROR",
  "message": "🗑️ bulk_data: deleted 200 rows"
}
{
  "timestamp": "2026-07-24 12:59:00",
  "level": "ERROR",
  "message": "🗑️ bulk_data: deleted 171 rows"
}
{
  "timestamp": "2026-07-24 12:59:00",
  "level": "ERROR",
  "message": "🗑️ previous_bulk_data: deleted 45 rows"
}
{
  "timestamp": "2026-07-24 12:59:01",
  "level": "ERROR",
  "message": "🎉 Cleanup Finished | JobId=daily-cleanup-1784878140018"
}
{
  "timestamp": "2026-07-24 12:59:01",
  "level": "ERROR",
  "message": "✅ Job Completed | JobId=daily-cleanup-1784878140018"
}
{
  "timestamp": "2026-07-24 16:00:00",
  "level": "ERROR",
  "message": "Cleanup job scheduled",
  "time": "2026-07-24T10:30:00.066Z"
}
{
  "timestamp": "2026-07-24 16:00:00",
  "level": "ERROR",
  "message": "🎉 Cleanup Finished | JobId=daily-cleanup-1784889000063"
}
{
  "timestamp": "2026-07-24 16:00:00",
  "level": "ERROR",
  "message": "✅ Job Completed | JobId=daily-cleanup-1784889000063"
}
{
  "timestamp": "2026-07-24 16:01:00",
  "level": "ERROR",
  "message": "Cleanup job scheduled",
  "time": "2026-07-24T10:31:00.022Z"
}
{
  "timestamp": "2026-07-24 16:01:00",
  "level": "ERROR",
  "message": "🎉 Cleanup Finished | JobId=daily-cleanup-1784889060019"
}
{
  "timestamp": "2026-07-24 16:01:00",
  "level": "ERROR",
  "message": "✅ Job Completed | JobId=daily-cleanup-1784889060019"
}
{
  "timestamp": "2026-07-24 16:02:00",
  "level": "ERROR",
  "message": "Cleanup job scheduled",
  "time": "2026-07-24T10:32:00.029Z"
}
{
  "timestamp": "2026-07-24 16:02:00",
  "level": "ERROR",
  "message": "🎉 Cleanup Finished | JobId=daily-cleanup-1784889120025"
}
{
  "timestamp": "2026-07-24 16:02:00",
  "level": "ERROR",
  "message": "✅ Job Completed | JobId=daily-cleanup-1784889120025"
}
{
  "timestamp": "2026-07-24 16:03:00",
  "level": "ERROR",
  "message": "Cleanup job scheduled",
  "time": "2026-07-24T10:33:00.031Z"
}
{
  "timestamp": "2026-07-24 16:03:00",
  "level": "ERROR",
  "message": "🎉 Cleanup Finished | JobId=daily-cleanup-1784889180029"
}
{
  "timestamp": "2026-07-24 16:03:00",
  "level": "ERROR",
  "message": "✅ Job Completed | JobId=daily-cleanup-1784889180029"
}
{
  "timestamp": "2026-07-24 16:04:00",
  "level": "ERROR",
  "message": "Cleanup job scheduled",
  "time": "2026-07-24T10:34:00.021Z"
}
{
  "timestamp": "2026-07-24 16:04:00",
  "level": "ERROR",
  "message": "🎉 Cleanup Finished | JobId=daily-cleanup-1784889240018"
}
{
  "timestamp": "2026-07-24 16:04:00",
  "level": "ERROR",
  "message": "✅ Job Completed | JobId=daily-cleanup-1784889240018"
}
{
  "timestamp": "2026-07-24 16:05:00",
  "level": "ERROR",
  "message": "Cleanup job scheduled",
  "time": "2026-07-24T10:35:00.013Z"
}
{
  "timestamp": "2026-07-24 16:05:00",
  "level": "ERROR",
  "message": "🎉 Cleanup Finished | JobId=daily-cleanup-1784889300011"
}
{
  "timestamp": "2026-07-24 16:05:00",
  "level": "ERROR",
  "message": "✅ Job Completed | JobId=daily-cleanup-1784889300011"
}
{
  "timestamp": "2026-07-24 16:06:00",
  "level": "ERROR",
  "message": "Cleanup job scheduled",
  "time": "2026-07-24T10:36:00.022Z"
}
{
  "timestamp": "2026-07-24 16:06:00",
  "level": "ERROR",
  "message": "🎉 Cleanup Finished | JobId=daily-cleanup-1784889360021"
}
{
  "timestamp": "2026-07-24 16:06:00",
  "level": "ERROR",
  "message": "✅ Job Completed | JobId=daily-cleanup-1784889360021"
}
{
  "timestamp": "2026-07-24 16:07:00",
  "level": "ERROR",
  "message": "Cleanup job scheduled",
  "time": "2026-07-24T10:37:00.028Z"
}
{
  "timestamp": "2026-07-24 16:07:00",
  "level": "ERROR",
  "message": "🎉 Cleanup Finished | JobId=daily-cleanup-1784889420026"
}
{
  "timestamp": "2026-07-24 16:07:00",
  "level": "ERROR",
  "message": "✅ Job Completed | JobId=daily-cleanup-1784889420026"
}
{
  "timestamp": "2026-07-24 16:08:00",
  "level": "ERROR",
  "message": "Cleanup job scheduled",
  "time": "2026-07-24T10:38:00.035Z"
}
{
  "timestamp": "2026-07-24 16:08:00",
  "level": "ERROR",
  "message": "🎉 Cleanup Finished | JobId=daily-cleanup-1784889480033"
}
{
  "timestamp": "2026-07-24 16:08:00",
  "level": "ERROR",
  "message": "✅ Job Completed | JobId=daily-cleanup-1784889480033"
}
{
  "timestamp": "2026-07-24 16:09:00",
  "level": "ERROR",
  "message": "Cleanup job scheduled",
  "time": "2026-07-24T10:39:00.025Z"
}
{
  "timestamp": "2026-07-24 16:09:00",
  "level": "ERROR",
  "message": "🎉 Cleanup Finished | JobId=daily-cleanup-1784889540023"
}
{
  "timestamp": "2026-07-24 16:09:00",
  "level": "ERROR",
  "message": "✅ Job Completed | JobId=daily-cleanup-1784889540023"
}
{
  "timestamp": "2026-07-24 16:10:00",
  "level": "ERROR",
  "message": "Cleanup job scheduled",
  "time": "2026-07-24T10:40:00.028Z"
}
{
  "timestamp": "2026-07-24 16:10:00",
  "level": "ERROR",
  "message": "🎉 Cleanup Finished | JobId=daily-cleanup-1784889600026"
}
{
  "timestamp": "2026-07-24 16:10:00",
  "level": "ERROR",
  "message": "✅ Job Completed | JobId=daily-cleanup-1784889600026"
}
{
  "timestamp": "2026-07-24 16:11:00",
  "level": "ERROR",
  "message": "Cleanup job scheduled",
  "time": "2026-07-24T10:41:00.024Z"
}
{
  "timestamp": "2026-07-24 16:11:00",
  "level": "ERROR",
  "message": "🎉 Cleanup Finished | JobId=daily-cleanup-1784889660022"
}
{
  "timestamp": "2026-07-24 16:11:00",
  "level": "ERROR",
  "message": "✅ Job Completed | JobId=daily-cleanup-1784889660022"
}
{
  "timestamp": "2026-07-24 16:12:00",
  "level": "ERROR",
  "message": "Cleanup job scheduled",
  "time": "2026-07-24T10:42:00.036Z"
}
{
  "timestamp": "2026-07-24 16:12:00",
  "level": "ERROR",
  "message": "🎉 Cleanup Finished | JobId=daily-cleanup-1784889720034"
}
{
  "timestamp": "2026-07-24 16:12:00",
  "level": "ERROR",
  "message": "✅ Job Completed | JobId=daily-cleanup-1784889720034"
}
{
  "timestamp": "2026-07-24 16:13:00",
  "level": "ERROR",
  "message": "Cleanup job scheduled",
  "time": "2026-07-24T10:43:00.024Z"
}
{
  "timestamp": "2026-07-24 16:13:00",
  "level": "ERROR",
  "message": "🎉 Cleanup Finished | JobId=daily-cleanup-1784889780023"
}
{
  "timestamp": "2026-07-24 16:13:00",
  "level": "ERROR",
  "message": "✅ Job Completed | JobId=daily-cleanup-1784889780023"
}
{
  "timestamp": "2026-07-24 16:14:00",
  "level": "ERROR",
  "message": "Cleanup job scheduled",
  "time": "2026-07-24T10:44:00.035Z"
}
{
  "timestamp": "2026-07-24 16:14:00",
  "level": "ERROR",
  "message": "🎉 Cleanup Finished | JobId=daily-cleanup-1784889840032"
}
{
  "timestamp": "2026-07-24 16:14:00",
  "level": "ERROR",
  "message": "✅ Job Completed | JobId=daily-cleanup-1784889840032"
}
{
  "timestamp": "2026-07-24 16:15:00",
  "level": "ERROR",
  "message": "Cleanup job scheduled",
  "time": "2026-07-24T10:45:00.024Z"
}
{
  "timestamp": "2026-07-24 16:15:00",
  "level": "ERROR",
  "message": "🎉 Cleanup Finished | JobId=daily-cleanup-1784889900021"
}
{
  "timestamp": "2026-07-24 16:15:00",
  "level": "ERROR",
  "message": "✅ Job Completed | JobId=daily-cleanup-1784889900021"
}
{
  "timestamp": "2026-07-24 16:16:00",
  "level": "ERROR",
  "message": "Cleanup job scheduled",
  "time": "2026-07-24T10:46:00.032Z"
}
{
  "timestamp": "2026-07-24 16:16:00",
  "level": "ERROR",
  "message": "🎉 Cleanup Finished | JobId=daily-cleanup-1784889960030"
}
{
  "timestamp": "2026-07-24 16:16:00",
  "level": "ERROR",
  "message": "✅ Job Completed | JobId=daily-cleanup-1784889960030"
}
{
  "timestamp": "2026-07-24 16:17:00",
  "level": "ERROR",
  "message": "Cleanup job scheduled",
  "time": "2026-07-24T10:47:00.022Z"
}
{
  "timestamp": "2026-07-24 16:17:00",
  "level": "ERROR",
  "message": "🎉 Cleanup Finished | JobId=daily-cleanup-1784890020019"
}
{
  "timestamp": "2026-07-24 16:17:00",
  "level": "ERROR",
  "message": "✅ Job Completed | JobId=daily-cleanup-1784890020019"
}
{
  "timestamp": "2026-07-24 16:18:00",
  "level": "ERROR",
  "message": "Cleanup job scheduled",
  "time": "2026-07-24T10:48:00.028Z"
}
{
  "timestamp": "2026-07-24 16:18:00",
  "level": "ERROR",
  "message": "🎉 Cleanup Finished | JobId=daily-cleanup-1784890080025"
}
{
  "timestamp": "2026-07-24 16:18:00",
  "level": "ERROR",
  "message": "✅ Job Completed | JobId=daily-cleanup-1784890080025"
}
{
  "timestamp": "2026-07-24 16:19:00",
  "level": "ERROR",
  "message": "Cleanup job scheduled",
  "time": "2026-07-24T10:49:00.026Z"
}
{
  "timestamp": "2026-07-24 16:19:00",
  "level": "ERROR",
  "message": "🎉 Cleanup Finished | JobId=daily-cleanup-1784890140024"
}
{
  "timestamp": "2026-07-24 16:19:00",
  "level": "ERROR",
  "message": "✅ Job Completed | JobId=daily-cleanup-1784890140024"
}
{
  "timestamp": "2026-07-24 16:20:00",
  "level": "ERROR",
  "message": "Cleanup job scheduled",
  "time": "2026-07-24T10:50:00.034Z"
}
{
  "timestamp": "2026-07-24 16:20:00",
  "level": "ERROR",
  "message": "🎉 Cleanup Finished | JobId=daily-cleanup-1784890200031"
}
{
  "timestamp": "2026-07-24 16:20:00",
  "level": "ERROR",
  "message": "✅ Job Completed | JobId=daily-cleanup-1784890200031"
}
{
  "timestamp": "2026-07-24 16:21:00",
  "level": "ERROR",
  "message": "Cleanup job scheduled",
  "time": "2026-07-24T10:51:00.031Z"
}
{
  "timestamp": "2026-07-24 16:21:00",
  "level": "ERROR",
  "message": "🎉 Cleanup Finished | JobId=daily-cleanup-1784890260030"
}
{
  "timestamp": "2026-07-24 16:21:00",
  "level": "ERROR",
  "message": "✅ Job Completed | JobId=daily-cleanup-1784890260030"
}
{
  "timestamp": "2026-07-24 16:22:00",
  "level": "ERROR",
  "message": "Cleanup job scheduled",
  "time": "2026-07-24T10:52:00.026Z"
}
{
  "timestamp": "2026-07-24 16:22:00",
  "level": "ERROR",
  "message": "🎉 Cleanup Finished | JobId=daily-cleanup-1784890320024"
}
{
  "timestamp": "2026-07-24 16:22:00",
  "level": "ERROR",
  "message": "✅ Job Completed | JobId=daily-cleanup-1784890320024"
}
{
  "timestamp": "2026-07-24 16:23:00",
  "level": "ERROR",
  "message": "Cleanup job scheduled",
  "time": "2026-07-24T10:53:00.025Z"
}
{
  "timestamp": "2026-07-24 16:23:00",
  "level": "ERROR",
  "message": "🎉 Cleanup Finished | JobId=daily-cleanup-1784890380024"
}
{
  "timestamp": "2026-07-24 16:23:00",
  "level": "ERROR",
  "message": "✅ Job Completed | JobId=daily-cleanup-1784890380024"
}
{
  "timestamp": "2026-07-24 16:24:00",
  "level": "ERROR",
  "message": "Cleanup job scheduled",
  "time": "2026-07-24T10:54:00.030Z"
}
{
  "timestamp": "2026-07-24 16:24:00",
  "level": "ERROR",
  "message": "🎉 Cleanup Finished | JobId=daily-cleanup-1784890440028"
}
{
  "timestamp": "2026-07-24 16:24:00",
  "level": "ERROR",
  "message": "✅ Job Completed | JobId=daily-cleanup-1784890440028"
}
{
  "timestamp": "2026-07-24 16:25:00",
  "level": "ERROR",
  "message": "Cleanup job scheduled",
  "time": "2026-07-24T10:55:00.027Z"
}
{
  "timestamp": "2026-07-24 16:25:00",
  "level": "ERROR",
  "message": "🎉 Cleanup Finished | JobId=daily-cleanup-1784890500024"
}
{
  "timestamp": "2026-07-24 16:25:00",
  "level": "ERROR",
  "message": "✅ Job Completed | JobId=daily-cleanup-1784890500024"
}
{
  "timestamp": "2026-07-24 16:26:00",
  "level": "ERROR",
  "message": "Cleanup job scheduled",
  "time": "2026-07-24T10:56:00.026Z"
}
{
  "timestamp": "2026-07-24 16:26:00",
  "level": "ERROR",
  "message": "🎉 Cleanup Finished | JobId=daily-cleanup-1784890560023"
}
{
  "timestamp": "2026-07-24 16:26:00",
  "level": "ERROR",
  "message": "✅ Job Completed | JobId=daily-cleanup-1784890560023"
}
{
  "timestamp": "2026-07-24 16:27:00",
  "level": "ERROR",
  "message": "Cleanup job scheduled",
  "time": "2026-07-24T10:57:00.035Z"
}
{
  "timestamp": "2026-07-24 16:27:00",
  "level": "ERROR",
  "message": "🎉 Cleanup Finished | JobId=daily-cleanup-1784890620033"
}
{
  "timestamp": "2026-07-24 16:27:00",
  "level": "ERROR",
  "message": "✅ Job Completed | JobId=daily-cleanup-1784890620033"
}
{
  "timestamp": "2026-07-24 16:28:00",
  "level": "ERROR",
  "message": "Cleanup job scheduled",
  "time": "2026-07-24T10:58:00.027Z"
}
{
  "timestamp": "2026-07-24 16:28:00",
  "level": "ERROR",
  "message": "🎉 Cleanup Finished | JobId=daily-cleanup-1784890680024"
}
{
  "timestamp": "2026-07-24 16:28:00",
  "level": "ERROR",
  "message": "✅ Job Completed | JobId=daily-cleanup-1784890680024"
}
{
  "timestamp": "2026-07-24 16:29:00",
  "level": "ERROR",
  "message": "Cleanup job scheduled",
  "time": "2026-07-24T10:59:00.028Z"
}
{
  "timestamp": "2026-07-24 16:29:00",
  "level": "ERROR",
  "message": "🎉 Cleanup Finished | JobId=daily-cleanup-1784890740027"
}
{
  "timestamp": "2026-07-24 16:29:00",
  "level": "ERROR",
  "message": "✅ Job Completed | JobId=daily-cleanup-1784890740027"
}
{
  "timestamp": "2026-07-24 16:30:00",
  "level": "ERROR",
  "message": "Cleanup job scheduled",
  "time": "2026-07-24T11:00:00.028Z"
}
{
  "timestamp": "2026-07-24 16:30:00",
  "level": "ERROR",
  "message": "🎉 Cleanup Finished | JobId=daily-cleanup-1784890800024"
}
{
  "timestamp": "2026-07-24 16:30:00",
  "level": "ERROR",
  "message": "✅ Job Completed | JobId=daily-cleanup-1784890800024"
}
{
  "timestamp": "2026-07-24 16:31:00",
  "level": "ERROR",
  "message": "Cleanup job scheduled",
  "time": "2026-07-24T11:01:00.026Z"
}
{
  "timestamp": "2026-07-24 16:31:00",
  "level": "ERROR",
  "message": "🎉 Cleanup Finished | JobId=daily-cleanup-1784890860024"
}
{
  "timestamp": "2026-07-24 16:31:00",
  "level": "ERROR",
  "message": "✅ Job Completed | JobId=daily-cleanup-1784890860024"
}
{
  "timestamp": "2026-07-24 16:32:00",
  "level": "ERROR",
  "message": "Cleanup job scheduled",
  "time": "2026-07-24T11:02:00.014Z"
}
{
  "timestamp": "2026-07-24 16:32:00",
  "level": "ERROR",
  "message": "🎉 Cleanup Finished | JobId=daily-cleanup-1784890920013"
}
{
  "timestamp": "2026-07-24 16:32:00",
  "level": "ERROR",
  "message": "✅ Job Completed | JobId=daily-cleanup-1784890920013"
}
{
  "timestamp": "2026-07-24 16:32:35",
  "level": "ERROR",
  "message": "✅ Cleanup Worker Connected To PostgreSQL"
}
{
  "timestamp": "2026-07-24 16:32:35",
  "level": "ERROR",
  "message": "✅ Cleanup Worker Started Successfully\""
}
{
  "timestamp": "2026-07-24 16:32:35",
  "level": "ERROR",
  "message": "✅ Cleanup BullMQ Worker Ready"
}
{
  "timestamp": "2026-07-24 16:33:00",
  "level": "ERROR",
  "message": "Cleanup job scheduled",
  "time": "2026-07-24T11:03:00.021Z"
}
{
  "timestamp": "2026-07-24 16:33:00",
  "level": "ERROR",
  "message": "🗑️ primary_bin_data: deleted 200 rows"
}
{
  "timestamp": "2026-07-24 16:33:00",
  "level": "ERROR",
  "message": "🗑️ primary_bin_data: deleted 200 rows"
}
{
  "timestamp": "2026-07-24 16:33:00",
  "level": "ERROR",
  "message": "🗑️ primary_bin_data: deleted 200 rows"
}
{
  "timestamp": "2026-07-24 16:33:00",
  "level": "ERROR",
  "message": "🗑️ primary_bin_data: deleted 200 rows"
}
{
  "timestamp": "2026-07-24 16:33:00",
  "level": "ERROR",
  "message": "🗑️ primary_bin_data: deleted 200 rows"
}
{
  "timestamp": "2026-07-24 16:33:01",
  "level": "ERROR",
  "message": "🗑️ primary_bin_data: deleted 200 rows"
}
{
  "timestamp": "2026-07-24 16:33:01",
  "level": "ERROR",
  "message": "🗑️ primary_bin_data: deleted 46 rows"
}
{
  "timestamp": "2026-07-24 16:33:01",
  "level": "ERROR",
  "message": "🗑️ sorted_bulk_data: deleted 200 rows"
}
{
  "timestamp": "2026-07-24 16:33:01",
  "level": "ERROR",
  "message": "🗑️ sorted_bulk_data: deleted 200 rows"
}
{
  "timestamp": "2026-07-24 16:33:02",
  "level": "ERROR",
  "message": "🗑️ sorted_bulk_data: deleted 200 rows"
}
{
  "timestamp": "2026-07-24 16:33:02",
  "level": "ERROR",
  "message": "🗑️ sorted_bulk_data: deleted 200 rows"
}
{
  "timestamp": "2026-07-24 16:33:02",
  "level": "ERROR",
  "message": "🗑️ sorted_bulk_data: deleted 156 rows"
}
{
  "timestamp": "2026-07-24 16:33:02",
  "level": "ERROR",
  "message": "🗑️ bulk_data: deleted 200 rows"
}
{
  "timestamp": "2026-07-24 16:33:02",
  "level": "ERROR",
  "message": "🗑️ bulk_data: deleted 200 rows"
}
{
  "timestamp": "2026-07-24 16:33:03",
  "level": "ERROR",
  "message": "🗑️ bulk_data: deleted 200 rows"
}
{
  "timestamp": "2026-07-24 16:33:03",
  "level": "ERROR",
  "message": "🗑️ bulk_data: deleted 200 rows"
}
{
  "timestamp": "2026-07-24 16:33:03",
  "level": "ERROR",
  "message": "🗑️ bulk_data: deleted 200 rows"
}
{
  "timestamp": "2026-07-24 16:33:03",
  "level": "ERROR",
  "message": "🗑️ bulk_data: deleted 200 rows"
}
{
  "timestamp": "2026-07-24 16:33:04",
  "level": "ERROR",
  "message": "🗑️ bulk_data: deleted 200 rows"
}
{
  "timestamp": "2026-07-24 16:33:04",
  "level": "ERROR",
  "message": "🗑️ bulk_data: deleted 200 rows"
}
{
  "timestamp": "2026-07-24 16:33:04",
  "level": "ERROR",
  "message": "🗑️ bulk_data: deleted 200 rows"
}
{
  "timestamp": "2026-07-24 16:33:04",
  "level": "ERROR",
  "message": "🗑️ bulk_data: deleted 200 rows"
}
{
  "timestamp": "2026-07-24 16:33:04",
  "level": "ERROR",
  "message": "🗑️ bulk_data: deleted 200 rows"
}
{
  "timestamp": "2026-07-24 16:33:05",
  "level": "ERROR",
  "message": "🗑️ bulk_data: deleted 200 rows"
}
{
  "timestamp": "2026-07-24 16:33:05",
  "level": "ERROR",
  "message": "🗑️ bulk_data: deleted 200 rows"
}
{
  "timestamp": "2026-07-24 16:33:05",
  "level": "ERROR",
  "message": "🗑️ bulk_data: deleted 200 rows"
}
{
  "timestamp": "2026-07-24 16:33:05",
  "level": "ERROR",
  "message": "🗑️ bulk_data: deleted 200 rows"
}
{
  "timestamp": "2026-07-24 16:33:06",
  "level": "ERROR",
  "message": "🗑️ bulk_data: deleted 200 rows"
}
{
  "timestamp": "2026-07-24 16:33:06",
  "level": "ERROR",
  "message": "🗑️ bulk_data: deleted 200 rows"
}
{
  "timestamp": "2026-07-24 16:33:06",
  "level": "ERROR",
  "message": "🗑️ bulk_data: deleted 200 rows"
}
{
  "timestamp": "2026-07-24 16:33:06",
  "level": "ERROR",
  "message": "🗑️ bulk_data: deleted 200 rows"
}
{
  "timestamp": "2026-07-24 16:33:06",
  "level": "ERROR",
  "message": "🗑️ bulk_data: deleted 200 rows"
}
{
  "timestamp": "2026-07-24 16:33:07",
  "level": "ERROR",
  "message": "🗑️ bulk_data: deleted 200 rows"
}
{
  "timestamp": "2026-07-24 16:33:07",
  "level": "ERROR",
  "message": "🗑️ bulk_data: deleted 200 rows"
}
{
  "timestamp": "2026-07-24 16:33:07",
  "level": "ERROR",
  "message": "🗑️ bulk_data: deleted 200 rows"
}
{
  "timestamp": "2026-07-24 16:33:07",
  "level": "ERROR",
  "message": "🗑️ bulk_data: deleted 200 rows"
}
{
  "timestamp": "2026-07-24 16:33:08",
  "level": "ERROR",
  "message": "🗑️ bulk_data: deleted 200 rows"
}
{
  "timestamp": "2026-07-24 16:33:08",
  "level": "ERROR",
  "message": "🗑️ bulk_data: deleted 200 rows"
}
{
  "timestamp": "2026-07-24 16:33:08",
  "level": "ERROR",
  "message": "🗑️ bulk_data: deleted 200 rows"
}
{
  "timestamp": "2026-07-24 16:33:08",
  "level": "ERROR",
  "message": "🗑️ bulk_data: deleted 200 rows"
}
{
  "timestamp": "2026-07-24 16:33:09",
  "level": "ERROR",
  "message": "🗑️ bulk_data: deleted 200 rows"
}
{
  "timestamp": "2026-07-24 16:33:09",
  "level": "ERROR",
  "message": "🗑️ bulk_data: deleted 200 rows"
}
{
  "timestamp": "2026-07-24 16:33:09",
  "level": "ERROR",
  "message": "🗑️ bulk_data: deleted 200 rows"
}
{
  "timestamp": "2026-07-24 16:33:09",
  "level": "ERROR",
  "message": "🗑️ bulk_data: deleted 200 rows"
}
{
  "timestamp": "2026-07-24 16:33:09",
  "level": "ERROR",
  "message": "🗑️ bulk_data: deleted 200 rows"
}
{
  "timestamp": "2026-07-24 16:33:10",
  "level": "ERROR",
  "message": "🗑️ bulk_data: deleted 200 rows"
}
{
  "timestamp": "2026-07-24 16:33:10",
  "level": "ERROR",
  "message": "🗑️ bulk_data: deleted 200 rows"
}
{
  "timestamp": "2026-07-24 16:33:10",
  "level": "ERROR",
  "message": "🗑️ bulk_data: deleted 200 rows"
}
{
  "timestamp": "2026-07-24 16:33:10",
  "level": "ERROR",
  "message": "🗑️ bulk_data: deleted 200 rows"
}
{
  "timestamp": "2026-07-24 16:33:11",
  "level": "ERROR",
  "message": "🗑️ bulk_data: deleted 200 rows"
}
{
  "timestamp": "2026-07-24 16:33:11",
  "level": "ERROR",
  "message": "🗑️ bulk_data: deleted 200 rows"
}
{
  "timestamp": "2026-07-24 16:33:11",
  "level": "ERROR",
  "message": "🗑️ bulk_data: deleted 200 rows"
}
{
  "timestamp": "2026-07-24 16:33:11",
  "level": "ERROR",
  "message": "🗑️ bulk_data: deleted 200 rows"
}
{
  "timestamp": "2026-07-24 16:33:11",
  "level": "ERROR",
  "message": "🗑️ bulk_data: deleted 200 rows"
}
{
  "timestamp": "2026-07-24 16:33:12",
  "level": "ERROR",
  "message": "🗑️ bulk_data: deleted 200 rows"
}
{
  "timestamp": "2026-07-24 16:33:12",
  "level": "ERROR",
  "message": "🗑️ bulk_data: deleted 200 rows"
}
{
  "timestamp": "2026-07-24 16:33:12",
  "level": "ERROR",
  "message": "🗑️ bulk_data: deleted 200 rows"
}
{
  "timestamp": "2026-07-24 16:33:12",
  "level": "ERROR",
  "message": "🗑️ bulk_data: deleted 200 rows"
}
{
  "timestamp": "2026-07-24 16:33:13",
  "level": "ERROR",
  "message": "🗑️ bulk_data: deleted 200 rows"
}
{
  "timestamp": "2026-07-24 16:33:13",
  "level": "ERROR",
  "message": "🗑️ bulk_data: deleted 200 rows"
}
{
  "timestamp": "2026-07-24 16:33:13",
  "level": "ERROR",
  "message": "🗑️ bulk_data: deleted 200 rows"
}
{
  "timestamp": "2026-07-24 16:33:13",
  "level": "ERROR",
  "message": "🗑️ bulk_data: deleted 200 rows"
}
{
  "timestamp": "2026-07-24 16:33:14",
  "level": "ERROR",
  "message": "🗑️ bulk_data: deleted 200 rows"
}
{
  "timestamp": "2026-07-24 16:33:14",
  "level": "ERROR",
  "message": "🗑️ bulk_data: deleted 200 rows"
}
{
  "timestamp": "2026-07-24 16:33:14",
  "level": "ERROR",
  "message": "🗑️ bulk_data: deleted 200 rows"
}
{
  "timestamp": "2026-07-24 16:33:14",
  "level": "ERROR",
  "message": "🗑️ bulk_data: deleted 200 rows"
}
{
  "timestamp": "2026-07-24 16:33:15",
  "level": "ERROR",
  "message": "🗑️ bulk_data: deleted 200 rows"
}
{
  "timestamp": "2026-07-24 16:33:15",
  "level": "ERROR",
  "message": "🗑️ bulk_data: deleted 200 rows"
}
{
  "timestamp": "2026-07-24 16:33:15",
  "level": "ERROR",
  "message": "🗑️ bulk_data: deleted 200 rows"
}
{
  "timestamp": "2026-07-24 16:33:15",
  "level": "ERROR",
  "message": "🗑️ bulk_data: deleted 200 rows"
}
{
  "timestamp": "2026-07-24 16:33:15",
  "level": "ERROR",
  "message": "🗑️ bulk_data: deleted 200 rows"
}
{
  "timestamp": "2026-07-24 16:33:16",
  "level": "ERROR",
  "message": "🗑️ bulk_data: deleted 200 rows"
}
{
  "timestamp": "2026-07-24 16:33:16",
  "level": "ERROR",
  "message": "🗑️ bulk_data: deleted 200 rows"
}
{
  "timestamp": "2026-07-24 16:33:16",
  "level": "ERROR",
  "message": "🗑️ bulk_data: deleted 200 rows"
}
{
  "timestamp": "2026-07-24 16:33:16",
  "level": "ERROR",
  "message": "🗑️ bulk_data: deleted 200 rows"
}
{
  "timestamp": "2026-07-24 16:33:17",
  "level": "ERROR",
  "message": "🗑️ bulk_data: deleted 200 rows"
}
{
  "timestamp": "2026-07-24 16:33:17",
  "level": "ERROR",
  "message": "🗑️ bulk_data: deleted 200 rows"
}
{
  "timestamp": "2026-07-24 16:33:17",
  "level": "ERROR",
  "message": "🗑️ bulk_data: deleted 200 rows"
}
{
  "timestamp": "2026-07-24 16:33:17",
  "level": "ERROR",
  "message": "🗑️ bulk_data: deleted 200 rows"
}
{
  "timestamp": "2026-07-24 16:33:18",
  "level": "ERROR",
  "message": "🗑️ bulk_data: deleted 200 rows"
}
{
  "timestamp": "2026-07-24 16:33:18",
  "level": "ERROR",
  "message": "🗑️ bulk_data: deleted 200 rows"
}
{
  "timestamp": "2026-07-24 16:33:18",
  "level": "ERROR",
  "message": "🗑️ bulk_data: deleted 200 rows"
}
{
  "timestamp": "2026-07-24 16:33:18",
  "level": "ERROR",
  "message": "🗑️ bulk_data: deleted 200 rows"
}
{
  "timestamp": "2026-07-24 16:33:19",
  "level": "ERROR",
  "message": "🗑️ bulk_data: deleted 200 rows"
}
{
  "timestamp": "2026-07-24 16:33:19",
  "level": "ERROR",
  "message": "🗑️ bulk_data: deleted 200 rows"
}
{
  "timestamp": "2026-07-24 16:33:19",
  "level": "ERROR",
  "message": "🗑️ bulk_data: deleted 200 rows"
}
{
  "timestamp": "2026-07-24 16:33:19",
  "level": "ERROR",
  "message": "🗑️ bulk_data: deleted 200 rows"
}
{
  "timestamp": "2026-07-24 16:33:19",
  "level": "ERROR",
  "message": "🗑️ bulk_data: deleted 200 rows"
}
{
  "timestamp": "2026-07-24 16:33:20",
  "level": "ERROR",
  "message": "🗑️ bulk_data: deleted 200 rows"
}
{
  "timestamp": "2026-07-24 16:33:20",
  "level": "ERROR",
  "message": "🗑️ bulk_data: deleted 200 rows"
}
{
  "timestamp": "2026-07-24 16:33:20",
  "level": "ERROR",
  "message": "🗑️ bulk_data: deleted 200 rows"
}
{
  "timestamp": "2026-07-24 16:33:20",
  "level": "ERROR",
  "message": "🗑️ bulk_data: deleted 200 rows"
}
{
  "timestamp": "2026-07-24 16:33:21",
  "level": "ERROR",
  "message": "🗑️ bulk_data: deleted 200 rows"
}
{
  "timestamp": "2026-07-24 16:33:21",
  "level": "ERROR",
  "message": "🗑️ bulk_data: deleted 200 rows"
}
{
  "timestamp": "2026-07-24 16:33:21",
  "level": "ERROR",
  "message": "🗑️ bulk_data: deleted 200 rows"
}
{
  "timestamp": "2026-07-24 16:33:21",
  "level": "ERROR",
  "message": "🗑️ bulk_data: deleted 200 rows"
}
{
  "timestamp": "2026-07-24 16:33:21",
  "level": "ERROR",
  "message": "🗑️ bulk_data: deleted 200 rows"
}
{
  "timestamp": "2026-07-24 16:33:22",
  "level": "ERROR",
  "message": "🗑️ bulk_data: deleted 200 rows"
}
{
  "timestamp": "2026-07-24 16:33:22",
  "level": "ERROR",
  "message": "🗑️ bulk_data: deleted 200 rows"
}
{
  "timestamp": "2026-07-24 16:33:22",
  "level": "ERROR",
  "message": "🗑️ bulk_data: deleted 200 rows"
}
{
  "timestamp": "2026-07-24 16:33:22",
  "level": "ERROR",
  "message": "🗑️ bulk_data: deleted 200 rows"
}
{
  "timestamp": "2026-07-24 16:33:23",
  "level": "ERROR",
  "message": "🗑️ bulk_data: deleted 200 rows"
}
{
  "timestamp": "2026-07-24 16:33:23",
  "level": "ERROR",
  "message": "🗑️ bulk_data: deleted 200 rows"
}
{
  "timestamp": "2026-07-24 16:33:23",
  "level": "ERROR",
  "message": "🗑️ bulk_data: deleted 200 rows"
}
{
  "timestamp": "2026-07-24 16:33:23",
  "level": "ERROR",
  "message": "🗑️ bulk_data: deleted 200 rows"
}
{
  "timestamp": "2026-07-24 16:33:23",
  "level": "ERROR",
  "message": "🗑️ bulk_data: deleted 200 rows"
}
{
  "timestamp": "2026-07-24 16:33:24",
  "level": "ERROR",
  "message": "🗑️ bulk_data: deleted 200 rows"
}
{
  "timestamp": "2026-07-24 16:33:24",
  "level": "ERROR",
  "message": "🗑️ bulk_data: deleted 200 rows"
}
{
  "timestamp": "2026-07-24 16:33:24",
  "level": "ERROR",
  "message": "🗑️ bulk_data: deleted 200 rows"
}
{
  "timestamp": "2026-07-24 16:33:24",
  "level": "ERROR",
  "message": "🗑️ bulk_data: deleted 200 rows"
}
{
  "timestamp": "2026-07-24 16:33:25",
  "level": "ERROR",
  "message": "🗑️ bulk_data: deleted 200 rows"
}
{
  "timestamp": "2026-07-24 16:33:25",
  "level": "ERROR",
  "message": "🗑️ bulk_data: deleted 200 rows"
}
{
  "timestamp": "2026-07-24 16:33:25",
  "level": "ERROR",
  "message": "🗑️ bulk_data: deleted 200 rows"
}
{
  "timestamp": "2026-07-24 16:33:25",
  "level": "ERROR",
  "message": "🗑️ bulk_data: deleted 200 rows"
}
{
  "timestamp": "2026-07-24 16:33:25",
  "level": "ERROR",
  "message": "🗑️ bulk_data: deleted 200 rows"
}
{
  "timestamp": "2026-07-24 16:33:26",
  "level": "ERROR",
  "message": "🗑️ bulk_data: deleted 200 rows"
}
{
  "timestamp": "2026-07-24 16:33:26",
  "level": "ERROR",
  "message": "🗑️ bulk_data: deleted 200 rows"
}
{
  "timestamp": "2026-07-24 16:33:26",
  "level": "ERROR",
  "message": "🗑️ bulk_data: deleted 200 rows"
}
{
  "timestamp": "2026-07-24 16:33:26",
  "level": "ERROR",
  "message": "🗑️ bulk_data: deleted 200 rows"
}
{
  "timestamp": "2026-07-24 16:33:27",
  "level": "ERROR",
  "message": "🗑️ bulk_data: deleted 200 rows"
}
{
  "timestamp": "2026-07-24 16:33:27",
  "level": "ERROR",
  "message": "🗑️ bulk_data: deleted 200 rows"
}
{
  "timestamp": "2026-07-24 16:33:27",
  "level": "ERROR",
  "message": "🗑️ bulk_data: deleted 200 rows"
}
{
  "timestamp": "2026-07-24 16:33:27",
  "level": "ERROR",
  "message": "🗑️ bulk_data: deleted 200 rows"
}
{
  "timestamp": "2026-07-24 16:33:27",
  "level": "ERROR",
  "message": "🗑️ bulk_data: deleted 200 rows"
}
{
  "timestamp": "2026-07-24 16:33:28",
  "level": "ERROR",
  "message": "🗑️ bulk_data: deleted 200 rows"
}
{
  "timestamp": "2026-07-24 16:33:28",
  "level": "ERROR",
  "message": "🗑️ bulk_data: deleted 200 rows"
}
{
  "timestamp": "2026-07-24 16:33:28",
  "level": "ERROR",
  "message": "🗑️ bulk_data: deleted 200 rows"
}
{
  "timestamp": "2026-07-24 16:33:28",
  "level": "ERROR",
  "message": "🗑️ bulk_data: deleted 200 rows"
}
{
  "timestamp": "2026-07-24 16:33:28",
  "level": "ERROR",
  "message": "🗑️ bulk_data: deleted 200 rows"
}
{
  "timestamp": "2026-07-24 16:33:29",
  "level": "ERROR",
  "message": "🗑️ bulk_data: deleted 200 rows"
}
{
  "timestamp": "2026-07-24 16:33:29",
  "level": "ERROR",
  "message": "🗑️ bulk_data: deleted 200 rows"
}
{
  "timestamp": "2026-07-24 16:33:29",
  "level": "ERROR",
  "message": "🗑️ bulk_data: deleted 200 rows"
}
{
  "timestamp": "2026-07-24 16:33:29",
  "level": "ERROR",
  "message": "🗑️ bulk_data: deleted 200 rows"
}
{
  "timestamp": "2026-07-24 16:33:30",
  "level": "ERROR",
  "message": "🗑️ bulk_data: deleted 200 rows"
}
{
  "timestamp": "2026-07-24 16:33:30",
  "level": "ERROR",
  "message": "🗑️ bulk_data: deleted 200 rows"
}
{
  "timestamp": "2026-07-24 16:33:30",
  "level": "ERROR",
  "message": "🗑️ bulk_data: deleted 200 rows"
}
{
  "timestamp": "2026-07-24 16:33:30",
  "level": "ERROR",
  "message": "🗑️ bulk_data: deleted 200 rows"
}
{
  "timestamp": "2026-07-24 16:33:30",
  "level": "ERROR",
  "message": "🗑️ bulk_data: deleted 200 rows"
}
{
  "timestamp": "2026-07-24 16:33:31",
  "level": "ERROR",
  "message": "🗑️ bulk_data: deleted 200 rows"
}
{
  "timestamp": "2026-07-24 16:33:31",
  "level": "ERROR",
  "message": "🗑️ bulk_data: deleted 200 rows"
}
{
  "timestamp": "2026-07-24 16:33:31",
  "level": "ERROR",
  "message": "🗑️ bulk_data: deleted 200 rows"
}
{
  "timestamp": "2026-07-24 16:33:31",
  "level": "ERROR",
  "message": "🗑️ bulk_data: deleted 200 rows"
}
{
  "timestamp": "2026-07-24 16:33:32",
  "level": "ERROR",
  "message": "🗑️ bulk_data: deleted 200 rows"
}
{
  "timestamp": "2026-07-24 16:33:32",
  "level": "ERROR",
  "message": "🗑️ bulk_data: deleted 200 rows"
}
{
  "timestamp": "2026-07-24 16:33:32",
  "level": "ERROR",
  "message": "🗑️ bulk_data: deleted 200 rows"
}
{
  "timestamp": "2026-07-24 16:33:32",
  "level": "ERROR",
  "message": "🗑️ bulk_data: deleted 200 rows"
}
{
  "timestamp": "2026-07-24 16:33:32",
  "level": "ERROR",
  "message": "🗑️ bulk_data: deleted 200 rows"
}
{
  "timestamp": "2026-07-24 16:33:33",
  "level": "ERROR",
  "message": "🗑️ bulk_data: deleted 200 rows"
}
{
  "timestamp": "2026-07-24 16:33:33",
  "level": "ERROR",
  "message": "🗑️ bulk_data: deleted 200 rows"
}
{
  "timestamp": "2026-07-24 16:33:33",
  "level": "ERROR",
  "message": "🗑️ bulk_data: deleted 200 rows"
}
{
  "timestamp": "2026-07-24 16:33:33",
  "level": "ERROR",
  "message": "🗑️ bulk_data: deleted 200 rows"
}
{
  "timestamp": "2026-07-24 16:33:34",
  "level": "ERROR",
  "message": "🗑️ bulk_data: deleted 200 rows"
}
{
  "timestamp": "2026-07-24 16:33:34",
  "level": "ERROR",
  "message": "🗑️ bulk_data: deleted 200 rows"
}
{
  "timestamp": "2026-07-24 16:33:34",
  "level": "ERROR",
  "message": "🗑️ bulk_data: deleted 200 rows"
}
{
  "timestamp": "2026-07-24 16:33:34",
  "level": "ERROR",
  "message": "🗑️ bulk_data: deleted 200 rows"
}
{
  "timestamp": "2026-07-24 16:33:34",
  "level": "ERROR",
  "message": "🗑️ bulk_data: deleted 200 rows"
}
{
  "timestamp": "2026-07-24 16:33:35",
  "level": "ERROR",
  "message": "🗑️ bulk_data: deleted 200 rows"
}
{
  "timestamp": "2026-07-24 16:33:35",
  "level": "ERROR",
  "message": "🗑️ bulk_data: deleted 200 rows"
}
{
  "timestamp": "2026-07-24 16:33:35",
  "level": "ERROR",
  "message": "🗑️ bulk_data: deleted 200 rows"
}
{
  "timestamp": "2026-07-24 16:33:35",
  "level": "ERROR",
  "message": "🗑️ bulk_data: deleted 200 rows"
}
{
  "timestamp": "2026-07-24 16:33:35",
  "level": "ERROR",
  "message": "🗑️ bulk_data: deleted 200 rows"
}
{
  "timestamp": "2026-07-24 16:33:36",
  "level": "ERROR",
  "message": "🗑️ bulk_data: deleted 200 rows"
}
{
  "timestamp": "2026-07-24 16:33:36",
  "level": "ERROR",
  "message": "🗑️ bulk_data: deleted 200 rows"
}
{
  "timestamp": "2026-07-24 16:33:36",
  "level": "ERROR",
  "message": "🗑️ bulk_data: deleted 200 rows"
}
{
  "timestamp": "2026-07-24 16:33:36",
  "level": "ERROR",
  "message": "🗑️ bulk_data: deleted 200 rows"
}
{
  "timestamp": "2026-07-24 16:33:37",
  "level": "ERROR",
  "message": "🗑️ bulk_data: deleted 200 rows"
}
{
  "timestamp": "2026-07-24 16:33:37",
  "level": "ERROR",
  "message": "🗑️ bulk_data: deleted 200 rows"
}
{
  "timestamp": "2026-07-24 16:33:37",
  "level": "ERROR",
  "message": "🗑️ bulk_data: deleted 200 rows"
}
{
  "timestamp": "2026-07-24 16:33:37",
  "level": "ERROR",
  "message": "🗑️ bulk_data: deleted 200 rows"
}
{
  "timestamp": "2026-07-24 16:33:37",
  "level": "ERROR",
  "message": "🗑️ bulk_data: deleted 200 rows"
}
{
  "timestamp": "2026-07-24 16:33:38",
  "level": "ERROR",
  "message": "🗑️ bulk_data: deleted 200 rows"
}
{
  "timestamp": "2026-07-24 16:33:38",
  "level": "ERROR",
  "message": "🗑️ bulk_data: deleted 200 rows"
}
{
  "timestamp": "2026-07-24 16:33:38",
  "level": "ERROR",
  "message": "🗑️ bulk_data: deleted 200 rows"
}
{
  "timestamp": "2026-07-24 16:33:38",
  "level": "ERROR",
  "message": "🗑️ bulk_data: deleted 200 rows"
}
{
  "timestamp": "2026-07-24 16:33:39",
  "level": "ERROR",
  "message": "🗑️ bulk_data: deleted 200 rows"
}
{
  "timestamp": "2026-07-24 16:33:39",
  "level": "ERROR",
  "message": "🗑️ bulk_data: deleted 200 rows"
}
{
  "timestamp": "2026-07-24 16:33:39",
  "level": "ERROR",
  "message": "🗑️ bulk_data: deleted 200 rows"
}
{
  "timestamp": "2026-07-24 16:33:39",
  "level": "ERROR",
  "message": "🗑️ bulk_data: deleted 200 rows"
}
{
  "timestamp": "2026-07-24 16:33:39",
  "level": "ERROR",
  "message": "🗑️ bulk_data: deleted 200 rows"
}
{
  "timestamp": "2026-07-24 16:33:40",
  "level": "ERROR",
  "message": "🗑️ bulk_data: deleted 200 rows"
}
{
  "timestamp": "2026-07-24 16:33:40",
  "level": "ERROR",
  "message": "🗑️ bulk_data: deleted 200 rows"
}
{
  "timestamp": "2026-07-24 16:33:40",
  "level": "ERROR",
  "message": "🗑️ bulk_data: deleted 200 rows"
}
{
  "timestamp": "2026-07-24 16:33:40",
  "level": "ERROR",
  "message": "🗑️ bulk_data: deleted 200 rows"
}
{
  "timestamp": "2026-07-24 16:33:41",
  "level": "ERROR",
  "message": "🗑️ bulk_data: deleted 200 rows"
}
{
  "timestamp": "2026-07-24 16:33:41",
  "level": "ERROR",
  "message": "🗑️ bulk_data: deleted 200 rows"
}
{
  "timestamp": "2026-07-24 16:33:41",
  "level": "ERROR",
  "message": "🗑️ bulk_data: deleted 200 rows"
}
{
  "timestamp": "2026-07-24 16:33:41",
  "level": "ERROR",
  "message": "🗑️ bulk_data: deleted 200 rows"
}
{
  "timestamp": "2026-07-24 16:33:41",
  "level": "ERROR",
  "message": "🗑️ bulk_data: deleted 200 rows"
}
{
  "timestamp": "2026-07-24 16:33:42",
  "level": "ERROR",
  "message": "🗑️ bulk_data: deleted 200 rows"
}
{
  "timestamp": "2026-07-24 16:33:42",
  "level": "ERROR",
  "message": "🗑️ bulk_data: deleted 200 rows"
}
{
  "timestamp": "2026-07-24 16:33:42",
  "level": "ERROR",
  "message": "🗑️ bulk_data: deleted 200 rows"
}
{
  "timestamp": "2026-07-24 16:33:42",
  "level": "ERROR",
  "message": "🗑️ bulk_data: deleted 200 rows"
}
{
  "timestamp": "2026-07-24 16:33:42",
  "level": "ERROR",
  "message": "🗑️ bulk_data: deleted 200 rows"
}
{
  "timestamp": "2026-07-24 16:33:43",
  "level": "ERROR",
  "message": "🗑️ bulk_data: deleted 200 rows"
}
{
  "timestamp": "2026-07-24 16:33:43",
  "level": "ERROR",
  "message": "🗑️ bulk_data: deleted 200 rows"
}
{
  "timestamp": "2026-07-24 16:33:43",
  "level": "ERROR",
  "message": "🗑️ bulk_data: deleted 200 rows"
}
{
  "timestamp": "2026-07-24 16:33:43",
  "level": "ERROR",
  "message": "🗑️ bulk_data: deleted 200 rows"
}
{
  "timestamp": "2026-07-24 16:33:44",
  "level": "ERROR",
  "message": "🗑️ bulk_data: deleted 200 rows"
}
{
  "timestamp": "2026-07-24 16:33:44",
  "level": "ERROR",
  "message": "🗑️ bulk_data: deleted 200 rows"
}
{
  "timestamp": "2026-07-24 16:33:44",
  "level": "ERROR",
  "message": "🗑️ bulk_data: deleted 200 rows"
}
{
  "timestamp": "2026-07-24 16:33:44",
  "level": "ERROR",
  "message": "🗑️ bulk_data: deleted 200 rows"
}
{
  "timestamp": "2026-07-24 16:33:44",
  "level": "ERROR",
  "message": "🗑️ bulk_data: deleted 200 rows"
}
{
  "timestamp": "2026-07-24 16:33:45",
  "level": "ERROR",
  "message": "🗑️ bulk_data: deleted 200 rows"
}
{
  "timestamp": "2026-07-24 16:33:45",
  "level": "ERROR",
  "message": "🗑️ bulk_data: deleted 200 rows"
}
{
  "timestamp": "2026-07-24 16:33:45",
  "level": "ERROR",
  "message": "🗑️ bulk_data: deleted 200 rows"
}
{
  "timestamp": "2026-07-24 16:33:45",
  "level": "ERROR",
  "message": "🗑️ bulk_data: deleted 200 rows"
}
{
  "timestamp": "2026-07-24 16:33:46",
  "level": "ERROR",
  "message": "🗑️ bulk_data: deleted 200 rows"
}
{
  "timestamp": "2026-07-24 16:33:46",
  "level": "ERROR",
  "message": "🗑️ bulk_data: deleted 200 rows"
}
{
  "timestamp": "2026-07-24 16:33:46",
  "level": "ERROR",
  "message": "🗑️ bulk_data: deleted 200 rows"
}
{
  "timestamp": "2026-07-24 16:33:46",
  "level": "ERROR",
  "message": "🗑️ bulk_data: deleted 200 rows"
}
{
  "timestamp": "2026-07-24 16:33:46",
  "level": "ERROR",
  "message": "🗑️ bulk_data: deleted 200 rows"
}
{
  "timestamp": "2026-07-24 16:33:47",
  "level": "ERROR",
  "message": "🗑️ bulk_data: deleted 200 rows"
}
{
  "timestamp": "2026-07-24 16:33:47",
  "level": "ERROR",
  "message": "🗑️ bulk_data: deleted 200 rows"
}
{
  "timestamp": "2026-07-24 16:33:47",
  "level": "ERROR",
  "message": "🗑️ bulk_data: deleted 200 rows"
}
{
  "timestamp": "2026-07-24 16:33:47",
  "level": "ERROR",
  "message": "🗑️ bulk_data: deleted 200 rows"
}
{
  "timestamp": "2026-07-24 16:33:48",
  "level": "ERROR",
  "message": "🗑️ bulk_data: deleted 200 rows"
}
{
  "timestamp": "2026-07-24 16:33:48",
  "level": "ERROR",
  "message": "🗑️ bulk_data: deleted 200 rows"
}
{
  "timestamp": "2026-07-24 16:33:48",
  "level": "ERROR",
  "message": "🗑️ bulk_data: deleted 200 rows"
}
{
  "timestamp": "2026-07-24 16:33:48",
  "level": "ERROR",
  "message": "🗑️ bulk_data: deleted 200 rows"
}
{
  "timestamp": "2026-07-24 16:33:48",
  "level": "ERROR",
  "message": "🗑️ bulk_data: deleted 200 rows"
}
{
  "timestamp": "2026-07-24 16:33:49",
  "level": "ERROR",
  "message": "🗑️ bulk_data: deleted 200 rows"
}
{
  "timestamp": "2026-07-24 16:33:49",
  "level": "ERROR",
  "message": "🗑️ bulk_data: deleted 200 rows"
}
{
  "timestamp": "2026-07-24 16:33:49",
  "level": "ERROR",
  "message": "🗑️ bulk_data: deleted 200 rows"
}
{
  "timestamp": "2026-07-24 16:33:49",
  "level": "ERROR",
  "message": "🗑️ bulk_data: deleted 200 rows"
}
{
  "timestamp": "2026-07-24 16:33:50",
  "level": "ERROR",
  "message": "🗑️ bulk_data: deleted 200 rows"
}
{
  "timestamp": "2026-07-24 16:33:50",
  "level": "ERROR",
  "message": "🗑️ bulk_data: deleted 200 rows"
}
{
  "timestamp": "2026-07-24 16:33:50",
  "level": "ERROR",
  "message": "🗑️ bulk_data: deleted 200 rows"
}
{
  "timestamp": "2026-07-24 16:33:50",
  "level": "ERROR",
  "message": "🗑️ bulk_data: deleted 200 rows"
}
{
  "timestamp": "2026-07-24 16:33:51",
  "level": "ERROR",
  "message": "🗑️ bulk_data: deleted 200 rows"
}
{
  "timestamp": "2026-07-24 16:33:51",
  "level": "ERROR",
  "message": "🗑️ bulk_data: deleted 200 rows"
}
{
  "timestamp": "2026-07-24 16:33:51",
  "level": "ERROR",
  "message": "🗑️ bulk_data: deleted 200 rows"
}
{
  "timestamp": "2026-07-24 16:33:51",
  "level": "ERROR",
  "message": "🗑️ bulk_data: deleted 200 rows"
}
{
  "timestamp": "2026-07-24 16:33:51",
  "level": "ERROR",
  "message": "🗑️ bulk_data: deleted 200 rows"
}
{
  "timestamp": "2026-07-24 16:33:52",
  "level": "ERROR",
  "message": "🗑️ bulk_data: deleted 200 rows"
}
{
  "timestamp": "2026-07-24 16:33:52",
  "level": "ERROR",
  "message": "🗑️ bulk_data: deleted 200 rows"
}
{
  "timestamp": "2026-07-24 16:33:52",
  "level": "ERROR",
  "message": "🗑️ bulk_data: deleted 200 rows"
}
{
  "timestamp": "2026-07-24 16:33:52",
  "level": "ERROR",
  "message": "🗑️ bulk_data: deleted 200 rows"
}
{
  "timestamp": "2026-07-24 16:33:53",
  "level": "ERROR",
  "message": "🗑️ bulk_data: deleted 200 rows"
}
{
  "timestamp": "2026-07-24 16:33:53",
  "level": "ERROR",
  "message": "🗑️ bulk_data: deleted 200 rows"
}
{
  "timestamp": "2026-07-24 16:33:53",
  "level": "ERROR",
  "message": "🗑️ bulk_data: deleted 200 rows"
}
{
  "timestamp": "2026-07-24 16:33:53",
  "level": "ERROR",
  "message": "🗑️ bulk_data: deleted 200 rows"
}
{
  "timestamp": "2026-07-24 16:33:53",
  "level": "ERROR",
  "message": "🗑️ bulk_data: deleted 200 rows"
}
{
  "timestamp": "2026-07-24 16:33:54",
  "level": "ERROR",
  "message": "🗑️ bulk_data: deleted 200 rows"
}
{
  "timestamp": "2026-07-24 16:33:54",
  "level": "ERROR",
  "message": "🗑️ bulk_data: deleted 200 rows"
}
{
  "timestamp": "2026-07-24 16:33:54",
  "level": "ERROR",
  "message": "🗑️ bulk_data: deleted 200 rows"
}
{
  "timestamp": "2026-07-24 16:33:54",
  "level": "ERROR",
  "message": "🗑️ bulk_data: deleted 200 rows"
}
{
  "timestamp": "2026-07-24 16:33:55",
  "level": "ERROR",
  "message": "🗑️ bulk_data: deleted 200 rows"
}
{
  "timestamp": "2026-07-24 16:33:55",
  "level": "ERROR",
  "message": "🗑️ bulk_data: deleted 200 rows"
}
{
  "timestamp": "2026-07-24 16:33:55",
  "level": "ERROR",
  "message": "🗑️ bulk_data: deleted 200 rows"
}
{
  "timestamp": "2026-07-24 16:33:55",
  "level": "ERROR",
  "message": "🗑️ bulk_data: deleted 200 rows"
}
{
  "timestamp": "2026-07-24 16:33:55",
  "level": "ERROR",
  "message": "🗑️ bulk_data: deleted 200 rows"
}
{
  "timestamp": "2026-07-24 16:33:56",
  "level": "ERROR",
  "message": "🗑️ bulk_data: deleted 200 rows"
}
{
  "timestamp": "2026-07-24 16:33:56",
  "level": "ERROR",
  "message": "🗑️ bulk_data: deleted 200 rows"
}
{
  "timestamp": "2026-07-24 16:33:56",
  "level": "ERROR",
  "message": "🗑️ bulk_data: deleted 200 rows"
}
{
  "timestamp": "2026-07-24 16:33:56",
  "level": "ERROR",
  "message": "🗑️ bulk_data: deleted 200 rows"
}
{
  "timestamp": "2026-07-24 16:33:57",
  "level": "ERROR",
  "message": "🗑️ bulk_data: deleted 200 rows"
}
{
  "timestamp": "2026-07-24 16:33:57",
  "level": "ERROR",
  "message": "🗑️ bulk_data: deleted 200 rows"
}
{
  "timestamp": "2026-07-24 16:33:57",
  "level": "ERROR",
  "message": "🗑️ bulk_data: deleted 200 rows"
}
{
  "timestamp": "2026-07-24 16:33:57",
  "level": "ERROR",
  "message": "🗑️ bulk_data: deleted 200 rows"
}
{
  "timestamp": "2026-07-24 16:33:57",
  "level": "ERROR",
  "message": "🗑️ bulk_data: deleted 200 rows"
}
{
  "timestamp": "2026-07-24 16:33:58",
  "level": "ERROR",
  "message": "🗑️ bulk_data: deleted 200 rows"
}
{
  "timestamp": "2026-07-24 16:33:58",
  "level": "ERROR",
  "message": "🗑️ bulk_data: deleted 200 rows"
}
{
  "timestamp": "2026-07-24 16:33:58",
  "level": "ERROR",
  "message": "🗑️ bulk_data: deleted 200 rows"
}
{
  "timestamp": "2026-07-24 16:33:58",
  "level": "ERROR",
  "message": "🗑️ bulk_data: deleted 200 rows"
}
{
  "timestamp": "2026-07-24 16:33:58",
  "level": "ERROR",
  "message": "🗑️ bulk_data: deleted 200 rows"
}
{
  "timestamp": "2026-07-24 16:33:59",
  "level": "ERROR",
  "message": "🗑️ bulk_data: deleted 200 rows"
}
{
  "timestamp": "2026-07-24 16:33:59",
  "level": "ERROR",
  "message": "🗑️ bulk_data: deleted 200 rows"
}
{
  "timestamp": "2026-07-24 16:33:59",
  "level": "ERROR",
  "message": "🗑️ bulk_data: deleted 200 rows"
}
{
  "timestamp": "2026-07-24 16:33:59",
  "level": "ERROR",
  "message": "🗑️ bulk_data: deleted 200 rows"
}
{
  "timestamp": "2026-07-24 16:34:00",
  "level": "ERROR",
  "message": "Cleanup job scheduled",
  "time": "2026-07-24T11:04:00.024Z"
}
{
  "timestamp": "2026-07-24 16:34:00",
  "level": "ERROR",
  "message": "🗑️ bulk_data: deleted 200 rows"
}
{
  "timestamp": "2026-07-24 16:34:00",
  "level": "ERROR",
  "message": "🗑️ bulk_data: deleted 200 rows"
}
{
  "timestamp": "2026-07-24 16:34:00",
  "level": "ERROR",
  "message": "🗑️ bulk_data: deleted 200 rows"
}
{
  "timestamp": "2026-07-24 16:34:00",
  "level": "ERROR",
  "message": "🗑️ bulk_data: deleted 200 rows"
}
{
  "timestamp": "2026-07-24 16:34:00",
  "level": "ERROR",
  "message": "🗑️ bulk_data: deleted 200 rows"
}
{
  "timestamp": "2026-07-24 16:34:01",
  "level": "ERROR",
  "message": "🗑️ bulk_data: deleted 200 rows"
}
{
  "timestamp": "2026-07-24 16:34:01",
  "level": "ERROR",
  "message": "🗑️ bulk_data: deleted 200 rows"
}
{
  "timestamp": "2026-07-24 16:34:01",
  "level": "ERROR",
  "message": "🗑️ bulk_data: deleted 200 rows"
}
{
  "timestamp": "2026-07-24 16:34:01",
  "level": "ERROR",
  "message": "🗑️ bulk_data: deleted 200 rows"
}
{
  "timestamp": "2026-07-24 16:34:02",
  "level": "ERROR",
  "message": "🗑️ bulk_data: deleted 200 rows"
}
{
  "timestamp": "2026-07-24 16:34:02",
  "level": "ERROR",
  "message": "🗑️ bulk_data: deleted 200 rows"
}
{
  "timestamp": "2026-07-24 16:34:02",
  "level": "ERROR",
  "message": "🗑️ bulk_data: deleted 200 rows"
}
{
  "timestamp": "2026-07-24 16:34:02",
  "level": "ERROR",
  "message": "🗑️ bulk_data: deleted 200 rows"
}
{
  "timestamp": "2026-07-24 16:34:02",
  "level": "ERROR",
  "message": "🗑️ bulk_data: deleted 200 rows"
}
{
  "timestamp": "2026-07-24 16:34:03",
  "level": "ERROR",
  "message": "🗑️ bulk_data: deleted 200 rows"
}
{
  "timestamp": "2026-07-24 16:34:03",
  "level": "ERROR",
  "message": "🗑️ bulk_data: deleted 200 rows"
}
{
  "timestamp": "2026-07-24 16:34:03",
  "level": "ERROR",
  "message": "🗑️ bulk_data: deleted 200 rows"
}
{
  "timestamp": "2026-07-24 16:34:03",
  "level": "ERROR",
  "message": "🗑️ bulk_data: deleted 200 rows"
}
{
  "timestamp": "2026-07-24 16:34:04",
  "level": "ERROR",
  "message": "🗑️ bulk_data: deleted 200 rows"
}
{
  "timestamp": "2026-07-24 16:34:04",
  "level": "ERROR",
  "message": "🗑️ bulk_data: deleted 200 rows"
}
{
  "timestamp": "2026-07-24 16:34:04",
  "level": "ERROR",
  "message": "🗑️ bulk_data: deleted 200 rows"
}
{
  "timestamp": "2026-07-24 16:34:04",
  "level": "ERROR",
  "message": "🗑️ bulk_data: deleted 200 rows"
}
{
  "timestamp": "2026-07-24 16:34:04",
  "level": "ERROR",
  "message": "🗑️ bulk_data: deleted 200 rows"
}
{
  "timestamp": "2026-07-24 16:34:05",
  "level": "ERROR",
  "message": "🗑️ bulk_data: deleted 200 rows"
}
{
  "timestamp": "2026-07-24 16:34:05",
  "level": "ERROR",
  "message": "🗑️ bulk_data: deleted 200 rows"
}
{
  "timestamp": "2026-07-24 16:34:05",
  "level": "ERROR",
  "message": "🗑️ bulk_data: deleted 200 rows"
}
{
  "timestamp": "2026-07-24 16:34:05",
  "level": "ERROR",
  "message": "🗑️ bulk_data: deleted 200 rows"
}
{
  "timestamp": "2026-07-24 16:34:05",
  "level": "ERROR",
  "message": "🗑️ bulk_data: deleted 200 rows"
}
{
  "timestamp": "2026-07-24 16:34:06",
  "level": "ERROR",
  "message": "🗑️ bulk_data: deleted 200 rows"
}
{
  "timestamp": "2026-07-24 16:34:06",
  "level": "ERROR",
  "message": "🗑️ bulk_data: deleted 200 rows"
}
{
  "timestamp": "2026-07-24 16:34:06",
  "level": "ERROR",
  "message": "🗑️ bulk_data: deleted 200 rows"
}
{
  "timestamp": "2026-07-24 16:34:06",
  "level": "ERROR",
  "message": "🗑️ bulk_data: deleted 24 rows"
}
{
  "timestamp": "2026-07-24 16:34:07",
  "level": "ERROR",
  "message": "🗑️ bag_closing: deleted 82 rows"
}
{
  "timestamp": "2026-07-24 16:34:07",
  "level": "ERROR",
  "message": "🗑️ previous_bulk_data: deleted 200 rows"
}
{
  "timestamp": "2026-07-24 16:34:07",
  "level": "ERROR",
  "message": "🗑️ previous_bulk_data: deleted 200 rows"
}
{
  "timestamp": "2026-07-24 16:34:07",
  "level": "ERROR",
  "message": "🗑️ previous_bulk_data: deleted 200 rows"
}
{
  "timestamp": "2026-07-24 16:34:07",
  "level": "ERROR",
  "message": "🗑️ previous_bulk_data: deleted 200 rows"
}
{
  "timestamp": "2026-07-24 16:34:08",
  "level": "ERROR",
  "message": "🗑️ previous_bulk_data: deleted 200 rows"
}
{
  "timestamp": "2026-07-24 16:34:08",
  "level": "ERROR",
  "message": "🗑️ previous_bulk_data: deleted 200 rows"
}
{
  "timestamp": "2026-07-24 16:34:08",
  "level": "ERROR",
  "message": "🗑️ previous_bulk_data: deleted 200 rows"
}
{
  "timestamp": "2026-07-24 16:34:08",
  "level": "ERROR",
  "message": "🗑️ previous_bulk_data: deleted 200 rows"
}
{
  "timestamp": "2026-07-24 16:34:09",
  "level": "ERROR",
  "message": "🗑️ previous_bulk_data: deleted 200 rows"
}
{
  "timestamp": "2026-07-24 16:34:09",
  "level": "ERROR",
  "message": "🗑️ previous_bulk_data: deleted 200 rows"
}
{
  "timestamp": "2026-07-24 16:34:09",
  "level": "ERROR",
  "message": "🗑️ previous_bulk_data: deleted 200 rows"
}
{
  "timestamp": "2026-07-24 16:34:09",
  "level": "ERROR",
  "message": "🗑️ previous_bulk_data: deleted 200 rows"
}
{
  "timestamp": "2026-07-24 16:34:09",
  "level": "ERROR",
  "message": "🗑️ previous_bulk_data: deleted 200 rows"
}
{
  "timestamp": "2026-07-24 16:34:10",
  "level": "ERROR",
  "message": "🗑️ previous_bulk_data: deleted 200 rows"
}
{
  "timestamp": "2026-07-24 16:34:10",
  "level": "ERROR",
  "message": "🗑️ previous_bulk_data: deleted 200 rows"
}
{
  "timestamp": "2026-07-24 16:34:10",
  "level": "ERROR",
  "message": "🗑️ previous_bulk_data: deleted 200 rows"
}
{
  "timestamp": "2026-07-24 16:34:10",
  "level": "ERROR",
  "message": "🗑️ previous_bulk_data: deleted 200 rows"
}
{
  "timestamp": "2026-07-24 16:34:11",
  "level": "ERROR",
  "message": "🗑️ previous_bulk_data: deleted 200 rows"
}
{
  "timestamp": "2026-07-24 16:34:11",
  "level": "ERROR",
  "message": "🗑️ previous_bulk_data: deleted 200 rows"
}
{
  "timestamp": "2026-07-24 16:34:11",
  "level": "ERROR",
  "message": "🗑️ previous_bulk_data: deleted 200 rows"
}
{
  "timestamp": "2026-07-24 16:34:11",
  "level": "ERROR",
  "message": "🗑️ previous_bulk_data: deleted 200 rows"
}
{
  "timestamp": "2026-07-24 16:34:11",
  "level": "ERROR",
  "message": "🗑️ previous_bulk_data: deleted 200 rows"
}
{
  "timestamp": "2026-07-24 16:34:12",
  "level": "ERROR",
  "message": "🗑️ previous_bulk_data: deleted 200 rows"
}
{
  "timestamp": "2026-07-24 16:34:12",
  "level": "ERROR",
  "message": "🗑️ previous_bulk_data: deleted 200 rows"
}
{
  "timestamp": "2026-07-24 16:34:12",
  "level": "ERROR",
  "message": "🗑️ previous_bulk_data: deleted 200 rows"
}
{
  "timestamp": "2026-07-24 16:34:12",
  "level": "ERROR",
  "message": "🗑️ previous_bulk_data: deleted 200 rows"
}
{
  "timestamp": "2026-07-24 16:34:12",
  "level": "ERROR",
  "message": "🗑️ previous_bulk_data: deleted 200 rows"
}
{
  "timestamp": "2026-07-24 16:34:13",
  "level": "ERROR",
  "message": "🗑️ previous_bulk_data: deleted 200 rows"
}
{
  "timestamp": "2026-07-24 16:34:13",
  "level": "ERROR",
  "message": "🗑️ previous_bulk_data: deleted 200 rows"
}
{
  "timestamp": "2026-07-24 16:34:13",
  "level": "ERROR",
  "message": "🗑️ previous_bulk_data: deleted 200 rows"
}
{
  "timestamp": "2026-07-24 16:34:13",
  "level": "ERROR",
  "message": "🗑️ previous_bulk_data: deleted 200 rows"
}
{
  "timestamp": "2026-07-24 16:34:14",
  "level": "ERROR",
  "message": "🗑️ previous_bulk_data: deleted 200 rows"
}
{
  "timestamp": "2026-07-24 16:34:14",
  "level": "ERROR",
  "message": "🗑️ previous_bulk_data: deleted 200 rows"
}
{
  "timestamp": "2026-07-24 16:34:14",
  "level": "ERROR",
  "message": "🗑️ previous_bulk_data: deleted 200 rows"
}
{
  "timestamp": "2026-07-24 16:34:14",
  "level": "ERROR",
  "message": "🗑️ previous_bulk_data: deleted 200 rows"
}
{
  "timestamp": "2026-07-24 16:34:14",
  "level": "ERROR",
  "message": "🗑️ previous_bulk_data: deleted 200 rows"
}
{
  "timestamp": "2026-07-24 16:34:15",
  "level": "ERROR",
  "message": "🗑️ previous_bulk_data: deleted 200 rows"
}
{
  "timestamp": "2026-07-24 16:34:15",
  "level": "ERROR",
  "message": "🗑️ previous_bulk_data: deleted 200 rows"
}
{
  "timestamp": "2026-07-24 16:34:15",
  "level": "ERROR",
  "message": "🗑️ previous_bulk_data: deleted 200 rows"
}
{
  "timestamp": "2026-07-24 16:34:15",
  "level": "ERROR",
  "message": "🗑️ previous_bulk_data: deleted 200 rows"
}
{
  "timestamp": "2026-07-24 16:34:16",
  "level": "ERROR",
  "message": "🗑️ previous_bulk_data: deleted 200 rows"
}
{
  "timestamp": "2026-07-24 16:34:16",
  "level": "ERROR",
  "message": "🗑️ previous_bulk_data: deleted 200 rows"
}
{
  "timestamp": "2026-07-24 16:34:16",
  "level": "ERROR",
  "message": "🗑️ previous_bulk_data: deleted 56 rows"
}
{
  "timestamp": "2026-07-24 16:34:16",
  "level": "ERROR",
  "message": "🎉 Cleanup Finished | JobId=daily-cleanup-1784890980018"
}
{
  "timestamp": "2026-07-24 16:34:16",
  "level": "ERROR",
  "message": "✅ Job Completed | JobId=daily-cleanup-1784890980018"
}
{
  "timestamp": "2026-07-24 16:34:16",
  "level": "ERROR",
  "message": "🎉 Cleanup Finished | JobId=daily-cleanup-1784891040021"
}
{
  "timestamp": "2026-07-24 16:34:16",
  "level": "ERROR",
  "message": "✅ Job Completed | JobId=daily-cleanup-1784891040021"
}
{
  "timestamp": "2026-07-24 16:35:00",
  "level": "ERROR",
  "message": "Cleanup job scheduled",
  "time": "2026-07-24T11:05:00.015Z"
}
{
  "timestamp": "2026-07-24 16:35:00",
  "level": "ERROR",
  "message": "🗑️ bulk_data: deleted 41 rows"
}
{
  "timestamp": "2026-07-24 16:35:00",
  "level": "ERROR",
  "message": "🗑️ previous_bulk_data: deleted 37 rows"
}
{
  "timestamp": "2026-07-24 16:35:00",
  "level": "ERROR",
  "message": "🎉 Cleanup Finished | JobId=daily-cleanup-1784891100013"
}
{
  "timestamp": "2026-07-24 16:35:00",
  "level": "ERROR",
  "message": "✅ Job Completed | JobId=daily-cleanup-1784891100013"
}
{
  "timestamp": "2026-07-24 16:36:00",
  "level": "ERROR",
  "message": "Cleanup job scheduled",
  "time": "2026-07-24T11:06:00.033Z"
}
{
  "timestamp": "2026-07-24 16:36:00",
  "level": "ERROR",
  "message": "🗑️ bulk_data: deleted 99 rows"
}
{
  "timestamp": "2026-07-24 16:36:00",
  "level": "ERROR",
  "message": "🗑️ previous_bulk_data: deleted 91 rows"
}
{
  "timestamp": "2026-07-24 16:36:00",
  "level": "ERROR",
  "message": "🎉 Cleanup Finished | JobId=daily-cleanup-1784891160031"
}
{
  "timestamp": "2026-07-24 16:36:00",
  "level": "ERROR",
  "message": "✅ Job Completed | JobId=daily-cleanup-1784891160031"
}
{
  "timestamp": "2026-07-24 16:37:00",
  "level": "ERROR",
  "message": "Cleanup job scheduled",
  "time": "2026-07-24T11:07:00.024Z"
}
{
  "timestamp": "2026-07-24 16:37:00",
  "level": "ERROR",
  "message": "🗑️ bulk_data: deleted 15 rows"
}
{
  "timestamp": "2026-07-24 16:37:00",
  "level": "ERROR",
  "message": "🗑️ previous_bulk_data: deleted 21 rows"
}
{
  "timestamp": "2026-07-24 16:37:00",
  "level": "ERROR",
  "message": "🎉 Cleanup Finished | JobId=daily-cleanup-1784891220021"
}
{
  "timestamp": "2026-07-24 16:37:00",
  "level": "ERROR",
  "message": "✅ Job Completed | JobId=daily-cleanup-1784891220021"
}
{
  "timestamp": "2026-07-24 16:38:00",
  "level": "ERROR",
  "message": "Cleanup job scheduled",
  "time": "2026-07-24T11:08:00.028Z"
}
{
  "timestamp": "2026-07-24 16:38:00",
  "level": "ERROR",
  "message": "🗑️ bulk_data: deleted 60 rows"
}
{
  "timestamp": "2026-07-24 16:38:00",
  "level": "ERROR",
  "message": "🗑️ previous_bulk_data: deleted 85 rows"
}
{
  "timestamp": "2026-07-24 16:38:00",
  "level": "ERROR",
  "message": "🎉 Cleanup Finished | JobId=daily-cleanup-1784891280026"
}
{
  "timestamp": "2026-07-24 16:38:00",
  "level": "ERROR",
  "message": "✅ Job Completed | JobId=daily-cleanup-1784891280026"
}
{
  "timestamp": "2026-07-24 16:39:00",
  "level": "ERROR",
  "message": "Cleanup job scheduled",
  "time": "2026-07-24T11:09:00.028Z"
}
{
  "timestamp": "2026-07-24 16:39:00",
  "level": "ERROR",
  "message": "🗑️ bulk_data: deleted 118 rows"
}
{
  "timestamp": "2026-07-24 16:39:00",
  "level": "ERROR",
  "message": "🗑️ previous_bulk_data: deleted 81 rows"
}
{
  "timestamp": "2026-07-24 16:39:00",
  "level": "ERROR",
  "message": "🎉 Cleanup Finished | JobId=daily-cleanup-1784891340026"
}
{
  "timestamp": "2026-07-24 16:39:00",
  "level": "ERROR",
  "message": "✅ Job Completed | JobId=daily-cleanup-1784891340026"
}
{
  "timestamp": "2026-07-24 16:40:00",
  "level": "ERROR",
  "message": "Cleanup job scheduled",
  "time": "2026-07-24T11:10:00.029Z"
}
{
  "timestamp": "2026-07-24 16:40:00",
  "level": "ERROR",
  "message": "🗑️ bulk_data: deleted 102 rows"
}
{
  "timestamp": "2026-07-24 16:40:00",
  "level": "ERROR",
  "message": "🗑️ previous_bulk_data: deleted 77 rows"
}
{
  "timestamp": "2026-07-24 16:40:00",
  "level": "ERROR",
  "message": "🎉 Cleanup Finished | JobId=daily-cleanup-1784891400028"
}
{
  "timestamp": "2026-07-24 16:40:00",
  "level": "ERROR",
  "message": "✅ Job Completed | JobId=daily-cleanup-1784891400028"
}
{
  "timestamp": "2026-07-24 16:41:00",
  "level": "ERROR",
  "message": "Cleanup job scheduled",
  "time": "2026-07-24T11:11:00.033Z"
}
{
  "timestamp": "2026-07-24 16:41:00",
  "level": "ERROR",
  "message": "🗑️ bulk_data: deleted 89 rows"
}
{
  "timestamp": "2026-07-24 16:41:00",
  "level": "ERROR",
  "message": "🗑️ previous_bulk_data: deleted 86 rows"
}
{
  "timestamp": "2026-07-24 16:41:00",
  "level": "ERROR",
  "message": "🎉 Cleanup Finished | JobId=daily-cleanup-1784891460030"
}
{
  "timestamp": "2026-07-24 16:41:00",
  "level": "ERROR",
  "message": "✅ Job Completed | JobId=daily-cleanup-1784891460030"
}
{
  "timestamp": "2026-07-24 16:42:00",
  "level": "ERROR",
  "message": "Cleanup job scheduled",
  "time": "2026-07-24T11:12:00.024Z"
}
{
  "timestamp": "2026-07-24 16:42:00",
  "level": "ERROR",
  "message": "🗑️ bulk_data: deleted 63 rows"
}
{
  "timestamp": "2026-07-24 16:42:00",
  "level": "ERROR",
  "message": "🗑️ previous_bulk_data: deleted 52 rows"
}
{
  "timestamp": "2026-07-24 16:42:00",
  "level": "ERROR",
  "message": "🎉 Cleanup Finished | JobId=daily-cleanup-1784891520022"
}
{
  "timestamp": "2026-07-24 16:42:00",
  "level": "ERROR",
  "message": "✅ Job Completed | JobId=daily-cleanup-1784891520022"
}
{
  "timestamp": "2026-07-24 16:43:00",
  "level": "ERROR",
  "message": "Cleanup job scheduled",
  "time": "2026-07-24T11:13:00.030Z"
}
{
  "timestamp": "2026-07-24 16:43:00",
  "level": "ERROR",
  "message": "🗑️ bulk_data: deleted 200 rows"
}
{
  "timestamp": "2026-07-24 16:43:00",
  "level": "ERROR",
  "message": "🗑️ bulk_data: deleted 89 rows"
}
{
  "timestamp": "2026-07-24 16:43:00",
  "level": "ERROR",
  "message": "🗑️ previous_bulk_data: deleted 200 rows"
}
{
  "timestamp": "2026-07-24 16:43:00",
  "level": "ERROR",
  "message": "🗑️ previous_bulk_data: deleted 30 rows"
}
{
  "timestamp": "2026-07-24 16:43:00",
  "level": "ERROR",
  "message": "🎉 Cleanup Finished | JobId=daily-cleanup-1784891580028"
}
{
  "timestamp": "2026-07-24 16:43:00",
  "level": "ERROR",
  "message": "✅ Job Completed | JobId=daily-cleanup-1784891580028"
}
{
  "timestamp": "2026-07-24 16:44:00",
  "level": "ERROR",
  "message": "Cleanup job scheduled",
  "time": "2026-07-24T11:14:00.028Z"
}
{
  "timestamp": "2026-07-24 16:44:00",
  "level": "ERROR",
  "message": "🗑️ bulk_data: deleted 136 rows"
}
{
  "timestamp": "2026-07-24 16:44:00",
  "level": "ERROR",
  "message": "🗑️ previous_bulk_data: deleted 92 rows"
}
{
  "timestamp": "2026-07-24 16:44:00",
  "level": "ERROR",
  "message": "🗑️ previous_bulk_data: deleted 2 rows"
}
{
  "timestamp": "2026-07-24 16:44:00",
  "level": "ERROR",
  "message": "🎉 Cleanup Finished | JobId=daily-cleanup-1784891640025"
}
{
  "timestamp": "2026-07-24 16:44:00",
  "level": "ERROR",
  "message": "✅ Job Completed | JobId=daily-cleanup-1784891640025"
}
{
  "timestamp": "2026-07-24 16:45:00",
  "level": "ERROR",
  "message": "Cleanup job scheduled",
  "time": "2026-07-24T11:15:00.035Z"
}
{
  "timestamp": "2026-07-24 16:45:00",
  "level": "ERROR",
  "message": "🗑️ bulk_data: deleted 117 rows"
}
{
  "timestamp": "2026-07-24 16:45:00",
  "level": "ERROR",
  "message": "🗑️ previous_bulk_data: deleted 80 rows"
}
{
  "timestamp": "2026-07-24 16:45:00",
  "level": "ERROR",
  "message": "🎉 Cleanup Finished | JobId=daily-cleanup-1784891700032"
}
{
  "timestamp": "2026-07-24 16:45:00",
  "level": "ERROR",
  "message": "✅ Job Completed | JobId=daily-cleanup-1784891700032"
}
{
  "timestamp": "2026-07-24 16:46:00",
  "level": "ERROR",
  "message": "Cleanup job scheduled",
  "time": "2026-07-24T11:16:00.009Z"
}
{
  "timestamp": "2026-07-24 16:46:00",
  "level": "ERROR",
  "message": "🗑️ bulk_data: deleted 7 rows"
}
{
  "timestamp": "2026-07-24 16:46:00",
  "level": "ERROR",
  "message": "🗑️ previous_bulk_data: deleted 3 rows"
}
{
  "timestamp": "2026-07-24 16:46:00",
  "level": "ERROR",
  "message": "🎉 Cleanup Finished | JobId=daily-cleanup-1784891760008"
}
{
  "timestamp": "2026-07-24 16:46:00",
  "level": "ERROR",
  "message": "✅ Job Completed | JobId=daily-cleanup-1784891760008"
}
{
  "timestamp": "2026-07-24 16:47:00",
  "level": "ERROR",
  "message": "Cleanup job scheduled",
  "time": "2026-07-24T11:17:00.027Z"
}
{
  "timestamp": "2026-07-24 16:47:00",
  "level": "ERROR",
  "message": "🗑️ bulk_data: deleted 3 rows"
}
{
  "timestamp": "2026-07-24 16:47:00",
  "level": "ERROR",
  "message": "🗑️ previous_bulk_data: deleted 2 rows"
}
{
  "timestamp": "2026-07-24 16:47:00",
  "level": "ERROR",
  "message": "🎉 Cleanup Finished | JobId=daily-cleanup-1784891820023"
}
{
  "timestamp": "2026-07-24 16:47:00",
  "level": "ERROR",
  "message": "✅ Job Completed | JobId=daily-cleanup-1784891820023"
}
{
  "timestamp": "2026-07-24 16:48:00",
  "level": "ERROR",
  "message": "Cleanup job scheduled",
  "time": "2026-07-24T11:18:00.025Z"
}
{
  "timestamp": "2026-07-24 16:48:00",
  "level": "ERROR",
  "message": "🗑️ bulk_data: deleted 25 rows"
}
{
  "timestamp": "2026-07-24 16:48:00",
  "level": "ERROR",
  "message": "🗑️ previous_bulk_data: deleted 13 rows"
}
{
  "timestamp": "2026-07-24 16:48:00",
  "level": "ERROR",
  "message": "🎉 Cleanup Finished | JobId=daily-cleanup-1784891880022"
}
{
  "timestamp": "2026-07-24 16:48:00",
  "level": "ERROR",
  "message": "✅ Job Completed | JobId=daily-cleanup-1784891880022"
}
{
  "timestamp": "2026-07-24 16:49:00",
  "level": "ERROR",
  "message": "Cleanup job scheduled",
  "time": "2026-07-24T11:19:00.029Z"
}
{
  "timestamp": "2026-07-24 16:49:00",
  "level": "ERROR",
  "message": "🗑️ bulk_data: deleted 10 rows"
}
{
  "timestamp": "2026-07-24 16:49:00",
  "level": "ERROR",
  "message": "🗑️ previous_bulk_data: deleted 15 rows"
}
{
  "timestamp": "2026-07-24 16:49:00",
  "level": "ERROR",
  "message": "🎉 Cleanup Finished | JobId=daily-cleanup-1784891940027"
}
{
  "timestamp": "2026-07-24 16:49:00",
  "level": "ERROR",
  "message": "✅ Job Completed | JobId=daily-cleanup-1784891940027"
}
{
  "timestamp": "2026-07-24 16:50:00",
  "level": "ERROR",
  "message": "Cleanup job scheduled",
  "time": "2026-07-24T11:20:00.033Z"
}
{
  "timestamp": "2026-07-24 16:50:00",
  "level": "ERROR",
  "message": "🗑️ bulk_data: deleted 20 rows"
}
{
  "timestamp": "2026-07-24 16:50:00",
  "level": "ERROR",
  "message": "🗑️ previous_bulk_data: deleted 25 rows"
}
{
  "timestamp": "2026-07-24 16:50:00",
  "level": "ERROR",
  "message": "🎉 Cleanup Finished | JobId=daily-cleanup-1784892000031"
}
{
  "timestamp": "2026-07-24 16:50:00",
  "level": "ERROR",
  "message": "✅ Job Completed | JobId=daily-cleanup-1784892000031"
}
{
  "timestamp": "2026-07-24 16:51:00",
  "level": "ERROR",
  "message": "Cleanup job scheduled",
  "time": "2026-07-24T11:21:00.038Z"
}
{
  "timestamp": "2026-07-24 16:51:00",
  "level": "ERROR",
  "message": "🗑️ bulk_data: deleted 3 rows"
}
{
  "timestamp": "2026-07-24 16:51:00",
  "level": "ERROR",
  "message": "🗑️ bulk_data: deleted 5 rows"
}
{
  "timestamp": "2026-07-24 16:51:00",
  "level": "ERROR",
  "message": "🗑️ previous_bulk_data: deleted 19 rows"
}
{
  "timestamp": "2026-07-24 16:51:00",
  "level": "ERROR",
  "message": "🎉 Cleanup Finished | JobId=daily-cleanup-1784892060035"
}
{
  "timestamp": "2026-07-24 16:51:00",
  "level": "ERROR",
  "message": "✅ Job Completed | JobId=daily-cleanup-1784892060035"
}
{
  "timestamp": "2026-07-24 16:52:00",
  "level": "ERROR",
  "message": "Cleanup job scheduled",
  "time": "2026-07-24T11:22:00.025Z"
}
{
  "timestamp": "2026-07-24 16:52:00",
  "level": "ERROR",
  "message": "🗑️ bulk_data: deleted 15 rows"
}
{
  "timestamp": "2026-07-24 16:52:00",
  "level": "ERROR",
  "message": "🗑️ previous_bulk_data: deleted 9 rows"
}
{
  "timestamp": "2026-07-24 16:52:00",
  "level": "ERROR",
  "message": "🎉 Cleanup Finished | JobId=daily-cleanup-1784892120023"
}
{
  "timestamp": "2026-07-24 16:52:00",
  "level": "ERROR",
  "message": "✅ Job Completed | JobId=daily-cleanup-1784892120023"
}
{
  "timestamp": "2026-07-24 16:53:00",
  "level": "ERROR",
  "message": "Cleanup job scheduled",
  "time": "2026-07-24T11:23:00.031Z"
}
{
  "timestamp": "2026-07-24 16:53:00",
  "level": "ERROR",
  "message": "🗑️ bulk_data: deleted 1 rows"
}
{
  "timestamp": "2026-07-24 16:53:00",
  "level": "ERROR",
  "message": "🗑️ previous_bulk_data: deleted 7 rows"
}
{
  "timestamp": "2026-07-24 16:53:00",
  "level": "ERROR",
  "message": "🎉 Cleanup Finished | JobId=daily-cleanup-1784892180030"
}
{
  "timestamp": "2026-07-24 16:53:00",
  "level": "ERROR",
  "message": "✅ Job Completed | JobId=daily-cleanup-1784892180030"
}
{
  "timestamp": "2026-07-24 16:54:00",
  "level": "ERROR",
  "message": "Cleanup job scheduled",
  "time": "2026-07-24T11:24:00.030Z"
}
{
  "timestamp": "2026-07-24 16:54:00",
  "level": "ERROR",
  "message": "🗑️ bulk_data: deleted 36 rows"
}
{
  "timestamp": "2026-07-24 16:54:00",
  "level": "ERROR",
  "message": "🗑️ previous_bulk_data: deleted 67 rows"
}
{
  "timestamp": "2026-07-24 16:54:00",
  "level": "ERROR",
  "message": "🎉 Cleanup Finished | JobId=daily-cleanup-1784892240028"
}
{
  "timestamp": "2026-07-24 16:54:00",
  "level": "ERROR",
  "message": "✅ Job Completed | JobId=daily-cleanup-1784892240028"
}
{
  "timestamp": "2026-07-24 16:55:00",
  "level": "ERROR",
  "message": "Cleanup job scheduled",
  "time": "2026-07-24T11:25:00.032Z"
}
{
  "timestamp": "2026-07-24 16:55:00",
  "level": "ERROR",
  "message": "🗑️ bulk_data: deleted 16 rows"
}
{
  "timestamp": "2026-07-24 16:55:00",
  "level": "ERROR",
  "message": "🗑️ previous_bulk_data: deleted 29 rows"
}
{
  "timestamp": "2026-07-24 16:55:00",
  "level": "ERROR",
  "message": "🎉 Cleanup Finished | JobId=daily-cleanup-1784892300030"
}
{
  "timestamp": "2026-07-24 16:55:00",
  "level": "ERROR",
  "message": "✅ Job Completed | JobId=daily-cleanup-1784892300030"
}
{
  "timestamp": "2026-07-24 16:56:00",
  "level": "ERROR",
  "message": "Cleanup job scheduled",
  "time": "2026-07-24T11:26:00.025Z"
}
{
  "timestamp": "2026-07-24 16:56:00",
  "level": "ERROR",
  "message": "🗑️ bulk_data: deleted 4 rows"
}
{
  "timestamp": "2026-07-24 16:56:00",
  "level": "ERROR",
  "message": "🗑️ previous_bulk_data: deleted 22 rows"
}
{
  "timestamp": "2026-07-24 16:56:00",
  "level": "ERROR",
  "message": "🎉 Cleanup Finished | JobId=daily-cleanup-1784892360023"
}
{
  "timestamp": "2026-07-24 16:56:00",
  "level": "ERROR",
  "message": "✅ Job Completed | JobId=daily-cleanup-1784892360023"
}
{
  "timestamp": "2026-07-24 16:57:00",
  "level": "ERROR",
  "message": "Cleanup job scheduled",
  "time": "2026-07-24T11:27:00.031Z"
}
{
  "timestamp": "2026-07-24 16:57:00",
  "level": "ERROR",
  "message": "🗑️ bulk_data: deleted 7 rows"
}
{
  "timestamp": "2026-07-24 16:57:00",
  "level": "ERROR",
  "message": "🗑️ previous_bulk_data: deleted 5 rows"
}
{
  "timestamp": "2026-07-24 16:57:00",
  "level": "ERROR",
  "message": "🎉 Cleanup Finished | JobId=daily-cleanup-1784892420029"
}
{
  "timestamp": "2026-07-24 16:57:00",
  "level": "ERROR",
  "message": "✅ Job Completed | JobId=daily-cleanup-1784892420029"
}
{
  "timestamp": "2026-07-24 16:58:00",
  "level": "ERROR",
  "message": "Cleanup job scheduled",
  "time": "2026-07-24T11:28:00.034Z"
}
{
  "timestamp": "2026-07-24 16:58:00",
  "level": "ERROR",
  "message": "🗑️ bulk_data: deleted 44 rows"
}
{
  "timestamp": "2026-07-24 16:58:00",
  "level": "ERROR",
  "message": "🗑️ previous_bulk_data: deleted 29 rows"
}
{
  "timestamp": "2026-07-24 16:58:00",
  "level": "ERROR",
  "message": "🎉 Cleanup Finished | JobId=daily-cleanup-1784892480032"
}
{
  "timestamp": "2026-07-24 16:58:00",
  "level": "ERROR",
  "message": "✅ Job Completed | JobId=daily-cleanup-1784892480032"
}
{
  "timestamp": "2026-07-24 16:59:00",
  "level": "ERROR",
  "message": "Cleanup job scheduled",
  "time": "2026-07-24T11:29:00.033Z"
}
{
  "timestamp": "2026-07-24 16:59:00",
  "level": "ERROR",
  "message": "🗑️ bulk_data: deleted 4 rows"
}
{
  "timestamp": "2026-07-24 16:59:00",
  "level": "ERROR",
  "message": "🗑️ previous_bulk_data: deleted 4 rows"
}
{
  "timestamp": "2026-07-24 16:59:00",
  "level": "ERROR",
  "message": "🎉 Cleanup Finished | JobId=daily-cleanup-1784892540032"
}
{
  "timestamp": "2026-07-24 16:59:00",
  "level": "ERROR",
  "message": "✅ Job Completed | JobId=daily-cleanup-1784892540032"
}
