"id","wbn","length","width","height","weight","volume","real_volume","mode","created_at_utc","created_at_ist"
6279,"1490826528483795","19.7","18.6","5.0","70.00","1227.468","1823.291","semi","2026-01-28T13:54:39.159Z","28-01-2026 19:24:39"
6278,"VL0083377508217","18.7","9.1","9.6","70.00","1500.239","1636.686","semi","2026-01-28T13:54:31.419Z","28-01-2026 19:24:31"
6277,"#76986","18.7","9.4","9.8","180.0","1552.367","1726.642","semi","2026-01-28T13:54:23.187Z","28-01-2026 19:24:23"
6276,"#76986","27.7","20.1","12.3","180.0","4047.473","6846.126","semi","2026-01-28T13:54:13.624Z","28-01-2026 19:24:13"
6275,"1490826582869186","16.0","13.7","4.9","190.0","733.557","1078.803","semi","2026-01-28T13:54:04.079Z","28-01-2026 19:24:04"
6274,"1490826645202506","25.1","19.9","3.7","","851.831","1862.799","semi","2026-01-28T13:53:35.693Z","28-01-2026 19:23:35"
6273,"1490826629683731","19.1","18.4","4.7","40.00","1101.588","1668.179","semi","2026-01-28T13:53:28.614Z","28-01-2026 19:23:28"
6272,"1490826569143332","21.1","17.4","7.1","110.0","1910.552","2620.371","semi","2026-01-28T13:53:21.499Z","28-01-2026 19:23:21"
6271,"1490826621483706","16.6","14.4","4.7","130.0","841.209","1131.418","semi","2026-01-28T13:53:13.745Z","28-01-2026 19:23:13"
6270,"1490826645200826","22.8","6.5","3.5","","412.989","515.380","semi","2026-01-28T13:53:09.234Z","28-01-2026 19:23:09"
6269,"1490826639825703","15.3","11.9","3.2","","251.589","586.586","semi","2026-01-28T13:53:04.249Z","28-01-2026 19:23:04"
6268,"1490826608890124","17.4","15.0","5.0","50.00","863.007","1301.059","semi","2026-01-28T13:52:59.754Z","28-01-2026 19:22:59"
6267,"1490826645200270","17.3","14.9","4.5","20.0","795.001","1150.065","semi","2026-01-28T13:52:49.681Z","28-01-2026 19:22:49"
6266,"1490826645200561","21.0","17.3","5.9","","1345.244","2152.746","semi","2026-01-28T13:52:45.445Z","28-01-2026 19:22:45"
6265,"1490826634675490","27.9","20.2","6.9","160.0","2315.501","3895.986","semi","2026-01-28T13:52:39.021Z","28-01-2026 19:22:39"
6264,"1490826599010243","11.6","10.5","6.5","340.0","427.962","790.817","semi","2026-01-28T13:52:34.833Z","28-01-2026 19:22:34"
6263,"1490826637912043","11.0","10.2","7.1","20.0","500.576","795.321","semi","2026-01-28T13:52:28.796Z","28-01-2026 19:22:28"
6262,"1490826637903816","19.5","17.5","6.5","30.00","1365.827","2200.693","semi","2026-01-28T13:52:23.433Z","28-01-2026 19:22:23"
6261,"1490826634666876","19.5","17.5","6.5","200.0","1365.827","2200.693","semi","2026-01-28T13:52:14.694Z","28-01-2026 19:22:14"
6260,"1490826527440471","31.0","21.1","6.5","","2406.035","4232.974","semi","2026-01-28T13:52:09.453Z","28-01-2026 19:22:09"
6259,"1490826569783084","16.4","9.9","5.6","70.00","777.570","910.325","semi","2026-01-28T13:52:00.265Z","28-01-2026 19:22:00"
6258,"1490826638023542","28.8","21.6","5.7","140.0","1635.193","3559.001","semi","2026-01-28T13:51:50.976Z","28-01-2026 19:21:50"
6257,"1490826556659020","22.1","17.8","5.6","50.00","1419.568","2186.553","semi","2026-01-28T13:51:44.009Z","28-01-2026 19:21:44"
6256,"1490826639266860","21.4","17.8","4.6","100.0","1337.117","1754.251","semi","2026-01-28T13:51:38.812Z","28-01-2026 19:21:38"
6255,"1490826639266414","21.3","17.8","7.4","90.00","1994.130","2816.725","semi","2026-01-28T13:51:34.858Z","28-01-2026 19:21:34"
6254,"1490826618795415","21.7","18.9","3.5","140.0","1005.405","1430.054","semi","2026-01-28T13:51:31.068Z","28-01-2026 19:21:31"
6253,"1490826620579752","21.4","15.3","6.4","120.0","1448.122","2100.506","semi","2026-01-28T13:51:25.957Z","28-01-2026 19:21:25"
6252,"1490826634675781","21.0","18.1","6.7","200.0","1774.738","2538.727","semi","2026-01-28T13:51:20.813Z","28-01-2026 19:21:20"
6251,"1490826618795253","20.8","16.1","6.2","140.0","1454.626","2071.798","semi","2026-01-28T13:51:16.383Z","28-01-2026 19:21:16"
6250,"1490826634666994","21.6","11.6","5.8","190.0","931.158","1447.383","semi","2026-01-28T13:51:09.234Z","28-01-2026 19:21:09"
6249,"1490710199750093","13.5","8.8","2.1","50.0","195.699","255.134","semi","2026-01-28T13:51:03.596Z","28-01-2026 19:21:03"
6248,"1490826639824701","14.5","5.1","4.2","","231.801","312.517","semi","2026-01-28T13:50:59.334Z","28-01-2026 19:20:59"
6247,"1490826639825342","21.7","17.4","6.0","","1420.076","2258.754","semi","2026-01-28T13:50:52.911Z","28-01-2026 19:20:52"
6246,"1490826621281793","15.0","14.9","1.6","190.0","276.683","351.817","semi","2026-01-28T13:50:46.824Z","28-01-2026 19:20:46"
6245,"1490826608890334","22.0","17.6","6.2","10.0","1263.219","2412.050","semi","2026-01-28T13:50:42.663Z","28-01-2026 19:20:42"
6244,"1490826634675792","20.7","18.1","7.7","200.0","1484.801","2899.424","semi","2026-01-28T13:50:39.203Z","28-01-2026 19:20:39"
6243,"1490826634667123","21.1","18.5","5.2","200.0","1475.149","2039.598","semi","2026-01-28T13:50:32.967Z","28-01-2026 19:20:32"
6242,"1490826639270500","20.8","18.2","5.6","100.0","1490.101","2112.266","semi","2026-01-28T13:50:27.025Z","28-01-2026 19:20:27"
6241,"1490826618795183","19.8","18.6","4.0","100.0","1057.362","1466.642","semi","2026-01-28T13:50:22.944Z","28-01-2026 19:20:22"
6240,"1490826612828206","21.1","17.5","5.6","80.0","1549.199","2056.590","semi","2026-01-28T13:50:18.593Z","28-01-2026 19:20:18"
6239,"1490826639256076","26.8","26.4","5.3","90.00","2247.204","3739.072","semi","2026-01-28T13:50:10.144Z","28-01-2026 19:20:10"
6238,"1490826608893414","22.6","8.5","2.7","70.0","331.759","523.742","semi","2026-01-28T13:50:03.610Z","28-01-2026 19:20:03"
6237,"1490826639824771","23.1","9.0","3.0","","425.217","617.616","semi","2026-01-28T13:49:58.074Z","28-01-2026 19:19:58"
6236,"1490826592348984","22.8","8.7","2.4","","381.169","471.116","semi","2026-01-28T13:49:51.386Z","28-01-2026 19:19:51"
6235,"1490826639819436","18.1","6.7","4.1","","432.023","497.975","semi","2026-01-28T13:49:45.420Z","28-01-2026 19:19:45"
6234,"1490826639812904","21.0","15.3","7.0","30.0","1622.413","2260.336","semi","2026-01-28T13:49:41.245Z","28-01-2026 19:19:41"
6233,"1490826620570044","22.0","17.5","6.8","90.00","1914.089","2629.950","semi","2026-01-28T13:49:37.713Z","28-01-2026 19:19:37"
6232,"1490826618807676","20.7","18.2","6.6","150.0","1775.780","2503.306","semi","2026-01-28T13:49:29.546Z","28-01-2026 19:19:29"
6231,"1490826617709623","21.9","18.5","3.7","130.0","996.757","1509.848","semi","2026-01-28T13:49:24.684Z","28-01-2026 19:19:24"
6230,"1490826641759630","17.2","14.1","5.7","100.0","757.108","1388.015","semi","2026-01-28T13:49:19.613Z","28-01-2026 19:19:19"
6229,"1490826645202532","17.2","14.1","5.7","","757.108","1388.015","semi","2026-01-28T13:49:13.617Z","28-01-2026 19:19:13"
6228,"1490826639831815","17.8","8.4","2.4","30.0","266.401","357.727","semi","2026-01-28T13:49:09.450Z","28-01-2026 19:19:09"
6227,"1490826639824686","21.2","6.0","5.8","","476.507","747.447","semi","2026-01-28T13:49:05.096Z","28-01-2026 19:19:05"
6226,"1490826639812753","22.7","22.1","7.2","30.000","2160.572","3631.023","semi","2026-01-28T13:49:01.292Z","28-01-2026 19:19:01"
6225,"5808911181390","21.9","17.3","7.3","1000.0","1805.412","2786.923","semi","2026-01-28T13:48:56.368Z","28-01-2026 19:18:56"
6224,"1490826620570022","20.9","19.8","3.0","140.0","859.523","1228.819","semi","2026-01-28T13:48:51.606Z","28-01-2026 19:18:51"
6223,"1490826617707512","19.4","17.8","4.2","130.0","1022.214","1455.616","semi","2026-01-28T13:48:47.047Z","28-01-2026 19:18:47"
6222,"1490826632656270","21.8","19.0","3.7","100.0","999.960","1546.059","semi","2026-01-28T13:48:42.505Z","28-01-2026 19:18:42"
6221,"1490826643891572","19.0","17.2","7.6","110.0","1643.248","2496.517","semi","2026-01-28T13:48:38.253Z","28-01-2026 19:18:38"
6220,"1490826620570092","20.4","16.7","9.3","140.0","1982.128","3178.330","semi","2026-01-28T13:48:33.247Z","28-01-2026 19:18:33"
6219,"1490826620570011","20.4","16.7","9.3","230.0","1982.128","3178.330","semi","2026-01-28T13:48:29.397Z","28-01-2026 19:18:29"
6218,"1490826608892821","21.4","17.9","5.6","","1464.391","2135.866","semi","2026-01-28T13:48:20.575Z","28-01-2026 19:18:20"
6217,"1490826638523983","21.3","17.5","5.0","90.00","1381.360","1858.265","semi","2026-01-28T13:48:16.607Z","28-01-2026 19:18:16"
6216,"1490826641629216","22.2","18.9","6.1","100.0","1719.780","2571.311","semi","2026-01-28T13:48:12.785Z","28-01-2026 19:18:12"
6215,"1490826618807455","22.7","9.2","2.1","100.0","372.794","449.692","semi","2026-01-28T13:48:06.237Z","28-01-2026 19:18:06"
6214,"1490826639824734","19.1","17.8","5.2","","1162.396","1776.281","semi","2026-01-28T13:47:58.950Z","28-01-2026 19:17:58"
6213,"1490826617623663","16.8","11.6","6.3","80.0","851.757","1228.325","semi","2026-01-28T13:47:55.391Z","28-01-2026 19:17:55"
6212,"1490826637911332","22.4","17.6","5.2","300.0","1375.675","2058.996","semi","2026-01-28T13:47:51.797Z","28-01-2026 19:17:51"
6211,"1490826638519481","26.2","22.9","5.0","90.00","1765.217","2979.522","semi","2026-01-28T13:47:47.715Z","28-01-2026 19:17:47"
6210,"1490826497246774","15.9","15.1","4.7","60.0","705.918","1135.898","semi","2026-01-28T13:47:44.185Z","28-01-2026 19:17:44"
6209,"5808911181283","20.4","17.6","4.5","100.0","1149.945","1601.422","semi","2026-01-28T13:47:39.628Z","28-01-2026 19:17:39"
6208,"1490826639270964","17.5","15.2","4.2","80.00","636.171","1121.896","semi","2026-01-28T13:47:36.142Z","28-01-2026 19:17:36"
6207,"941529021669","23.4","18.3","4.7","100.0","1480.865","2024.606","semi","2026-01-28T13:47:31.258Z","28-01-2026 19:17:31"
6206,"1490826604707716","29.3","23.5","6.5","130.0","2756.140","4462.996","semi","2026-01-28T13:47:26.159Z","28-01-2026 19:17:26"
6205,"1490826614102372 : J.25.257, Mfg : Nov 2025","27.7","24.3","5.7","70.0","1804.982","3853.358","semi","2026-01-28T13:47:20.302Z","28-01-2026 19:17:20"
6204,"1490826608896354","28.9","20.9","4.7","70.0","1480.353","2857.305","semi","2026-01-28T13:47:14.589Z","28-01-2026 19:17:14"
6203,"1490826512923554","27.3","27.1","5.7","60.0","2177.810","4230.841","semi","2026-01-28T13:47:08.719Z","28-01-2026 19:17:08"
6202,"1490826608896365","16.2","15.5","6.2","70.00","1227.441","1554.814","semi","2026-01-28T13:47:04.281Z","28-01-2026 19:17:04"
6201,"1490826638024080","21.2","18.0","5.5","170.0","1427.941","2094.982","semi","2026-01-28T13:47:00.084Z","28-01-2026 19:17:00"
6200,"1490826639255155","22.3","9.0","2.0","90.00","300.190","402.299","semi","2026-01-28T13:46:54.646Z","28-01-2026 19:16:54"
6199,"1490826637904870","15.0","11.9","2.2","","204.198","389.869","semi","2026-01-28T13:46:48.936Z","28-01-2026 19:16:48"
6198,"1490826497246214","15.0","11.9","2.2","60.0","204.198","389.869","semi","2026-01-28T13:46:45.033Z","28-01-2026 19:16:45"
6197,"1490826497246380","27.6","23.3","3.7","10.0","1192.026","2387.167","semi","2026-01-28T13:46:39.384Z","28-01-2026 19:16:39"
6196,"1490826497246623","22.4","20.9","8.4","70.00","2883.127","3957.420","semi","2026-01-28T13:46:33.099Z","28-01-2026 19:16:33"
6195,"1490826628252253","20.9","18.0","5.1","320.0","1336.238","1900.799","semi","2026-01-28T13:46:27.557Z","28-01-2026 19:16:27"
6194,"1490826638886340","23.4","20.6","9.5","90.00","3057.928","4582.098","semi","2026-01-28T13:46:24.286Z","28-01-2026 19:16:24"
6193,"1490826641585234","21.1","17.8","5.0","520.0","1320.719","1889.743","semi","2026-01-28T13:46:20.272Z","28-01-2026 19:16:20"
6192,"1490826612837531","22.0","18.9","5.3","80.0","1522.787","2214.281","semi","2026-01-28T13:46:10.703Z","28-01-2026 19:16:10"
6191,"1490826618807444","23.3","12.8","5.9","90.00","1278.520","1771.757","semi","2026-01-28T13:46:06.419Z","28-01-2026 19:16:06"
6190,"19041865436153","24.1","22.1","7.3","240.0","2802.748","3901.883","semi","2026-01-28T13:45:57.827Z","28-01-2026 19:15:57"
6189,"1490826644250392","22.8","12.5","6.0","240.0","1258.977","1715.746","semi","2026-01-28T13:45:53.494Z","28-01-2026 19:15:53"
6188,"18152","21.1","18.8","6.2","240.0","1629.914","2474.388","semi","2026-01-28T13:45:48.688Z","28-01-2026 19:15:48"
6187,"1490826618795286","22.0","17.7","6.7","140.0","1952.106","2615.978","semi","2026-01-28T13:45:43.464Z","28-01-2026 19:15:43"
6186,"1490826618807702","21.2","18.4","3.8","170.0","997.026","1488.426","semi","2026-01-28T13:45:38.617Z","28-01-2026 19:15:38"
6185,"1490826641628866","13.0","10.8","6.5","110.0","496.807","916.023","semi","2026-01-28T13:45:33.973Z","28-01-2026 19:15:33"
6184,"1490826637903411","21.7","18.8","3.2","40.00","963.934","1314.574","semi","2026-01-28T13:45:29.722Z","28-01-2026 19:15:29"
6183,"1490826620579752","20.9","17.9","5.5","110.0","1359.199","2063.095","semi","2026-01-28T13:45:25.995Z","28-01-2026 19:15:25"
6182,"1490710199741122","23.2","22.0","8.3","90.00","2967.540","4247.852","semi","2026-01-28T13:45:21.685Z","28-01-2026 19:15:21"
6181,"1490826628252216","21.9","17.8","6.5","320.0","1700.538","2527.495","semi","2026-01-28T13:45:16.965Z","28-01-2026 19:15:16"
6180,"1490826620569952","20.8","18.1","5.6","140.0","1494.021","2127.178","semi","2026-01-28T13:45:12.761Z","28-01-2026 19:15:12"
6179,"1490826618807691","23.3","8.1","3.3","100.0","448.356","627.570","semi","2026-01-28T13:45:06.834Z","28-01-2026 19:15:06"
6178,"1490826639819182","21.8","16.1","10.2","","2181.908","3569.009","semi","2026-01-28T13:45:02.308Z","28-01-2026 19:15:02"
6177,"1490826620579660","22.1","17.5","6.1","220.0","1517.678","2367.699","semi","2026-01-28T13:44:57.954Z","28-01-2026 19:14:57"
6176,"1490826612837122","21.8","17.1","5.6","90.0","1528.781","2083.215","semi","2026-01-28T13:44:53.480Z","28-01-2026 19:14:53"
6175,"1490826638886524","22.4","18.4","7.2","90.00","1996.056","2985.337","semi","2026-01-28T13:44:49.433Z","28-01-2026 19:14:49"
6174,"1490826617709085","22.2","17.8","7.0","130.0","1905.362","2769.547","semi","2026-01-28T13:44:44.032Z","28-01-2026 19:14:44"
6173,"1490826620569974","22.9","20.7","8.0","120.0","2691.478","3811.511","semi","2026-01-28T13:44:38.010Z","28-01-2026 19:14:38"
6172,"1490826618795205","20.8","17.8","6.7","220.0","1618.796","2480.808","semi","2026-01-28T13:44:32.910Z","28-01-2026 19:14:32"
6171,"1490826618795776","20.8","17.8","6.7","140.0","1618.796","2480.808","semi","2026-01-28T13:44:25.661Z","28-01-2026 19:14:25"
6170,"1490826497246262","14.8","14.7","3.5","10.0","357.495","752.358","semi","2026-01-28T13:42:33.751Z","28-01-2026 19:12:33"
6169,"1490826608890146","21.5","18.3","3.7","30.0","1061.446","1461.689","semi","2026-01-28T13:42:27.981Z","28-01-2026 19:12:27"
6168,"1490826639266661","22.2","17.4","7.6","70.00","1963.436","2937.451","semi","2026-01-28T13:42:22.129Z","28-01-2026 19:12:22"
6167,"1490826617726261","21.3","17.8","5.2","140.0","1375.271","1979.602","semi","2026-01-28T13:42:17.131Z","28-01-2026 19:12:17"
6166,"1490826639255284","21.6","18.3","4.2","80.0","1168.677","1663.825","semi","2026-01-28T13:42:11.970Z","28-01-2026 19:12:11"
6165,"1490826639266683","21.1","17.2","4.9","80.0","1355.674","1783.242","semi","2026-01-28T13:42:07.300Z","28-01-2026 19:12:07"
6164,"1490826638886340","21.3","17.3","6.2","80.0","1664.773","2297.179","semi","2026-01-28T13:42:02.781Z","28-01-2026 19:12:02"
6163,"1490826644232181","23.9","21.4","8.2","90.00","2930.495","4211.043","semi","2026-01-28T13:41:57.173Z","28-01-2026 19:11:57"
6162,"1490826618794973","29.1","21.4","6.3","230.0","2620.738","3930.748","semi","2026-01-28T13:41:49.705Z","28-01-2026 19:11:49"
6161,"1490826631719493","23.6","18.8","7.8","410.0","2511.405","3467.441","semi","2026-01-28T13:41:38.338Z","28-01-2026 19:11:38"
6160,"1490826621052985","27.3","22.2","6.2","350.0","2583.974","3769.854","semi","2026-01-28T13:41:33.858Z","28-01-2026 19:11:33"
6159,"1490826631719504","22.6","20.5","7.5","410.0","1976.103","3499.664","semi","2026-01-28T13:41:26.590Z","28-01-2026 19:11:26"
6158,"1490826629683753","23.2","18.2","6.8","130.0","1928.247","2889.484","semi","2026-01-28T13:41:22.720Z","28-01-2026 19:11:22"
6157,"1490826631832462","13.9","13.6","1.3","130.0","187.289","251.520","semi","2026-01-28T13:41:17.905Z","28-01-2026 19:11:17"
6156,"1490826514666495","21.5","17.6","7.2","","1934.095","2731.430","semi","2026-01-28T13:41:13.050Z","28-01-2026 19:11:13"
6155,"1490826618795603","21.5","17.6","4.9","140.0","1335.781","1868.933","semi","2026-01-28T13:41:08.736Z","28-01-2026 19:11:08"
6154,"1490826612837214","26.6","21.4","6.3","90.00","2671.731","3602.965","semi","2026-01-28T13:41:04.550Z","28-01-2026 19:11:04"
6153,"1490826632422993","21.0","18.1","4.8","430.0","1233.122","1813.155","semi","2026-01-28T13:41:00.128Z","28-01-2026 19:11:00"
6152,"1490826612837531","24.2","22.6","5.2","60.00","1917.753","2829.694","semi","2026-01-28T13:40:55.552Z","28-01-2026 19:10:55"
6151,"1490826642536976","21.0","16.8","6.0","200.0","1553.071","2129.968","semi","2026-01-28T13:40:51.013Z","28-01-2026 19:10:51"
6150,"1490826638898704","21.0","18.2","6.5","100.0","1768.882","2466.566","semi","2026-01-28T13:40:46.853Z","28-01-2026 19:10:46"
6149,"1490826631832296","21.3","14.6","6.5","140.0","1420.579","2030.962","semi","2026-01-28T13:40:40.972Z","28-01-2026 19:10:40"
6148,"1490826634667462","14.4","13.7","3.2","200.0","268.119","637.042","semi","2026-01-28T13:40:35.544Z","28-01-2026 19:10:35"
6147,"1490826497246461","21.2","18.2","6.0","","1632.543","2304.803","semi","2026-01-28T13:40:31.345Z","28-01-2026 19:10:31"
6146,"1490826618807330","22.7","18.3","4.6","80.0","1374.134","1899.924","semi","2026-01-28T13:40:25.999Z","28-01-2026 19:10:25"
6145,"1490826618807363","20.9","18.1","4.7","70.0","1291.406","1786.965","semi","2026-01-28T13:40:20.607Z","28-01-2026 19:10:20"
6144,"1490826612830811","22.4","18.2","4.6","70.0","1355.098","1863.882","semi","2026-01-28T13:40:15.173Z","28-01-2026 19:10:15"
6143,"1490826638886966","20.7","18.1","4.7","80.0","1245.780","1778.243","semi","2026-01-28T13:40:11.022Z","28-01-2026 19:10:11"
6142,"1490826641864361","21.5","18.0","4.8","60.0","1284.406","1870.168","semi","2026-01-28T13:40:07.053Z","28-01-2026 19:10:07"
6141,"1490826639270931","21.3","17.6","5.7","70.0","1438.672","2145.272","semi","2026-01-28T13:40:02.986Z","28-01-2026 19:10:02"
6140,"1490826586909155","21.1","18.4","5.7","140.0","1482.590","2192.563","semi","2026-01-28T13:39:57.013Z","28-01-2026 19:09:57"
6139,"1490710199741122","27.4","21.7","6.5","80.00","2840.484","3875.318","semi","2026-01-28T13:39:52.495Z","28-01-2026 19:09:52"
6138,"1490826632423030","20.8","18.1","5.7","420.0","1580.674","2153.094","semi","2026-01-28T13:39:46.736Z","28-01-2026 19:09:46"
6137,"1490826612830763","22.0","18.3","4.9","80.00","1305.602","1977.951","semi","2026-01-28T13:39:41.696Z","28-01-2026 19:09:41"
6136,"1490826612830796","20.4","17.1","5.0","70.00","1177.409","1753.533","semi","2026-01-28T13:39:36.076Z","28-01-2026 19:09:36"
6135,"1490826634541893","21.0","18.2","4.9","140.0","1301.487","1879.447","semi","2026-01-28T13:39:29.484Z","28-01-2026 19:09:29"
6134,"1490826612837262","21.7","19.1","3.7","60.00","954.703","1545.805","semi","2026-01-28T13:39:24.701Z","28-01-2026 19:09:24"
6133,"1490826617707932","21.4","17.6","4.8","100.0","1341.319","1816.445","semi","2026-01-28T13:39:20.361Z","28-01-2026 19:09:20"
6132,"1490826612838065","21.0","17.1","5.9","80.00","1481.283","2134.529","semi","2026-01-28T13:39:15.905Z","28-01-2026 19:09:15"
6131,"1490826586932325","21.6","17.8","6.9","210.0","1961.882","2667.963","semi","2026-01-28T13:39:10.463Z","28-01-2026 19:09:10"
6130,"1490826618807676","21.6","18.4","6.5","140.0","1733.418","2596.239","semi","2026-01-28T13:39:05.470Z","28-01-2026 19:09:05"
6129,"1490826617708680","24.0","22.6","7.8","120.0","2726.455","4227.594","semi","2026-01-28T13:39:00.831Z","28-01-2026 19:09:00"
6128,"1490826628252183","24.7","21.7","7.1","290.0","2706.712","3819.902","semi","2026-01-28T13:38:56.591Z","28-01-2026 19:08:56"
6127,"1490826579440284","21.2","17.9","5.1","290.0","1382.034","1926.492","semi","2026-01-28T13:38:51.728Z","28-01-2026 19:08:51"
6126,"1490826639276542","21.5","19.2","3.2","70.0","858.407","1336.030","semi","2026-01-28T13:38:45.371Z","28-01-2026 19:08:45"
6125,"1490826618794995","21.3","17.8","5.3","90.00","1508.015","2018.875","semi","2026-01-28T13:38:41.648Z","28-01-2026 19:08:41"
6124,"1490826639255262","20.5","18.2","6.7","70.0","1674.555","2509.963","semi","2026-01-28T13:38:38.027Z","28-01-2026 19:08:38"
6123,"1490826617708643","19.5","18.4","4.8","120.0","1035.106","1731.497","semi","2026-01-28T13:38:34.046Z","28-01-2026 19:08:34"
6122,"1490826617624271","21.1","17.8","7.5","100.0","1987.568","2823.533","semi","2026-01-28T13:38:17.895Z","28-01-2026 19:08:17"
6121,"1490826617709586","19.9","19.3","4.0","120.0","958.355","1519.290","semi","2026-01-28T13:38:06.033Z","28-01-2026 19:08:06"
6120,"1490826617626205","21.5","18.6","5.0","30.0","1321.749","1980.640","semi","2026-01-28T13:38:00.697Z","28-01-2026 19:08:00"
6119,"1490826618796395","22.9","17.5","7.0","60.00","2088.284","2815.324","semi","2026-01-28T13:37:56.334Z","28-01-2026 19:07:56"
6118,"1490826618807724","18.9","18.3","4.9","140.0","1170.252","1702.227","semi","2026-01-28T13:37:51.304Z","28-01-2026 19:07:51"
6117,"1490826617623641","20.5","18.2","4.8","90.0","1210.832","1799.632","semi","2026-01-28T13:37:44.834Z","28-01-2026 19:07:44"
6116,"1490826639255365","27.3","21.3","6.3","70.00","2600.508","3688.007","semi","2026-01-28T13:37:40.340Z","28-01-2026 19:07:40"
6115,"1490826586219961","26.2","22.1","5.6","430.0","2339.500","3234.591","semi","2026-01-28T13:37:36.137Z","28-01-2026 19:07:36"
6114,"1490826632423063","18.8","17.8","4.4","340.0","1038.664","1474.533","semi","2026-01-28T13:37:31.952Z","28-01-2026 19:07:31"
6113,"1490826632656270","22.9","22.2","5.7","80.0","1905.213","2885.273","semi","2026-01-28T13:37:27.656Z","28-01-2026 19:07:27"
6112,"1490826621926342","22.3","19.6","6.1","40.00","1650.306","2668.595","semi","2026-01-28T13:37:22.668Z","28-01-2026 19:07:22"
6111,"1490826641396304","25.2","20.5","11.8","230.0","4100.720","6109.493","semi","2026-01-28T13:37:19.067Z","28-01-2026 19:07:19"
6110,"1490826635189430","26.9","23.0","5.5","760.0","2240.277","3386.342","semi","2026-01-28T13:37:15.190Z","28-01-2026 19:07:15"
6109,"1490826632423041","27.8","21.7","6.2","340.0","2693.126","3759.741","semi","2026-01-28T13:37:11.086Z","28-01-2026 19:07:11"
6108,"1490826632423004","18.7","18.4","4.5","420.0","1037.148","1538.838","semi","2026-01-28T13:37:00.717Z","28-01-2026 19:07:00"
6107,"1490826617626006","19.8","18.9","5.0","80.0","1112.320","1855.109","semi","2026-01-28T13:36:54.974Z","28-01-2026 19:06:54"
6106,"1490826617626194","28.2","21.1","5.6","70.00","2469.967","3346.370","semi","2026-01-28T13:36:50.621Z","28-01-2026 19:06:50"
6105,"1490826631719541","23.1","19.8","7.9","390.0","2609.127","3603.743","semi","2026-01-28T13:36:41.477Z","28-01-2026 19:06:41"
6104,"1490826641396326","19.1","18.5","4.3","360.0","988.215","1515.346","semi","2026-01-28T13:36:36.688Z","28-01-2026 19:06:36"
6103,"1490826632656325","20.7","17.4","7.6","100.0","1859.875","2721.491","semi","2026-01-28T13:36:32.225Z","28-01-2026 19:06:32"
6102,"1490826617623943","32.0","28.9","5.7","250.0","3083.682","5284.953","semi","2026-01-28T13:36:24.718Z","28-01-2026 19:06:24"
6101,"1282444003336","23.5","22.4","8.2","140.0","2954.246","4317.851","semi","2026-01-28T13:36:20.444Z","28-01-2026 19:06:20"
6100,"1490826628252216","23.1","21.1","8.2","310.0","2858.768","4003.422","semi","2026-01-28T13:36:15.084Z","28-01-2026 19:06:15"
6099,"1490826579480626","24.2","21.4","8.3","420.0","2979.926","4324.529","semi","2026-01-28T13:36:08.143Z","28-01-2026 19:06:08"
6098,"1490826628252161","21.4","17.8","8.0","340.0","2111.466","3045.468","semi","2026-01-28T13:36:01.851Z","28-01-2026 19:06:01"
6097,"1490826620889550","22.2","19.9","9.7","350.0","3244.470","4295.137","semi","2026-01-28T13:35:56.830Z","28-01-2026 19:05:56"
6096,"1490826579482380","27.7","21.9","5.9","440.0","2277.539","3577.138","semi","2026-01-28T13:35:52.015Z","28-01-2026 19:05:52"
6095,"1490826632423015","23.3","21.3","9.6","360.0","3237.238","4778.211","semi","2026-01-28T13:35:44.809Z","28-01-2026 19:05:44"
6094,"1490826579435933","27.9","21.0","5.8","440.0","2421.137","3414.376","semi","2026-01-28T13:35:37.179Z","28-01-2026 19:05:37"
6093,"1490826632423170","24.4","20.9","7.9","380.0","3041.586","4048.771","semi","2026-01-28T13:35:31.531Z","28-01-2026 19:05:31"
6092,"1490826640432861","28.3","23.5","2.7","480.0","906.549","1813.812","semi","2026-01-28T13:35:26.959Z","28-01-2026 19:05:26"
6091,"1490826635189065","29.8","23.9","2.7","120.0","1134.275","1938.973","semi","2026-01-28T13:35:21.830Z","28-01-2026 19:05:21"
6090,"1490826636591541","28.1","21.6","6.0","130.0","2537.921","3628.683","semi","2026-01-28T13:35:17.171Z","28-01-2026 19:05:17"
6089,"1490826631719574","20.7","19.3","3.7","390.0","919.067","1484.278","semi","2026-01-28T13:35:13.044Z","28-01-2026 19:05:13"
6088,"1490826617623766","26.8","22.6","5.8","60.00","2470.185","3518.514","semi","2026-01-28T13:35:08.604Z","28-01-2026 19:05:08"
6087,"1490826640419896","20.1","18.1","6.0","320.0","1679.738","2199.058","semi","2026-01-28T13:35:04.965Z","28-01-2026 19:05:04"
6086,"1490826618807632","19.2","18.3","4.5","90.0","997.723","1570.949","semi","2026-01-28T13:35:00.679Z","28-01-2026 19:05:00"
6085,"1490826617626032","20.0","17.5","8.2","90.00","1904.082","2877.520","semi","2026-01-28T13:34:56.193Z","28-01-2026 19:04:56"
6084,"1490826638053325","19.7","19.3","4.2","310.0","1022.746","1607.949","semi","2026-01-28T13:34:51.955Z","28-01-2026 19:04:51"
6083,"1490826617626102","23.0","18.1","2.7","70.0","952.792","1144.797","semi","2026-01-28T13:34:47.457Z","28-01-2026 19:04:47"
6082,"1490826635189043","21.6","18.9","2.7","150.0","687.721","1108.176","semi","2026-01-28T13:34:41.907Z","28-01-2026 19:04:41"
6081,"1490826620889712","23.1","21.7","7.3","60.00","2660.408","3680.626","semi","2026-01-28T13:34:34.989Z","28-01-2026 19:04:34"
6080,"1490826582039270","19.4","19.4","4.0","390.0","1034.345","1491.418","semi","2026-01-28T13:33:02.527Z","28-01-2026 19:03:02"
6079,"1490826617626216","29.2","23.4","3.2","70.0","967.753","2207.146","semi","2026-01-28T12:51:48.448Z","28-01-2026 18:21:48"
6078,"1490826641396396","23.3","19.4","8.2","140.0","2577.162","3730.353","semi","2026-01-28T12:51:35.634Z","28-01-2026 18:21:35"
6077,"1490826621052963","22.8","21.7","7.3","380.0","2083.171","3630.488","semi","2026-01-28T12:51:31.284Z","28-01-2026 18:21:31"
6076,"1490826635189183","27.4","23.1","4.8","320.0","2141.368","3047.308","semi","2026-01-28T12:51:22.324Z","28-01-2026 18:21:22"
6075,"1490826635711453","21.6","20.7","5.4","260.0","1298.857","2431.828","semi","2026-01-28T12:51:13.281Z","28-01-2026 18:21:13"
6074,"1490826641099574","24.7","21.6","8.8","130.0","3032.479","4713.130","semi","2026-01-28T12:51:08.776Z","28-01-2026 18:21:08"
6073,"1490826579482365","23.9","22.3","6.8","440.0","2502.832","3609.440","semi","2026-01-28T12:51:04.401Z","28-01-2026 18:21:04"
6072,"1490826582039233","23.4","22.8","9.1","370.0","3077.129","4866.362","semi","2026-01-28T12:51:00.355Z","28-01-2026 18:21:00"
6071,"1490826579363284","24.1","20.9","8.7","380.0","3237.757","4361.183","semi","2026-01-28T12:50:55.679Z","28-01-2026 18:20:55"
6070,"1490826641588966","26.6","20.9","8.5","480.0","3265.360","4748.866","semi","2026-01-28T12:50:48.812Z","28-01-2026 18:20:48"
6069,"1490826579482564","26.3","21.1","7.3","490.0","2665.845","4054.918","semi","2026-01-28T12:50:43.962Z","28-01-2026 18:20:43"
6068,"1490826640426535","23.3","20.7","9.1","360.0","3038.027","4404.124","semi","2026-01-28T12:50:16.316Z","28-01-2026 18:20:16"
6067,"1490826641588734","21.0","17.2","7.7","420.0","1973.801","2789.471","semi","2026-01-28T12:50:10.519Z","28-01-2026 18:20:10"
6066,"1490826635189485","21.7","19.6","8.1","380.0","2473.669","3462.309","semi","2026-01-28T12:50:06.654Z","28-01-2026 18:20:06"
6065,"1490826622121465","26.7","21.6","4.1","440.0","1275.190","2348.361","semi","2026-01-28T12:50:02.544Z","28-01-2026 18:20:02"
6064,"1490826621398144","22.7","21.9","8.1","150.0","2656.932","3998.936","semi","2026-01-28T12:49:59.146Z","28-01-2026 18:19:59"
6063,"1490826582039270","25.6","22.4","7.1","390.0","2852.824","4075.294","semi","2026-01-28T12:49:55.080Z","28-01-2026 18:19:55"
6062,"1490826615135970","23.0","19.6","8.7","410.0","2786.762","3896.971","semi","2026-01-28T12:49:50.595Z","28-01-2026 18:19:50"
6061,"1490826641396330","23.1","19.3","8.7","360.0","2896.848","3890.840","semi","2026-01-28T12:48:04.346Z","28-01-2026 18:18:04"
6060,"1490826641396330","24.8","17.7","7.8","360.0","2296.189","3426.358","semi","2026-01-28T12:47:48.513Z","28-01-2026 18:17:48"
6059,"1490826567134262","23.5","18.3","8.0","360.0","2444.828","3431.484","semi","2026-01-28T12:47:03.099Z","28-01-2026 18:17:03"
6058,"1490710199863261","22.1","20.8","8.3","390.0","2604.916","3808.799","semi","2026-01-28T12:46:56.661Z","28-01-2026 18:16:56"
6057,"1490826608981371","24.2","17.9","7.8","440.0","2445.481","3389.068","semi","2026-01-28T12:46:51.728Z","28-01-2026 18:16:51"
6056,"1490826610611354","23.0","17.6","7.6","370.0","2289.079","3091.671","semi","2026-01-28T12:46:45.579Z","28-01-2026 18:16:45"
6055,"1490826608980973","21.7","18.5","7.6","370.0","2310.448","3065.051","semi","2026-01-28T12:46:40.267Z","28-01-2026 18:16:40"
6054,"1490826567132022","22.7","18.5","8.8","350.0","2591.442","3693.982","semi","2026-01-28T12:46:34.644Z","28-01-2026 18:16:34"
6053,"1490826608992976","22.1","19.0","7.8","370.0","2609.788","3265.177","semi","2026-01-28T12:46:28.914Z","28-01-2026 18:16:28"
6052,"1490826609004261","22.0","16.1","8.4","420.0","2317.466","2989.011","semi","2026-01-28T12:46:23.150Z","28-01-2026 18:16:23"
6051,"1490826620618381","24.1","19.8","7.4","390.0","2426.104","3537.788","semi","2026-01-28T12:46:18.099Z","28-01-2026 18:16:18"
6050,"1490826642053313","23.8","20.2","7.3","310.0","2560.344","3529.583","semi","2026-01-28T12:46:12.873Z","28-01-2026 18:16:12"
6049,"1490826609004412","22.9","17.8","8.0","410.0","2540.869","3282.488","semi","2026-01-28T12:46:06.301Z","28-01-2026 18:16:06"
6048,"1490826608988393","15.7","14.2","4.2","390.0","547.912","943.462","semi","2026-01-28T12:46:01.134Z","28-01-2026 18:16:01"
6047,"1490826631709623","21.9","17.1","7.9","20.00","2130.106","2969.652","semi","2026-01-28T12:45:56.514Z","28-01-2026 18:15:56"
6046,"1490826567132092","23.0","21.3","8.3","370.0","2656.613","4047.704","semi","2026-01-28T12:45:49.692Z","28-01-2026 18:15:49"
6045,"1490826608997095","22.8","17.8","8.0","440.0","2502.380","3243.927","semi","2026-01-28T12:45:43.103Z","28-01-2026 18:15:43"
6044,"1490826609004482","13.2","10.0","3.9","430.0","429.522","512.749","semi","2026-01-28T12:45:36.423Z","28-01-2026 18:15:36"
6043,"5662089505355","13.1","10.0","3.8","50.0","452.103","499.102","semi","2026-01-28T12:45:31.530Z","28-01-2026 18:15:31"
6042,"5662089502463","18.9","17.5","3.7","50.0","901.268","1227.543","semi","2026-01-28T12:45:25.554Z","28-01-2026 18:15:25"
6041,"1490826625347146","23.0","19.0","8.0","70.00","2615.663","3497.043","semi","2026-01-28T12:45:21.032Z","28-01-2026 18:15:21"
6040,"1490826609004316","23.9","19.6","7.6","430.0","2618.901","3568.426","semi","2026-01-28T12:45:15.493Z","28-01-2026 18:15:15"
6039,"1490826609004751","22.9","19.2","7.7","440.0","2671.645","3400.629","semi","2026-01-28T12:45:08.545Z","28-01-2026 18:15:08"
6038,"1490826608999884","23.1","18.3","7.6","430.0","2566.822","3221.380","semi","2026-01-28T12:45:02.245Z","28-01-2026 18:15:02"
6037,"1490826608985055","12.9","10.1","4.4","450.0","500.484","570.557","semi","2026-01-28T12:44:56.287Z","28-01-2026 18:14:56"
6036,"5662089511095","23.2","20.6","7.8","70.00","2459.428","3719.514","semi","2026-01-28T12:44:50.938Z","28-01-2026 18:14:50"
6035,"1490826608999825","12.3","6.5","7.0","410.0","428.952","558.187","semi","2026-01-28T12:44:45.984Z","28-01-2026 18:14:45"
6034,"11675173497460","21.0","17.9","7.5","210.0","1829.056","2822.539","semi","2026-01-28T12:44:41.342Z","28-01-2026 18:14:41"
6033,"5662089489233","25.1","20.8","7.7","710.0","2545.351","4009.842","semi","2026-01-28T12:44:36.114Z","28-01-2026 18:14:36"
6032,"1490826608993050","23.3","20.9","7.6","370.0","2630.404","3702.110","semi","2026-01-28T12:44:30.766Z","28-01-2026 18:14:30"
6031,"1490826608981360","25.6","22.0","7.2","440.0","2532.167","4045.776","semi","2026-01-28T12:44:26.619Z","28-01-2026 18:14:26"
6030,"1490826637839302","23.5","19.5","8.1","360.0","2480.713","3727.281","semi","2026-01-28T12:44:21.840Z","28-01-2026 18:14:21"
6029,"1490826642053265","22.6","18.1","7.6","310.0","2437.948","3097.337","semi","2026-01-28T12:44:16.862Z","28-01-2026 18:14:16"
6028,"1490826608985346","22.2","17.8","8.3","390.0","2530.881","3271.466","semi","2026-01-28T12:44:09.960Z","28-01-2026 18:14:09"
6027,"1490826608988231","22.1","16.8","8.2","380.0","2324.971","3047.014","semi","2026-01-28T12:44:05.472Z","28-01-2026 18:14:05"
6026,"1490826608993153","22.8","20.4","7.4","370.0","2510.944","3425.089","semi","2026-01-28T12:44:00.936Z","28-01-2026 18:14:00"
6025,"1490826608984845","23.1","19.8","7.8","400.0","2623.362","3545.235","semi","2026-01-28T12:43:54.274Z","28-01-2026 18:13:54"
6024,"1490826609004703","23.3","19.2","7.9","420.0","2582.317","3520.337","semi","2026-01-28T12:43:49.697Z","28-01-2026 18:13:49"
6023,"1490826620994933","22.5","19.6","7.9","450.0","2561.048","3480.683","semi","2026-01-28T12:43:45.095Z","28-01-2026 18:13:45"
6022,"1490826620618355","24.2","19.2","7.4","430.0","2498.853","3430.560","semi","2026-01-28T12:43:41.231Z","28-01-2026 18:13:41"
6021,"1490826611142304","23.2","17.7","7.5","250.0","2333.628","3084.173","semi","2026-01-28T12:43:36.633Z","28-01-2026 18:13:36"
6020,"1490826608988102","23.4","18.5","2.7","390.0","627.463","1177.833","semi","2026-01-28T12:43:30.174Z","28-01-2026 18:13:30"
6019,"1490826618751654","22.6","17.9","8.0","70.0","2593.191","3241.141","semi","2026-01-28T12:43:26.002Z","28-01-2026 18:13:26"
6018,"1490826621278783","23.6","15.2","7.4","450.0","1936.324","2663.261","semi","2026-01-28T12:43:22.015Z","28-01-2026 18:13:22"
6017,"1490826566970101","24.7","19.7","7.2","370.0","2459.320","3477.647","semi","2026-01-28T12:43:17.826Z","28-01-2026 18:13:17"
6016,"1490826626677776","38.6","24.9","3.5","270.0","2034.891","3346.327","semi","2026-01-28T12:43:12.686Z","28-01-2026 18:13:12"
6015,"1490826628758913","31.7","26.8","8.3","200.0","4685.797","7070.126","semi","2026-01-28T12:43:08.368Z","28-01-2026 18:13:08"
6014,"28449583097556","22.5","21.8","11.9","400.0","4015.145","5842.902","semi","2026-01-28T12:43:04.566Z","28-01-2026 18:13:04"
6013,"1490826610612673","25.3","24.0","7.0","790.0","2698.346","4230.919","semi","2026-01-28T12:42:59.917Z","28-01-2026 18:12:59"
6012,"1490826619379322","25.4","22.8","7.5","260.0","2853.801","4327.449","semi","2026-01-28T12:42:55.773Z","28-01-2026 18:12:55"
6011,"31109329357446","29.0","24.7","12.5","360.0","5453.040","8905.869","semi","2026-01-28T12:42:51.337Z","28-01-2026 18:12:51"
6010,"13630912145205","22.9","19.1","7.6","500.0","2591.525","3313.203","semi","2026-01-28T12:42:47.531Z","28-01-2026 18:12:47"
6009,"1490826609000234","22.4","17.6","7.6","400.0","2143.718","3003.067","semi","2026-01-28T12:42:42.035Z","28-01-2026 18:12:42"
6008,"1490826593070603","19.8","19.3","4.5","340.0","1013.745","1709.638","semi","2026-01-28T12:42:38.221Z","28-01-2026 18:12:38"
6007,"1490826641775682","19.9","17.8","5.1","30.00","1209.323","1799.863","semi","2026-01-28T12:42:34.738Z","28-01-2026 18:12:34"
6006,"VL0083377508217","16.5","14.7","3.7","60.0","574.690","905.373","semi","2026-01-28T12:42:30.173Z","28-01-2026 18:12:30"
6005,"1490826636549666","16.5","14.7","3.7","30.0","574.690","905.373","semi","2026-01-28T12:42:26.421Z","28-01-2026 18:12:26"
6004,"1490826631118764","15.8","6.3","7.8","40.00","720.456","782.659","semi","2026-01-28T12:42:21.775Z","28-01-2026 18:12:21"
6003,"19041865131686","13.0","9.9","4.2","130.0","470.135","539.411","semi","2026-01-28T12:42:15.238Z","28-01-2026 18:12:15"
6002,"5662089507643","13.0","9.9","3.7","50.0","434.909","477.881","semi","2026-01-28T12:42:08.537Z","28-01-2026 18:12:08"
6001,"5662089492346","13.0","10.4","3.7","60.0","450.717","498.031","semi","2026-01-28T12:42:03.538Z","28-01-2026 18:12:03"
6000,"5662089507794","12.5","9.7","5.0","60.00","513.817","606.160","semi","2026-01-28T12:41:59.672Z","28-01-2026 18:11:59"
5999,"5662089492921","12.7","10.1","4.0","110.0","490.626","514.380","semi","2026-01-28T12:41:50.358Z","28-01-2026 18:11:50"
5998,"5662088681341","13.3","9.5","4.0","60.0","457.376","508.840","semi","2026-01-28T12:41:42.108Z","28-01-2026 18:11:42"
5997,"5662089495220","13.2","10.1","3.7","60.0","440.165","495.317","semi","2026-01-28T12:41:36.532Z","28-01-2026 18:11:36"
5996,"5662089501321","12.9","9.5","4.1","60.00","463.975","504.236","semi","2026-01-28T12:41:30.713Z","28-01-2026 18:11:30"
5995,"5662089517690","21.9","19.0","7.7","130.0","2310.458","3203.974","semi","2026-01-28T12:41:26.927Z","28-01-2026 18:11:26"
5994,"1490826593353506","13.2","9.9","4.0","380.0","455.414","521.920","semi","2026-01-28T12:41:23.339Z","28-01-2026 18:11:23"
5993,"5662089509360","12.5","9.3","5.2","60.00","473.037","602.423","semi","2026-01-28T12:41:19.178Z","28-01-2026 18:11:19"
5992,"5662089492825","13.3","10.2","3.8","120.0","409.430","518.707","semi","2026-01-28T12:41:15.734Z","28-01-2026 18:11:15"
5991,"5662089508100","21.7","19.3","8.0","70.00","2275.482","3362.690","semi","2026-01-28T12:41:12.073Z","28-01-2026 18:11:12"
5990,"1490826593692376","21.7","19.3","8.0","430.0","2275.482","3362.690","semi","2026-01-28T12:41:06.626Z","28-01-2026 18:11:06"
5989,"1490826643692234","23.3","18.0","7.2","400.0","2326.773","3036.593","semi","2026-01-28T12:35:49.556Z","28-01-2026 18:05:49"
5988,"1490826638990183","32.6","21.8","6.2","400.0","2525.023","4416.453","semi","2026-01-28T12:35:45.373Z","28-01-2026 18:05:45"
5987,"1490826633047776","22.1","18.5","7.6","140.0","2399.860","3087.758","semi","2026-01-28T12:35:41.064Z","28-01-2026 18:05:41"
5986,"1490826643692190","24.8","20.0","7.2","410.0","2403.332","3575.940","semi","2026-01-28T12:35:35.299Z","28-01-2026 18:05:35"
5985,"1490826611142304","23.7","20.1","7.1","240.0","2522.368","3359.329","semi","2026-01-28T12:35:29.332Z","28-01-2026 18:05:29"
5984,"1490826609004681","26.3","21.5","3.7","420.0","1320.129","2102.109","semi","2026-01-28T12:35:24.109Z","28-01-2026 18:05:24"
5983,"1490826620871910","22.2","19.9","7.8","190.0","2500.171","3447.055","semi","2026-01-28T12:35:19.810Z","28-01-2026 18:05:19"
5982,"1490826638990135","24.3","21.8","3.2","370.0","1009.925","1711.359","semi","2026-01-28T12:35:13.552Z","28-01-2026 18:05:13"
5981,"1490826518001295","24.2","20.9","6.7","150.0","2520.304","3403.557","semi","2026-01-28T12:35:08.367Z","28-01-2026 18:05:08"
5980,"1490826643692186","23.5","18.4","7.9","500.0","2546.936","3430.240","semi","2026-01-28T12:35:01.834Z","28-01-2026 18:05:01"
5979,"1490826608993665","26.5","22.1","3.0","380.0","1024.846","1741.522","semi","2026-01-28T12:34:54.980Z","28-01-2026 18:04:54"
5978,"1490826630492850","21.2","20.2","7.2","100.0","2079.426","3099.037","semi","2026-01-28T12:34:49.978Z","28-01-2026 18:04:49"
5977,"1490826638906916","21.9","19.7","7.4","270.0","2310.990","3204.810","semi","2026-01-28T12:34:46.001Z","28-01-2026 18:04:46"
5976,"1490826646161742","16.4","11.4","5.6","400.0","799.041","1055.336","semi","2026-01-28T12:34:41.207Z","28-01-2026 18:04:41"
5975,"1490826585494680","23.5","19.0","7.3","","2419.767","3237.203","semi","2026-01-28T12:34:36.179Z","28-01-2026 18:04:36"
5974,"1490826643886554","24.2","21.7","8.2","450.0","2855.383","4315.288","semi","2026-01-28T12:34:30.065Z","28-01-2026 18:04:30"
5973,"1490826641358725","26.7","21.3","3.0","410.0","1080.744","1691.089","semi","2026-01-28T12:34:21.945Z","28-01-2026 18:04:21"
5972,"1490826637351590","21.0","18.0","8.4","180.0","2400.951","3162.338","semi","2026-01-28T12:34:15.849Z","28-01-2026 18:04:15"
5971,"1490826593078432","22.8","21.2","8.6","460.0","3201.484","4177.884","semi","2026-01-28T12:34:11.935Z","28-01-2026 18:04:11"
5970,"1490826639225792","25.5","21.6","3.0","450.0","1122.270","1638.239","semi","2026-01-28T12:34:05.769Z","28-01-2026 18:04:05"
5969,"1490826630492496","23.4","17.9","8.1","160.0","2452.065","3399.155","semi","2026-01-28T12:34:00.549Z","28-01-2026 18:04:00"
5968,"1490826610611273","21.7","17.7","7.7","410.0","2127.892","2942.807","semi","2026-01-28T12:33:54.788Z","28-01-2026 18:03:54"
5967,"1490826638990161","21.4","19.8","6.6","330.0","2012.030","2792.134","semi","2026-01-28T12:33:48.439Z","28-01-2026 18:03:48"
5966,"1490826621841104","16.2","7.2","6.8","280.0","713.819","796.540","semi","2026-01-28T12:33:42.981Z","28-01-2026 18:03:42"
5965,"19041865416435","22.9","18.6","8.0","130.0","2439.906","3399.618","semi","2026-01-28T12:33:37.000Z","28-01-2026 18:03:37"
5964,"1490826642053372","23.6","19.1","8.3","320.0","2603.197","3763.337","semi","2026-01-28T12:33:31.293Z","28-01-2026 18:03:31"
5963,"1490826627566485","29.7","22.9","2.7","360.0","743.085","1852.369","semi","2026-01-28T12:33:26.573Z","28-01-2026 18:03:26"
5962,"1490826627982344","22.7","22.3","5.7","180.0","1648.808","2900.368","semi","2026-01-28T12:33:20.364Z","28-01-2026 18:03:20"
5961,"1490826638906846","37.4","30.3","5.2","320.0","2690.804","5918.162","semi","2026-01-28T12:33:15.992Z","28-01-2026 18:03:15"
5960,"195042499716585","21.3","18.3","3.7","220.0","902.667","1447.878","semi","2026-01-28T12:33:09.649Z","28-01-2026 18:03:09"
5959,"1490826626700423","24.2","18.6","7.3","130.0","2370.611","3306.583","semi","2026-01-28T12:33:04.914Z","28-01-2026 18:03:04"
5958,"1490826567132206","20.9","18.0","3.8","400.0","905.081","1443.991","semi","2026-01-28T12:33:00.784Z","28-01-2026 18:03:00"
5957,"1490826587201685","26.2","21.4","6.8","70.00","2619.729","3830.485","semi","2026-01-28T12:32:56.016Z","28-01-2026 18:02:56"
5956,"1490826621693500","12.3","10.2","4.0","400.0","430.363","500.667","semi","2026-01-28T12:32:51.020Z","28-01-2026 18:02:51"
5955,"5662089487645","21.1","19.8","7.4","70.00","2050.884","3087.526","semi","2026-01-28T12:32:47.555Z","28-01-2026 18:02:47"
5954,"1490826639419482","20.9","18.2","4.0","340.0","947.250","1516.970","semi","2026-01-28T12:32:39.112Z","28-01-2026 18:02:39"
5953,"1490826607083251","23.7","19.3","8.4","130.0","2764.136","3841.624","semi","2026-01-28T12:32:34.104Z","28-01-2026 18:02:34"
5952,"1490826619080971","13.4","10.3","3.4","470.0","407.403","468.836","semi","2026-01-28T12:32:29.638Z","28-01-2026 18:02:29"
5951,"5662089500562","17.2","15.5","3.3","60.0","543.620","885.961","semi","2026-01-28T12:32:25.283Z","28-01-2026 18:02:25"
5950,"1490826557525340","20.4","19.4","3.2","20.00","830.646","1278.689","semi","2026-01-28T12:32:21.345Z","28-01-2026 18:02:21"
5949,"1490826626700460","23.9","20.2","5.9","120.0","2107.647","2837.124","semi","2026-01-28T12:32:16.281Z","28-01-2026 18:02:16"
5948,"1490826480609535","25.6","21.6","3.6","330.0","1334.379","1974.985","semi","2026-01-28T12:32:11.551Z","28-01-2026 18:02:11"
5947,"1490826637351612","16.0","6.5","7.0","180.0","690.230","731.546","semi","2026-01-28T12:32:07.057Z","28-01-2026 18:02:07"
5946,"19041865121061","8.7","6.5","7.0","370.0","356.879","396.767","semi","2026-01-28T12:32:03.320Z","28-01-2026 18:02:03"
5945,"19041864793833","14.5","8.8","7.3","370.0","886.945","939.881","semi","2026-01-28T12:31:51.328Z","28-01-2026 18:01:51"
5944,"SF2904966196MEO","16.1","6.7","6.8","230.0","621.584","729.974","semi","2026-01-28T12:31:47.499Z","28-01-2026 18:01:47"
5943,"19041865161451","16.2","7.1","6.8","360.0","688.229","780.124","semi","2026-01-28T12:31:43.464Z","28-01-2026 18:01:43"
5942,"19041865414814","15.3","7.2","6.8","130.0","654.415","751.412","semi","2026-01-28T12:31:39.441Z","28-01-2026 18:01:39"
5941,"19041865139401","16.0","6.9","7.0","240.0","657.744","769.758","semi","2026-01-28T12:31:35.541Z","28-01-2026 18:01:35"
5940,"19041865120770","15.9","7.1","6.7","360.0","676.533","755.821","semi","2026-01-28T12:31:31.485Z","28-01-2026 18:01:31"
5939,"19041865415120","24.9","22.1","8.5","130.0","3082.374","4698.990","semi","2026-01-28T12:31:26.484Z","28-01-2026 18:01:26"
5938,"1490826639835525","18.5","9.7","5.4","430.0","857.236","978.148","semi","2026-01-28T12:31:22.347Z","28-01-2026 18:01:22"
5937,"19041865412935","18.2","9.9","5.5","460.0","837.387","995.053","semi","2026-01-28T12:31:18.055Z","28-01-2026 18:01:18"
5936,"927804","23.6","21.0","5.2","470.0","1577.899","2593.783","semi","2026-01-28T12:31:13.428Z","28-01-2026 18:01:13"
5935,"1490826582796132","26.1","21.7","2.2","190.0","762.237","1256.177","semi","2026-01-28T12:31:08.885Z","28-01-2026 18:01:08"
5934,"1490826621222396","26.2","21.8","2.7","90.00","938.315","1559.242","semi","2026-01-28T12:31:02.786Z","28-01-2026 18:01:02"
5933,"1490826620872002","22.9","21.2","8.4","110.0","2940.068","4087.535","semi","2026-01-28T12:30:56.732Z","28-01-2026 18:00:56"
5932,"1490826639830496","26.3","21.9","3.2","410.0","1238.048","1851.468","semi","2026-01-28T12:30:52.648Z","28-01-2026 18:00:52"
5931,"1490826630492555","21.8","18.0","8.4","160.0","2413.384","3277.566","semi","2026-01-28T12:30:46.562Z","28-01-2026 18:00:46"
5930,"1490826593078023","23.5","17.2","8.1","460.0","2437.035","3297.159","semi","2026-01-28T12:30:41.005Z","28-01-2026 18:00:41"
5929,"1490826593077695","23.4","21.6","7.9","460.0","2844.402","3980.894","semi","2026-01-28T12:30:36.274Z","28-01-2026 18:00:36"
5928,"1490826621222175","22.7","21.0","8.9","440.0","2987.781","4244.621","semi","2026-01-28T12:30:29.269Z","28-01-2026 18:00:29"
5927,"1490826639830651","26.2","22.3","7.7","460.0","2877.341","4479.814","semi","2026-01-28T12:30:25.042Z","28-01-2026 18:00:25"
5926,"1490826582796235","22.6","20.4","6.8","470.0","2115.507","3142.848","semi","2026-01-28T12:30:19.614Z","28-01-2026 18:00:19"
5925,"1490826541758654","22.9","17.4","8.0","370.0","2304.093","3184.340","semi","2026-01-28T12:30:13.917Z","28-01-2026 18:00:13"
5924,"1490826593083015","24.3","20.8","6.0","430.0","1893.561","3018.941","semi","2026-01-28T12:30:09.850Z","28-01-2026 18:00:09"
5923,"1490826641358795","24.8","21.2","7.7","220.0","2947.101","4049.422","semi","2026-01-28T12:30:05.140Z","28-01-2026 18:00:05"
5922,"1490826639835750","18.0","10.9","2.5","440.0","279.557","489.936","semi","2026-01-28T12:30:00.059Z","28-01-2026 18:00:00"
5921,"1490826633316252","23.8","21.9","8.5","60.0","3037.600","4440.346","semi","2026-01-28T12:29:55.526Z","28-01-2026 17:59:55"
5920,"1490826639830356","24.4","21.4","8.5","440.0","3099.196","4427.436","semi","2026-01-28T12:29:50.405Z","28-01-2026 17:59:50"
5919,"1490826639225976","22.0","18.9","8.6","420.0","2555.946","3579.716","semi","2026-01-28T12:29:43.758Z","28-01-2026 17:59:43"
5918,"1490826593078336","23.8","22.0","9.0","450.0","3211.504","4712.607","semi","2026-01-28T12:29:38.491Z","28-01-2026 17:59:38"
5917,"1490826639225932","28.4","23.2","2.5","420.0","993.058","1627.861","semi","2026-01-28T12:29:32.463Z","28-01-2026 17:59:32"
5916,"1490826637838042","28.3","22.5","2.5","700.0","1006.363","1571.933","semi","2026-01-28T12:29:27.135Z","28-01-2026 17:59:27"
5915,"1490826637838064","28.0","22.7","1.9","710.0","1009.189","1234.406","semi","2026-01-28T12:29:22.561Z","28-01-2026 17:59:22"
5914,"1490826637838090","24.6","21.5","8.3","720.0","2927.978","4386.732","semi","2026-01-28T12:29:18.264Z","28-01-2026 17:59:18"
5913,"1490826639835562","22.2","17.8","7.9","440.0","2220.417","3111.858","semi","2026-01-28T12:29:14.169Z","28-01-2026 17:59:14"
5912,"1490826593353436","27.0","20.5","6.8","400.0","2630.355","3779.149","semi","2026-01-28T12:29:10.403Z","28-01-2026 17:59:10"
5911,"1490826627982311","21.0","19.7","7.8","400.0","2265.917","3234.609","semi","2026-01-28T12:29:04.561Z","28-01-2026 17:59:04"
5910,"1490826639835540","22.4","19.2","8.5","440.0","2433.130","3669.663","semi","2026-01-28T12:29:00.470Z","28-01-2026 17:59:00"
5909,"1490826639225943","23.0","21.7","8.2","390.0","3042.545","4105.758","semi","2026-01-28T12:28:56.345Z","28-01-2026 17:58:56"
5908,"1490826639830894","24.3","22.0","7.6","480.0","2954.487","4066.507","semi","2026-01-28T12:28:52.163Z","28-01-2026 17:58:52"
5907,"1490826640117371","22.2","17.3","8.0","460.0","2287.262","3082.105","semi","2026-01-28T12:28:48.051Z","28-01-2026 17:58:48"
5906,"1490826593692483","21.1","15.5","2.7","440.00","575.404","891.491","semi","2026-01-28T12:28:42.738Z","28-01-2026 17:58:42"
5905,"1490826637837865","23.1","21.8","4.9","310.00","1809.381","2478.861","semi","2026-01-28T12:28:37.217Z","28-01-2026 17:58:37"
5904,"1490826633316134","26.4","17.0","3.7","870.00","560.329","1669.830","semi","2026-01-28T12:28:23.763Z","28-01-2026 17:58:23"
5903,"1490826636605596","23.3","20.6","10.0","170.0","3201.374","4804.209","semi","2026-01-28T12:28:19.368Z","28-01-2026 17:58:19"
5902,"1490826640117673","21.2","17.8","9.8","450.0","2700.673","3680.305","semi","2026-01-28T12:28:14.640Z","28-01-2026 17:58:14"
5901,"1490826639225991","27.6","22.3","1.9","570.0","924.440","1157.537","semi","2026-01-28T12:28:07.084Z","28-01-2026 17:58:07"
5900,"1490826637838005","23.1","21.1","7.7","690.0","2919.283","3766.215","semi","2026-01-28T12:27:44.653Z","28-01-2026 17:57:44"
5899,"1490826639835632","19.8","19.2","3.0","410.0","639.115","1134.004","semi","2026-01-28T12:27:40.584Z","28-01-2026 17:57:40"
5898,"1490826642747116","20.1","19.0","3.2","40.0","553.318","1232.266","semi","2026-01-28T12:27:36.536Z","28-01-2026 17:57:36"
5897,"1490826642747481","23.1","19.7","7.3","30.00","2124.656","3326.471","semi","2026-01-28T12:27:31.764Z","28-01-2026 17:57:31"
5896,"1490826593070684","23.2","17.1","7.6","350.0","2431.748","3002.984","semi","2026-01-28T12:27:26.801Z","28-01-2026 17:57:26"
5895,"1490826608992685","23.1","21.7","8.2","360.0","3184.270","4123.321","semi","2026-01-28T12:27:22.882Z","28-01-2026 17:57:22"
5894,"1490826639830942","26.1","21.2","2.2","470.0","603.276","1229.359","semi","2026-01-28T12:27:18.684Z","28-01-2026 17:57:18"
5893,"1490826599986146","20.9","18.3","8.5","70.00","2365.622","3250.589","semi","2026-01-28T12:27:14.394Z","28-01-2026 17:57:14"
5892,"1490826593078620","19.6","16.8","5.0","430.0","884.474","1641.230","semi","2026-01-28T12:27:10.541Z","28-01-2026 17:57:10"
5891,"1490826641792213","20.7","18.9","5.5","50.0","1416.628","2151.418","semi","2026-01-28T12:27:03.984Z","28-01-2026 17:57:03"
5890,"1490826641108335","20.7","18.9","5.5","110.0","1416.628","2151.418","semi","2026-01-28T12:26:55.617Z","28-01-2026 17:56:55"
5889,"19041865117071","19.1","19.0","4.8","80.0","1124.774","1758.760","semi","2026-01-28T12:26:51.176Z","28-01-2026 17:56:51"
5888,"1490826641791992","19.3","18.5","4.6","60.0","982.706","1634.677","semi","2026-01-28T12:26:46.464Z","28-01-2026 17:56:46"
5887,"1490826589714770","18.5","18.0","4.2","60.0","937.483","1405.752","semi","2026-01-28T12:26:42.357Z","28-01-2026 17:56:42"
5886,"1490826641787615","28.2","23.4","6.1","60.0","2196.447","3998.509","semi","2026-01-28T12:26:38.701Z","28-01-2026 17:56:38"
5885,"1490826637983373","14.8","5.1","6.0","310.0","373.690","454.345","semi","2026-01-28T12:26:32.222Z","28-01-2026 17:56:32"
5884,"1490826607463885","14.6","5.3","5.6","50.0","376.304","432.621","semi","2026-01-28T12:26:26.811Z","28-01-2026 17:56:26"
5883,"1490826607464025","23.0","18.8","11.2","40.0","3684.943","4820.927","semi","2026-01-28T12:26:21.052Z","28-01-2026 17:56:21"
5882,"1490826618779374","23.0","18.8","11.2","620.00","3684.943","4820.927","semi","2026-01-28T12:26:16.291Z","28-01-2026 17:56:16"
5881,"1490826607463966","24.5","20.1","5.7","50.0","1766.538","2794.435","semi","2026-01-28T12:26:11.260Z","28-01-2026 17:56:11"
5880,"1490826638347572","28.9","20.5","8.1","160.0","2799.332","4804.149","semi","2026-01-28T12:26:05.901Z","28-01-2026 17:56:05"
5879,"1490826638202171","19.3","18.3","4.2","350.0","1052.489","1488.447","semi","2026-01-28T12:25:59.122Z","28-01-2026 17:55:59"
5878,"1490826641142543","27.4","20.5","6.7","40.00","2243.934","3778.070","semi","2026-01-28T12:25:54.293Z","28-01-2026 17:55:54"
5877,"1490826638202263","19.2","14.6","10.6","340.0","2080.617","2992.151","semi","2026-01-28T12:25:49.456Z","28-01-2026 17:55:49"
5876,"1490826619071790","25.3","19.3","11.9","500.0","4092.317","5802.857","semi","2026-01-28T12:25:44.704Z","28-01-2026 17:55:44"
5875,"1490826617791836","17.4","9.7","5.2","760.00","775.652","878.572","semi","2026-01-28T12:25:39.292Z","28-01-2026 17:55:39"
5874,"19041865133344","18.8","17.2","6.5","450.0","1415.607","2119.978","semi","2026-01-28T12:25:34.164Z","28-01-2026 17:55:34"
5873,"1490826641114075","19.9","19.0","5.8","160.0","1454.061","2205.827","semi","2026-01-28T12:25:29.879Z","28-01-2026 17:55:29"
5872,"1490826641107661","19.1","18.8","5.7","130.0","1380.513","2053.983","semi","2026-01-28T12:25:24.854Z","28-01-2026 17:55:24"
5871,"1490826623855332","19.0","17.3","6.2","140.0","1375.302","2039.541","semi","2026-01-28T12:25:19.923Z","28-01-2026 17:55:19"
5870,"1490826641113692","25.4","20.8","11.1","150.0","4100.107","5838.014","semi","2026-01-28T12:25:14.424Z","28-01-2026 17:55:14"
5869,"1490826618790725","22.1","21.2","10.0","780.0","3122.516","4709.811","semi","2026-01-28T12:25:10.587Z","28-01-2026 17:55:10"
5868,"1490826618779201","17.9","16.2","4.9","670.00","1002.947","1433.215","semi","2026-01-28T12:25:06.618Z","28-01-2026 17:55:06"
5867,"1490826641792456","19.1","18.4","4.2","70.00","925.123","1490.228","semi","2026-01-28T12:25:02.412Z","28-01-2026 17:55:02"
5866,"1490826641119045","16.7","6.5","7.6","90.00","768.852","822.073","semi","2026-01-28T12:24:58.881Z","28-01-2026 17:54:58"
5865,"19041865578441","22.5","19.2","3.0","120.0","588.887","1282.664","semi","2026-01-28T12:24:53.674Z","28-01-2026 17:54:53"
5864,"1490826598398244","21.6","19.6","3.2","10.0","870.073","1369.182","semi","2026-01-28T12:24:49.490Z","28-01-2026 17:54:49"
5863,"1490826548635476","21.0","18.7","3.2","60.0","782.205","1265.786","semi","2026-01-28T12:24:45.173Z","28-01-2026 17:54:45"
5862,"1490826578451571","21.5","18.7","4.5","60.0","981.965","1799.671","semi","2026-01-28T12:24:40.662Z","28-01-2026 17:54:40"
5861,"1490826641566533","22.2","18.9","12.0","70.00","3455.085","5020.207","semi","2026-01-28T12:24:35.543Z","28-01-2026 17:54:35"
5860,"1490826617767465","19.3","18.6","6.0","670.00","1417.158","2147.887","semi","2026-01-28T12:24:30.032Z","28-01-2026 17:54:30"
5859,"1490826641109352","20.6","20.4","5.0","120.0","1104.498","2089.729","semi","2026-01-28T12:24:24.432Z","28-01-2026 17:54:24"
5858,"1490826641775634","21.9","18.1","11.3","50.0","3408.684","4476.076","semi","2026-01-28T12:24:20.479Z","28-01-2026 17:54:20"
5857,"1490826618779621","25.2","21.0","5.1","750.00","1894.563","2692.181","semi","2026-01-28T12:24:15.811Z","28-01-2026 17:54:15"
5856,"1490826638152040","25.2","21.0","5.1","230.0","1894.563","2692.181","semi","2026-01-28T12:24:11.091Z","28-01-2026 17:54:11"
5855,"1490826631118834","24.6","21.0","10.3","60.00","3571.491","5321.535","semi","2026-01-28T12:24:05.930Z","28-01-2026 17:54:05"
5854,"1490826617768526","20.8","14.7","4.8","710.00","845.972","1475.065","semi","2026-01-28T12:24:00.905Z","28-01-2026 17:54:00"
5853,"1490826638151690","20.7","19.2","4.7","90.00","1259.599","1876.635","semi","2026-01-28T12:23:56.001Z","28-01-2026 17:53:56"
5852,"1490826598398675","23.6","20.6","9.1","80.00","3000.037","4444.295","semi","2026-01-28T12:23:51.827Z","28-01-2026 17:53:51"
5851,"1490826618790316","16.2","6.8","7.1","470.0","696.367","783.685","semi","2026-01-28T12:23:48.136Z","28-01-2026 17:53:48"
5850,"1490826631118893","26.2","21.9","6.1","340.0","2046.446","3478.353","semi","2026-01-28T12:23:44.680Z","28-01-2026 17:53:44"
5849,"1490826638202075","22.3","19.8","5.0","220.0","1385.016","2190.869","semi","2026-01-28T12:23:40.794Z","28-01-2026 17:53:40"
5848,"1490826598398616","20.9","19.7","4.0","120.0","1052.965","1637.283","semi","2026-01-28T12:23:37.374Z","28-01-2026 17:53:37"
5847,"1490826624781421","20.9","19.7","4.0","70.000","1052.965","1637.283","semi","2026-01-28T12:23:27.683Z","28-01-2026 17:53:27"
5846,"1490826638152040","19.3","6.9","7.3","280.0","712.139","966.271","semi","2026-01-28T12:20:07.079Z","28-01-2026 17:50:07"
5845,"1490826631118893","16.0","6.7","7.2","340.0","658.813","779.357","semi","2026-01-28T12:20:00.065Z","28-01-2026 17:50:00"
5844,"927527","23.7","18.5","11.0","360.0","3357.956","4815.869","semi","2026-01-28T12:19:56.316Z","28-01-2026 17:49:56"
5843,"1490826617768526","22.0","19.5","4.2","700.0","1173.254","1811.825","semi","2026-01-28T12:19:44.274Z","28-01-2026 17:49:44"
5842,"1490826598398616","21.6","20.0","9.5","120.0","2229.384","4105.428","semi","2026-01-28T12:19:40.738Z","28-01-2026 17:49:40"
5841,"1490826618254105","23.3","17.1","11.0","430.0","3162.783","4401.366","semi","2026-01-28T12:19:36.466Z","28-01-2026 17:49:36"
5840,"1490826619071440","24.0","20.8","6.0","760.0","1971.755","2981.251","semi","2026-01-28T12:19:30.166Z","28-01-2026 17:49:30"
5839,"1490826638151572","23.0","19.1","1.7","140.0","405.412","732.641","semi","2026-01-28T12:19:24.950Z","28-01-2026 17:49:24"
5838,"1490826638159692","20.1","18.1","1.6","50.0","356.930","569.769","semi","2026-01-28T12:19:21.299Z","28-01-2026 17:49:21"
5837,"1490826593799421","22.9","22.0","2.2","80.0","674.903","1124.305","semi","2026-01-28T12:19:14.669Z","28-01-2026 17:49:14"
5836,"1490826638159504","17.2","17.1","4.5","80.00","878.470","1314.849","semi","2026-01-28T12:19:09.240Z","28-01-2026 17:49:09"
5835,"1490826641787512","20.0","18.5","5.7","60.00","1248.763","2118.206","semi","2026-01-28T12:19:04.669Z","28-01-2026 17:49:04"
5834,"1490826641775925","17.6","17.5","5.7","110.0","1104.879","1759.025","semi","2026-01-28T12:19:00.443Z","28-01-2026 17:49:00"
5833,"1490826641780814","20.6","15.2","2.5","40.0","443.171","775.850","semi","2026-01-28T12:18:55.804Z","28-01-2026 17:48:55"
5832,"1490826641780755","15.7","6.7","7.1","","638.940","739.202","semi","2026-01-28T12:18:51.354Z","28-01-2026 17:48:51"
5831,"923261","15.8","6.1","7.1","360.0","621.569","689.960","semi","2026-01-28T12:18:41.510Z","28-01-2026 17:48:41"
5830,"19041865121540","21.7","21.6","4.2","350.0","1157.175","1972.320","semi","2026-01-28T12:18:37.411Z","28-01-2026 17:48:37"
5829,"1490826638151841","22.9","20.9","3.7","60.00","1169.419","1778.862","semi","2026-01-28T12:18:32.361Z","28-01-2026 17:48:32"
5828,"1490710199634814","25.3","20.7","5.8","100.0","2073.701","3034.339","semi","2026-01-28T12:18:26.513Z","28-01-2026 17:48:26"
5827,"1490826638151620","23.9","21.0","4.9","190.0","1629.751","2473.068","semi","2026-01-28T12:18:20.586Z","28-01-2026 17:48:20"
5826,"1490826638151944","25.4","21.0","5.2","180.0","1947.969","2782.774","semi","2026-01-28T12:18:16.516Z","28-01-2026 17:48:16"
5825,"1490826638151981","25.4","20.6","5.0","210.00","1841.578","2596.824","semi","2026-01-28T12:18:09.947Z","28-01-2026 17:48:09"
5824,"1490826638151712","21.9","19.6","3.2","220.0","896.262","1379.080","semi","2026-01-28T12:18:04.222Z","28-01-2026 17:48:04"
5823,"1490826548635546","21.4","19.7","4.2","50.0","972.227","1786.349","semi","2026-01-28T12:17:59.248Z","28-01-2026 17:47:59"
5822,"1490826624781642","20.0","18.7","5.5","20.00","1405.764","2041.292","semi","2026-01-28T12:17:52.637Z","28-01-2026 17:47:52"
5821,"1490826641566566","19.4","18.6","5.7","130.0","1254.713","2070.637","semi","2026-01-28T12:17:46.487Z","28-01-2026 17:47:46"
5820,"1490826641775892","21.6","19.3","3.7","70.0","1000.991","1553.267","semi","2026-01-28T12:17:42.591Z","28-01-2026 17:47:42"
5819,"1490826625490510","22.2","19.8","3.2","70.0","889.824","1414.138","semi","2026-01-28T12:17:37.456Z","28-01-2026 17:47:37"
5818,"1490826598398384","19.4","17.0","5.8","40.0","1394.703","1921.163","semi","2026-01-28T12:17:33.380Z","28-01-2026 17:47:33"
5817,"1490710199859886","19.3","16.6","6.0","150.0","1366.686","1935.348","semi","2026-01-28T12:17:29.695Z","28-01-2026 17:47:29"
5816,"1490826641114193","24.3","18.7","6.3","170.00","2199.125","2871.118","semi","2026-01-28T12:17:25.573Z","28-01-2026 17:47:25"
5815,"1490826618790994","20.8","19.4","3.8","480.0","959.988","1545.153","semi","2026-01-28T12:17:20.862Z","28-01-2026 17:47:20"
5814,"1490826548635373","22.6","22.5","11.9","60.00","3960.406","6025.759","semi","2026-01-28T12:17:14.400Z","28-01-2026 17:47:14"
5813,"1490826618253560","32.3","21.6","6.6","760.0","3075.782","4598.960","semi","2026-01-28T12:17:09.984Z","28-01-2026 17:47:09"
5812,"1490826624146650","23.7","18.6","11.2","370.0","3934.125","4937.756","semi","2026-01-28T12:17:05.007Z","28-01-2026 17:47:05"
5811,"1490826618253615","20.7","18.3","5.6","790.0","1437.988","2118.670","semi","2026-01-28T12:17:00.435Z","28-01-2026 17:47:00"
5810,"1490826548635675","21.4","20.9","4.5","130.0","1139.662","2000.068","semi","2026-01-28T12:16:55.450Z","28-01-2026 17:46:55"
5809,"1490826641775951","19.5","17.1","3.7","30.0","873.731","1241.542","semi","2026-01-28T12:16:50.208Z","28-01-2026 17:46:50"
5808,"1490710199864974","24.6","17.4","4.4","40.00","1274.158","1897.073","semi","2026-01-28T12:16:45.720Z","28-01-2026 17:46:45"
5807,"1490826607703845","21.5","18.8","4.7","180.0","1085.316","1904.757","semi","2026-01-28T12:16:39.451Z","28-01-2026 17:46:39"
5806,"1490826641566356","20.8","19.0","5.1","50.00","1340.229","2005.100","semi","2026-01-28T12:16:34.628Z","28-01-2026 17:46:34"
5805,"1490826641566861","20.6","19.0","4.7","120.0","1150.722","1854.649","semi","2026-01-28T12:16:29.733Z","28-01-2026 17:46:29"
5804,"1490826641566636","21.3","19.6","3.7","110.0","1089.626","1554.516","semi","2026-01-28T12:16:24.803Z","28-01-2026 17:46:24"
5803,"1490826641567270","22.1","19.1","3.7","80.00","1057.202","1569.551","semi","2026-01-28T12:16:19.587Z","28-01-2026 17:46:19"
5802,"1490826598398211","36.2","27.8","5.9","60.0","4078.649","5971.856","semi","2026-01-28T12:16:15.283Z","28-01-2026 17:46:15"
5801,"195042500532225","22.4","19.0","3.7","660.0","869.830","1557.305","semi","2026-01-28T12:15:59.733Z","28-01-2026 17:45:59"
5800,"1490826548635174","21.0","18.9","3.2","70.0","738.135","1275.677","semi","2026-01-28T12:15:55.079Z","28-01-2026 17:45:55"
5799,"1490826641566371","23.4","14.8","3.7","50.0","602.247","1289.688","semi","2026-01-28T12:15:50.064Z","28-01-2026 17:45:50"
5798,"1490826641566570","20.3","18.9","3.5","70.0","872.426","1333.756","semi","2026-01-28T12:15:44.517Z","28-01-2026 17:45:44"
5797,"1490826633570271","20.6","19.4","2.5","90.00","520.637","990.297","semi","2026-01-28T12:15:38.913Z","28-01-2026 17:45:38"
5796,"1490826625621200","21.0","19.3","3.5","40.0","928.864","1406.899","semi","2026-01-28T12:15:32.919Z","28-01-2026 17:45:32"
5795,"1490826598405675","19.8","19.0","4.1","70.0","1014.953","1535.030","semi","2026-01-28T12:15:27.935Z","28-01-2026 17:45:27"
5794,"1490826589448350","21.3","18.7","3.0","70.00","651.430","1183.821","semi","2026-01-28T12:15:22.583Z","28-01-2026 17:45:22"
5793,"1490826548635163","19.9","18.6","4.0","30.0","953.440","1473.814","semi","2026-01-28T12:15:17.575Z","28-01-2026 17:45:17"
5792,"1490826589448361","18.5","17.1","5.9","70.00","1221.711","1874.909","semi","2026-01-28T12:15:13.502Z","28-01-2026 17:45:13"
5791,"1490826641792493","19.3","18.5","5.7","150.0","1351.394","2017.848","semi","2026-01-28T12:15:09.301Z","28-01-2026 17:45:09"
5790,"1490826641108276","20.3","18.6","5.3","120.0","1332.765","2001.276","semi","2026-01-28T12:15:03.473Z","28-01-2026 17:45:03"
5789,"1490826641567196","13.6","11.0","4.1","150.0","468.171","610.833","semi","2026-01-28T12:14:56.604Z","28-01-2026 17:44:56"
5788,"1490826618093433","16.5","9.6","5.2","100.0","722.670","823.514","semi","2026-01-28T12:14:52.140Z","28-01-2026 17:44:52"
5787,"19041865412692","22.6","18.9","8.9","460.0","2458.213","3803.829","semi","2026-01-28T12:14:47.899Z","28-01-2026 17:44:47"
5786,"1490826629493725","23.9","21.8","3.3","440.0","1247.613","1733.910","semi","2026-01-28T12:14:41.825Z","28-01-2026 17:44:41"
5785,"1490826638159843","19.1","18.8","6.2","110.0","1496.913","2237.341","semi","2026-01-28T12:14:35.821Z","28-01-2026 17:44:35"
5784,"1490826641792471","29.4","21.1","6.8","120.0","3200.836","4238.567","semi","2026-01-28T12:14:31.404Z","28-01-2026 17:44:31"
5783,"1490826638202134","29.9","21.6","5.9","440.0","2549.371","3796.865","semi","2026-01-28T12:14:27.848Z","28-01-2026 17:44:27"
5782,"1490826638202226","26.8","19.6","5.6","430.0","2065.554","2947.685","semi","2026-01-28T12:14:23.882Z","28-01-2026 17:44:23"
5781,"1490826625076482","20.0","18.5","4.7","330.0","1103.804","1745.670","semi","2026-01-28T12:14:16.224Z","28-01-2026 17:44:16"
5780,"1490826641566942","20.0","15.6","3.5","70.0","694.210","1084.850","semi","2026-01-28T12:14:12.346Z","28-01-2026 17:44:12"
5779,"1490826641780674","19.5","16.6","6.9","","1567.168","2218.287","semi","2026-01-28T12:14:08.142Z","28-01-2026 17:44:08"
5778,"1490826623855273","25.3","18.6","11.2","180.0","3931.000","5267.054","semi","2026-01-28T12:14:02.348Z","28-01-2026 17:44:02"
5777,"1490826618779632","24.2","21.0","5.2","690.0","1794.439","2646.096","semi","2026-01-28T12:13:55.861Z","28-01-2026 17:43:55"
5776,"1490826638162993","21.0","19.7","3.5","130.0","828.802","1443.024","semi","2026-01-28T12:13:50.836Z","28-01-2026 17:43:50"
5775,"1490826598398174","22.6","19.6","3.2","50.0","946.959","1433.168","semi","2026-01-28T12:13:46.145Z","28-01-2026 17:43:46"
5774,"1490826598398620","20.2","19.9","3.5","90.00","837.266","1396.986","semi","2026-01-28T12:13:40.661Z","28-01-2026 17:43:40"
5773,"1490826641566802","20.9","19.8","3.5","60.000","904.313","1441.265","semi","2026-01-28T12:13:36.749Z","28-01-2026 17:43:36"
5772,"1490826598398443","21.4","19.5","3.5","50.0","952.178","1446.721","semi","2026-01-28T12:13:29.334Z","28-01-2026 17:43:29"
5771,"1490826641566850","20.5","19.0","5.0","60.00","1332.193","1932.560","semi","2026-01-28T12:13:23.180Z","28-01-2026 17:43:23"
5770,"1490826598398701","20.9","18.7","4.5","160.0","980.987","1744.497","semi","2026-01-28T12:13:17.846Z","28-01-2026 17:43:17"
5769,"1490826641566706","20.7","19.2","5.0","50.0","1260.746","1977.266","semi","2026-01-28T12:13:13.320Z","28-01-2026 17:43:13"
5768,"1490826641566754","19.4","19.0","5.6","110.0","1452.200","2053.731","semi","2026-01-28T12:13:08.480Z","28-01-2026 17:43:08"
5767,"1490826641113574","18.3","18.1","6.7","160.0","1460.718","2203.920","semi","2026-01-28T12:13:02.315Z","28-01-2026 17:43:02"
5766,"1490826641113541","20.7","18.8","4.4","140.0","1193.581","1718.735","semi","2026-01-28T12:12:57.233Z","28-01-2026 17:42:57"
5765,"1490826641566544","29.0","19.8","5.6","120.0","2008.042","3192.868","semi","2026-01-28T12:12:52.452Z","28-01-2026 17:42:52"
5764,"1490826638202252","31.3","23.4","5.4","260.0","2287.158","3965.584","semi","2026-01-28T12:12:48.384Z","28-01-2026 17:42:48"
5763,"1490826638202101","15.8","7.3","7.4","360.0","721.466","852.996","semi","2026-01-28T12:12:44.426Z","28-01-2026 17:42:44"
5762,"1490826631118823","22.9","20.7","4.0","340.0","1317.887","1884.738","semi","2026-01-28T12:12:40.017Z","28-01-2026 17:42:40"
5761,"1490826638151896","16.6","6.5","7.6","130.0","734.465","825.028","semi","2026-01-28T12:12:35.701Z","28-01-2026 17:42:35"
5760,"927996","19.1","17.2","6.5","130.0","1405.186","2133.081","semi","2026-01-28T12:12:31.385Z","28-01-2026 17:42:31"
5759,"1490826641113714","20.9","19.4","3.0","180.0","690.694","1206.301","semi","2026-01-28T12:12:27.662Z","28-01-2026 17:42:27"
5758,"1490826589714641","25.9","20.6","7.2","30.00","2771.309","3825.467","semi","2026-01-28T12:12:22.839Z","28-01-2026 17:42:22"
5757,"1490826523639025","16.4","7.0","6.8","410.0","688.550","784.133","semi","2026-01-28T12:12:18.617Z","28-01-2026 17:42:18"
5756,"927471","15.0","6.7","7.8","230.0","676.519","784.266","semi","2026-01-28T12:12:15.307Z","28-01-2026 17:42:15"
5755,"927887","25.7","22.9","5.9","120.0","2121.150","3489.644","semi","2026-01-28T12:12:11.689Z","28-01-2026 17:42:11"
5754,"1490826638202145","19.2","18.0","4.5","290.0","978.308","1547.596","semi","2026-01-28T12:12:04.586Z","28-01-2026 17:42:04"
5753,"1490826589448416","19.4","19.2","4.2","60.0","962.228","1568.652","semi","2026-01-28T12:11:57.901Z","28-01-2026 17:41:57"
5752,"1490826641567222","20.9","19.0","4.0","50.0","1000.383","1579.465","semi","2026-01-28T12:11:52.762Z","28-01-2026 17:41:52"
5751,"1490826598398104","15.2","5.2","5.6","60.0","372.389","441.713","semi","2026-01-28T12:11:46.223Z","28-01-2026 17:41:46"
5750,"1490826631118860","17.8","16.7","5.0","50.0","951.517","1479.520","semi","2026-01-28T12:11:41.964Z","28-01-2026 17:41:41"
5749,"1490826641792132","21.8","19.5","4.0","70.0","985.532","1684.928","semi","2026-01-28T12:11:37.584Z","28-01-2026 17:41:37"
5748,"1490826598398406","21.5","19.5","3.5","70.00","899.741","1452.807","semi","2026-01-28T12:11:33.695Z","28-01-2026 17:41:33"
5747,"1490826641566474","19.8","18.9","3.0","60.0","789.267","1116.392","semi","2026-01-28T12:11:29.204Z","28-01-2026 17:41:29"
5746,"1490826633408151","20.4","19.1","3.2","50.0","842.191","1253.834","semi","2026-01-28T12:11:24.810Z","28-01-2026 17:41:24"
5745,"1490826589714711","24.4","22.4","5.2","80.00","1683.024","2824.623","semi","2026-01-28T12:11:20.455Z","28-01-2026 17:41:20"
5744,"1490826638202090","19.1","18.4","6.0","210.0","1411.942","2117.686","semi","2026-01-28T12:11:16.027Z","28-01-2026 17:41:16"
5743,"1490826641108954","21.2","19.5","5.0","140.0","1088.252","2056.098","semi","2026-01-28T12:11:11.569Z","28-01-2026 17:41:11"
5742,"1490710199864985","19.8","18.9","5.5","60.00","1408.163","2045.719","semi","2026-01-28T12:11:06.981Z","28-01-2026 17:41:06"
5741,"1490826641108232","19.1","17.9","6.0","140.00","1357.868","2063.532","semi","2026-01-28T12:11:02.675Z","28-01-2026 17:41:02"
5740,"1490826641792235","19.2","18.6","5.6","120.0","1413.071","1994.796","semi","2026-01-28T12:10:55.287Z","28-01-2026 17:40:55"
5739,"1490826641108700","29.0","20.8","8.5","150.0","3097.772","5150.030","semi","2026-01-28T12:10:51.623Z","28-01-2026 17:40:51"
5738,"1490826597376395","20.3","18.4","4.3","380.0","961.604","1618.989","semi","2026-01-28T12:10:47.363Z","28-01-2026 17:40:47"
5737,"1490826633408221","30.8","21.5","6.5","50.00","2832.008","4317.861","semi","2026-01-28T12:10:42.038Z","28-01-2026 17:40:42"
5736,"1490826638202473","26.8","19.8","6.5","400.0","2316.819","3428.284","semi","2026-01-28T12:10:35.675Z","28-01-2026 17:40:35"
5735,"1490826637983395","25.3","20.2","8.1","350.0","3039.855","4123.383","semi","2026-01-28T12:10:30.915Z","28-01-2026 17:40:30"
5734,"1490826638202215","20.1","19.3","4.5","370.0","935.924","1733.251","semi","2026-01-28T12:10:26.887Z","28-01-2026 17:40:26"
5733,"1490826622925150","18.1","16.9","6.7","60.0","1404.396","2056.211","semi","2026-01-28T12:10:22.302Z","28-01-2026 17:40:22"
5732,"1490826641107801","18.4","17.2","4.3","170.0","938.275","1371.084","semi","2026-01-28T12:10:18.407Z","28-01-2026 17:40:18"
5731,"1490826641142635","18.7","18.4","7.7","60.00","1518.124","2661.515","semi","2026-01-28T12:10:13.856Z","28-01-2026 17:40:13"
5730,"1490826641108490","29.5","22.8","6.9","120.0","2687.236","4651.389","semi","2026-01-28T12:10:08.810Z","28-01-2026 17:40:08"
5729,"1490826638202414","19.0","18.6","5.7","430.0","1329.088","2024.659","semi","2026-01-28T12:10:04.459Z","28-01-2026 17:40:04"
5728,"1490826641108210","19.1","18.1","5.8","130.0","1351.484","2009.134","semi","2026-01-28T12:09:59.014Z","28-01-2026 17:39:59"
5727,"1490826641113526","24.3","21.6","5.3","140.0","1710.059","2787.200","semi","2026-01-28T12:09:53.938Z","28-01-2026 17:39:53"
5726,"1490826638202053","24.4","19.2","7.7","210.0","2780.871","3618.855","semi","2026-01-28T12:09:49.404Z","28-01-2026 17:39:49"
5725,"1490826638151852","23.5","21.7","3.2","400.0","1125.966","1648.506","semi","2026-01-28T12:09:44.415Z","28-01-2026 17:39:44"
5724,"1490826638162982","25.8","20.9","4.5","90.00","1712.167","2442.648","semi","2026-01-28T12:09:38.129Z","28-01-2026 17:39:38"
5723,"1490826638159342","25.7","20.3","5.1","210.0","1763.448","2640.720","semi","2026-01-28T12:09:33.319Z","28-01-2026 17:39:33"
5722,"1490826638159331","18.4","18.0","5.0","230.0","983.655","1646.583","semi","2026-01-28T12:09:28.370Z","28-01-2026 17:39:28"
5721,"1490826633570282","18.2","18.1","5.7","50.00","1235.662","1885.973","semi","2026-01-28T12:09:23.599Z","28-01-2026 17:39:23"
5720,"1490826641107812","18.6","18.1","5.0","140.00","1076.391","1670.416","semi","2026-01-28T12:09:18.677Z","28-01-2026 17:39:18"
5719,"1490826641792272","21.4","19.7","3.7","110.0","953.743","1564.919","semi","2026-01-28T12:09:14.397Z","28-01-2026 17:39:14"
5718,"1490826622518645","18.7","17.6","5.2","50.00","1228.919","1711.046","semi","2026-01-28T12:09:10.663Z","28-01-2026 17:39:10"
5717,"1490826641792305","20.4","20.2","3.7","130.0","929.348","1529.022","semi","2026-01-28T12:09:05.197Z","28-01-2026 17:39:05"
5716,"1490826622885132","19.1","18.2","3.6","50.0","784.959","1241.386","semi","2026-01-28T12:09:00.199Z","28-01-2026 17:39:00"
5715,"1490826641142661","20.3","20.0","4.2","60.0","1040.594","1711.415","semi","2026-01-28T12:08:56.160Z","28-01-2026 17:38:56"
5714,"1490826625097305","18.4","17.7","4.7","70.00","1113.803","1545.804","semi","2026-01-28T12:08:51.945Z","28-01-2026 17:38:51"
5713,"1490826641775914","20.5","19.5","4.0","130.0","1052.381","1591.236","semi","2026-01-28T12:08:47.394Z","28-01-2026 17:38:47"
5712,"1490826641775590","16.1","6.9","7.1","70.00","717.453","787.531","semi","2026-01-28T12:08:43.872Z","28-01-2026 17:38:43"
5711,"19041865188051","16.2","6.7","7.0","240.0","705.917","757.243","semi","2026-01-28T12:08:39.621Z","28-01-2026 17:38:39"
5710,"19041865190910","18.8","9.7","5.4","350.0","793.453","989.102","semi","2026-01-28T12:08:35.479Z","28-01-2026 17:38:35"
5709,"927804","18.8","9.7","5.4","460.0","793.453","989.102","semi","2026-01-28T12:08:32.060Z","28-01-2026 17:38:32"
5708,"1490826607495702","18.2","9.7","5.3","60.0","765.462","942.130","semi","2026-01-28T12:08:26.051Z","28-01-2026 17:38:26"
5707,"19041865412725","16.2","7.0","6.9","460.0","708.910","776.052","semi","2026-01-28T12:08:20.330Z","28-01-2026 17:38:20"
5706,"19041865161226","25.3","20.9","4.9","360.0","1828.643","2603.702","semi","2026-01-28T12:08:15.742Z","28-01-2026 17:38:15"
5705,"1490826638347406","24.5","20.1","5.5","180.0","1690.151","2689.660","semi","2026-01-28T12:08:11.085Z","28-01-2026 17:38:11"
5704,"1490826638159305","23.9","21.4","3.5","190.0","1274.044","1775.103","semi","2026-01-28T12:08:06.288Z","28-01-2026 17:38:06"
5703,"1490826638162945","25.0","20.8","5.2","90.00","1630.547","2694.205","semi","2026-01-28T12:07:59.157Z","28-01-2026 17:37:59"
5702,"1490826638347664","24.5","22.3","2.5","240.0","795.108","1354.711","semi","2026-01-28T12:07:52.079Z","28-01-2026 17:37:52"
5701,"1490826638159375","23.4","21.7","3.7","80.00","1132.606","1895.735","semi","2026-01-28T12:07:47.928Z","28-01-2026 17:37:47"
5700,"1490826638347782","24.4","20.3","5.7","100.0","1874.876","2800.196","semi","2026-01-28T12:07:43.889Z","28-01-2026 17:37:43"
5699,"1490826638152036","24.4","20.3","5.7","220.0","1874.876","2800.196","semi","2026-01-28T12:07:38.450Z","28-01-2026 17:37:38"
5698,"1490826631118753","18.4","16.1","7.3","50.00","1552.449","2168.712","semi","2026-01-28T12:07:32.515Z","28-01-2026 17:37:32"
5697,"1490826641113946","23.5","21.8","2.2","180.0","716.456","1135.829","semi","2026-01-28T12:07:26.460Z","28-01-2026 17:37:26"
5696,"1490710199634825","23.2","21.2","4.7","70.0","1400.946","2319.301","semi","2026-01-28T12:07:21.768Z","28-01-2026 17:37:21"
5695,"1490826638347395","24.3","20.5","5.8","110.0","1952.565","2872.750","semi","2026-01-28T12:07:16.798Z","28-01-2026 17:37:16"
5694,"1490826638151815","24.3","22.2","2.2","170.0","780.132","1197.494","semi","2026-01-28T12:07:11.791Z","28-01-2026 17:37:11"
5693,"1490826638159235","22.4","20.5","6.0","80.00","1755.464","2749.351","semi","2026-01-28T12:07:06.243Z","28-01-2026 17:37:06"
5692,"1490826638151885","25.2","20.6","5.5","130.0","1665.319","2841.405","semi","2026-01-28T12:07:00.137Z","28-01-2026 17:37:00"
5691,"1490826638151675","18.4","18.4","5.9","180.0","1409.969","2002.568","semi","2026-01-28T12:06:54.355Z","28-01-2026 17:36:54"
5690,"1490826623442516","19.7","18.7","4.5","140.0","1054.656","1646.349","semi","2026-01-28T12:06:49.665Z","28-01-2026 17:36:49"
5689,"1490826641792143","20.2","18.6","5.7","50.00","1415.221","2127.475","semi","2026-01-28T12:06:44.123Z","28-01-2026 17:36:44"
5688,"1490826641108840","18.8","17.5","6.6","140.0","1378.988","2167.358","semi","2026-01-28T12:06:38.313Z","28-01-2026 17:36:38"
5687,"1490826641108615","18.3","16.3","4.2","140.0","810.905","1258.427","semi","2026-01-28T12:06:34.258Z","28-01-2026 17:36:34"
5686,"1490826641787814","20.2","20.2","3.5","80.0","904.190","1414.001","semi","2026-01-28T12:06:29.653Z","28-01-2026 17:36:29"
5685,"1490826641142580","18.6","18.3","5.7","60.0","1278.204","1957.169","semi","2026-01-28T12:06:21.394Z","28-01-2026 17:36:21"
5684,"1490826641107705","19.9","19.9","4.0","140.0","996.414","1576.329","semi","2026-01-28T12:06:15.193Z","28-01-2026 17:36:15"
5683,"1490826641775564","15.3","5.2","5.4","50.0","351.884","429.459","semi","2026-01-28T12:06:10.481Z","28-01-2026 17:36:10"
5682,"1490826631118786","17.9","17.0","4.2","50.0","837.565","1285.196","semi","2026-01-28T12:06:06.050Z","28-01-2026 17:36:06"
5681,"1490826641787556","19.6","18.8","6.3","70.0","1366.682","2329.851","semi","2026-01-28T12:06:01.721Z","28-01-2026 17:36:01"
5680,"1490826641107845","15.2","7.0","7.2","130.0","634.866","757.265","semi","2026-01-28T12:05:57.625Z","28-01-2026 17:35:57"
5679,"1490826631118845","18.3","14.5","4.4","350.0","803.929","1171.138","semi","2026-01-28T12:05:53.514Z","28-01-2026 17:35:53"
5678,"1490826641781046","19.5","18.4","5.5","50.0","1354.960","1966.530","semi","2026-01-28T12:05:47.760Z","28-01-2026 17:35:47"
5677,"1490826641109702","19.2","19.2","5.5","140.0","1404.313","2015.118","semi","2026-01-28T12:05:42.147Z","28-01-2026 17:35:42"
5676,"1490826641113552","24.4","20.8","2.2","140.0","672.107","1128.754","semi","2026-01-28T12:05:36.330Z","28-01-2026 17:35:36"
5675,"1490826621591156","22.9","21.3","3.5","70.00","977.418","1695.591","semi","2026-01-28T12:05:32.605Z","28-01-2026 17:35:32"
5674,"1490826638348191","23.2","22.1","3.7","100.0","1227.527","1907.235","semi","2026-01-28T12:05:26.653Z","28-01-2026 17:35:26"
5673,"1490826638347804","22.8","20.8","3.7","100.0","1139.705","1766.340","semi","2026-01-28T12:05:22.130Z","28-01-2026 17:35:22"
5672,"1490826639833204","23.1","21.4","3.8","100.0","1199.079","1888.369","semi","2026-01-28T12:05:17.829Z","28-01-2026 17:35:17"
5671,"1490826638160020","23.1","21.8","3.7","110.0","1134.924","1872.262","semi","2026-01-28T12:05:14.155Z","28-01-2026 17:35:14"
5670,"1490826638347863","23.7","21.1","5.2","120.0","1882.127","2622.035","semi","2026-01-28T12:05:09.709Z","28-01-2026 17:35:09"
5669,"1490826638151605","24.3","21.5","3.5","200.0","1184.088","1817.435","semi","2026-01-28T12:05:05.561Z","28-01-2026 17:35:05"
5668,"1490826638163203","24.1","21.0","5.5","100.0","1789.322","2769.753","semi","2026-01-28T12:05:00.686Z","28-01-2026 17:35:00"
5667,"1490826638151616","18.1","17.2","6.7","150.0","1389.851","2094.256","semi","2026-01-28T12:04:54.368Z","28-01-2026 17:34:54"
5666,"1490826641108781","25.5","20.5","5.2","140.0","1606.308","2734.331","semi","2026-01-28T12:04:50.465Z","28-01-2026 17:34:50"
5665,"1490826638151760","24.1","21.5","3.5","160.0","1272.120","1793.766","semi","2026-01-28T12:04:46.521Z","28-01-2026 17:34:46"
5664,"1490826638159762","24.8","20.2","5.7","110.0","1855.310","2876.104","semi","2026-01-28T12:04:42.727Z","28-01-2026 17:34:42"
5663,"1490826638159202","15.5","5.3","5.7","190.0","406.605","464.379","semi","2026-01-28T12:04:39.172Z","28-01-2026 17:34:39"
5662,"1490826607463793","14.7","5.8","5.4","50.0","357.138","464.007","semi","2026-01-28T12:04:35.150Z","28-01-2026 17:34:35"
5661,"1490826607464014","15.7","6.7","7.0","50.00","676.662","734.334","semi","2026-01-28T12:04:31.196Z","28-01-2026 17:34:31"
5660,"927438","18.4","9.6","5.4","360.0","908.193","962.014","semi","2026-01-28T12:04:25.222Z","28-01-2026 17:34:25"
5659,"19041864438362","15.5","6.9","7.1","460.0","673.108","757.346","semi","2026-01-28T12:04:20.902Z","28-01-2026 17:34:20"
5658,"927433","15.5","6.9","7.1","360.0","673.108","757.346","semi","2026-01-28T12:04:17.301Z","28-01-2026 17:34:17"
5657,"1490826631118882","15.8","6.5","7.1","50.00","659.492","729.907","semi","2026-01-28T12:04:12.472Z","28-01-2026 17:34:12"
5656,"927433","16.1","7.1","6.7","360.0","688.177","765.301","semi","2026-01-28T12:04:08.392Z","28-01-2026 17:34:08"
5655,"19041865414803","31.0","19.8","8.6","130.0","3256.843","5276.444","semi","2026-01-28T12:04:03.018Z","28-01-2026 17:34:03"
5654,"1490826638202440","24.7","21.0","5.7","440.0","1871.526","2973.271","semi","2026-01-28T12:03:58.491Z","28-01-2026 17:33:58"
5653,"1490826638347690","22.5","22.2","3.5","230.0","1030.508","1734.734","semi","2026-01-28T12:03:53.363Z","28-01-2026 17:33:53"
5652,"1490826638159401","22.9","21.2","3.7","110.0","1122.219","1816.085","semi","2026-01-28T12:03:46.318Z","28-01-2026 17:33:46"
5651,"1490826638159471","23.5","18.9","4.0","120.0","1081.498","1764.963","semi","2026-01-28T12:03:40.397Z","28-01-2026 17:33:40"
5650,"1490826645791383","23.7","20.4","5.4","110.0","1652.786","2620.466","semi","2026-01-28T12:03:33.809Z","28-01-2026 17:33:33"
5649,"1490826638295120","14.2","11.5","3.9","270.0","521.328","640.620","semi","2026-01-28T12:03:28.490Z","28-01-2026 17:33:28"
5648,"1490826617692160","13.8","8.9","4.1","110.0","437.004","500.873","semi","2026-01-28T12:03:23.035Z","28-01-2026 17:33:23"
5647,"1490826617691563","22.2","18.3","3.7","100.0","921.985","1518.447","semi","2026-01-28T12:03:19.132Z","28-01-2026 17:33:19"
5646,"1490826639090795","24.4","20.3","5.6","110.0","1656.273","2766.818","semi","2026-01-28T12:03:14.900Z","28-01-2026 17:33:14"
5645,"1490826637448094","25.5","19.6","3.9","270.0","1344.218","1964.599","semi","2026-01-28T12:03:08.722Z","28-01-2026 17:33:08"
5644,"1490826638295061","35.9","24.5","11.9","210.0","7177.350","10476.160","semi","2026-01-28T12:03:05.158Z","28-01-2026 17:33:05"
5643,"1490826618317212","24.6","17.9","3.2","800.00","884.935","1424.780","semi","2026-01-28T12:03:00.302Z","28-01-2026 17:33:00"
5642,"1490826637448061","23.9","18.8","3.7","150.0","1138.781","1674.577","semi","2026-01-28T12:02:53.103Z","28-01-2026 17:32:53"
5641,"1490826645790145","24.8","21.3","5.8","130.0","1894.694","3039.163","semi","2026-01-28T12:02:46.692Z","28-01-2026 17:32:46"
5640,"1490826620721185","23.1","18.5","3.7","360.0","841.451","1590.790","semi","2026-01-28T12:02:41.762Z","28-01-2026 17:32:41"
5639,"1490826637439473","14.1","8.2","4.0","120.0","412.777","459.694","semi","2026-01-28T12:02:36.781Z","28-01-2026 17:32:36"
5638,"1490826617889685","14.1","11.4","4.2","100.0","486.181","674.174","semi","2026-01-28T12:02:29.584Z","28-01-2026 17:32:29"
5637,"1490826617366590","22.9","17.7","3.2","100.0","775.146","1307.312","semi","2026-01-28T12:02:24.834Z","28-01-2026 17:32:24"
5636,"1490826511906281","23.6","17.9","3.2","120.0","764.777","1367.997","semi","2026-01-28T12:02:19.951Z","28-01-2026 17:32:19"
5635,"1490826511906071","23.7","18.9","3.7","100.0","912.402","1665.948","semi","2026-01-28T12:02:13.476Z","28-01-2026 17:32:13"
5634,"1490826511921106","23.7","18.9","3.7","110.0","912.402","1665.948","semi","2026-01-28T12:02:08.483Z","28-01-2026 17:32:08"
5633,"1490826592857501","22.9","18.7","3.5","110.0","915.916","1487.443","semi","2026-01-28T12:02:01.081Z","28-01-2026 17:32:01"
5632,"1490826592857663","25.0","17.7","3.2","100.0","902.276","1422.706","semi","2026-01-28T12:01:56.304Z","28-01-2026 17:31:56"
5631,"1490826637439565","24.4","18.0","3.7","130.0","972.060","1637.862","semi","2026-01-28T12:01:50.542Z","28-01-2026 17:31:50"
5630,"1490826637435472","24.6","19.9","4.8","180.0","1479.803","2366.108","semi","2026-01-28T12:01:45.360Z","28-01-2026 17:31:45"
5629,"1490826637435096","24.3","18.6","5.4","320.0","1682.680","2450.335","semi","2026-01-28T12:01:41.390Z","28-01-2026 17:31:41"
5628,"1490826585979371","24.5","19.5","2.7","340.0","789.796","1301.869","semi","2026-01-28T12:01:32.618Z","28-01-2026 17:31:32"
5627,"1490826620995946","22.7","18.1","3.2","90.00","820.407","1327.232","semi","2026-01-28T12:01:27.833Z","28-01-2026 17:31:27"
5626,"1490826592574896","22.9","17.9","3.2","130.0","753.316","1319.116","semi","2026-01-28T12:01:23.839Z","28-01-2026 17:31:23"
5625,"1490826592851201","25.2","22.7","7.6","110.0","2751.021","4361.020","semi","2026-01-28T12:01:17.658Z","28-01-2026 17:31:17"
5624,"1490826619379355","22.5","18.8","3.5","270.0","837.757","1464.586","semi","2026-01-28T12:01:12.382Z","28-01-2026 17:31:12"
5623,"1490826511906104","26.1","18.2","3.5","140.0","879.002","1647.814","semi","2026-01-28T12:01:08.664Z","28-01-2026 17:31:08"
5622,"1490826637435376","25.3","17.9","3.0","130.0","756.710","1348.883","semi","2026-01-28T12:01:04.908Z","28-01-2026 17:31:04"
5621,"1490826637439705","22.5","17.6","4.0","130.0","974.548","1575.540","semi","2026-01-28T12:00:58.180Z","28-01-2026 17:30:58"
5620,"1490826592857523","22.9","18.2","3.2","120.0","822.107","1344.176","semi","2026-01-28T12:00:52.997Z","28-01-2026 17:30:52"
5619,"1490826511921154","22.6","18.7","3.7","130.0","905.245","1568.969","semi","2026-01-28T12:00:49.007Z","28-01-2026 17:30:49"
5618,"1490826639090121","24.6","21.4","6.6","130.0","1882.229","3485.915","semi","2026-01-28T12:00:42.220Z","28-01-2026 17:30:42"
5617,"1490826541355734","24.0","19.1","3.2","340.0","856.356","1477.290","semi","2026-01-28T12:00:37.340Z","28-01-2026 17:30:37"
5616,"1490826620995994","21.3","15.5","6.4","120.0","1251.098","2121.290","semi","2026-01-28T12:00:31.469Z","28-01-2026 17:30:31"
5615,"1490826643719744","18.5","15.3","6.6","150.0","1207.114","1876.471","semi","2026-01-28T12:00:25.518Z","28-01-2026 17:30:25"
5614,"1490826558828714","13.9","8.2","4.2","100.0","450.323","487.132","semi","2026-01-28T12:00:21.083Z","28-01-2026 17:30:21"
5613,"1490826640702512","22.9","18.6","3.2","90.00","751.139","1375.908","semi","2026-01-28T12:00:15.345Z","28-01-2026 17:30:15"
5612,"1490826511922646","23.1","18.2","3.2","90.00","856.252","1352.398","semi","2026-01-28T12:00:11.150Z","28-01-2026 17:30:11"
5611,"1490826592867673","22.9","17.9","2.7","100.0","663.468","1113.764","semi","2026-01-28T12:00:06.979Z","28-01-2026 17:30:06"
5610,"1490826592841316","38.9","29.9","8.5","110.0","4838.688","9904.230","semi","2026-01-28T12:00:01.982Z","28-01-2026 17:30:01"
5609,"1490826577051490","22.4","18.5","3.7","890.00","930.340","1541.219","semi","2026-01-28T11:59:57.627Z","28-01-2026 17:29:57"
5608,"1490826511906163","22.6","16.9","3.7","150.0","785.479","1427.926","semi","2026-01-28T11:59:53.142Z","28-01-2026 17:29:53"
5607,"1490826592867710","23.4","18.9","3.2","140.0","885.817","1427.865","semi","2026-01-28T11:59:49.319Z","28-01-2026 17:29:49"
5606,"1490826639095942","22.7","18.1","3.7","130.0","785.856","1530.658","semi","2026-01-28T11:59:44.272Z","28-01-2026 17:29:44"
5605,"1490826592867710","22.7","18.3","3.0","140.0","735.911","1235.713","semi","2026-01-28T11:59:40.158Z","28-01-2026 17:29:40"
5604,"1490826639095695","22.9","18.7","3.7","110.0","1041.288","1594.303","semi","2026-01-28T11:59:35.603Z","28-01-2026 17:29:35"
5603,"1490826645790952","24.4","18.4","3.2","120.0","845.150","1446.674","semi","2026-01-28T11:59:31.164Z","28-01-2026 17:29:31"
5602,"1490826620995902","14.2","12.5","4.0","120.0","451.440","710.320","semi","2026-01-28T11:59:22.905Z","28-01-2026 17:29:22"
5601,"1490826617890142","14.3","8.4","4.2","110.0","452.657","505.101","semi","2026-01-28T11:59:16.724Z","28-01-2026 17:29:16"
5600,"1490826617365934","24.4","20.7","5.7","110.0","1625.454","2893.428","semi","2026-01-28T11:59:11.743Z","28-01-2026 17:29:11"
5599,"1490826585983070","24.4","17.5","2.7","330.00","666.010","1161.873","semi","2026-01-28T11:59:06.112Z","28-01-2026 17:29:06"
5598,"1490826620721196","24.7","18.1","3.5","140.0","856.141","1547.558","semi","2026-01-28T11:58:59.240Z","28-01-2026 17:28:59"
5597,"1490826620721211","14.7","12.0","4.4","150.0","478.535","776.134","semi","2026-01-28T11:58:52.915Z","28-01-2026 17:28:52"
5596,"1490826617366564","25.4","18.7","5.4","110.0","1622.060","2570.812","semi","2026-01-28T11:58:47.226Z","28-01-2026 17:28:47"
5595,"1490826541355550","25.7","19.4","3.2","340.0","1014.278","1608.909","semi","2026-01-28T11:58:41.543Z","28-01-2026 17:28:41"
5594,"1490826637435413","23.7","18.1","2.7","180.0","658.324","1165.789","semi","2026-01-28T11:58:37.909Z","28-01-2026 17:28:37"
5593,"1490826637439484","24.0","19.2","3.2","130.0","942.360","1486.615","semi","2026-01-28T11:58:32.605Z","28-01-2026 17:28:32"
5592,"1490826645791232","16.2","6.9","7.2","80.00","737.791","805.465","semi","2026-01-28T11:58:26.099Z","28-01-2026 17:28:26"
5591,"31109329356525","22.8","22.5","5.7","240.0","1697.619","2943.582","semi","2026-01-28T11:58:19.163Z","28-01-2026 17:28:19"
5590,"1490826541355480","24.1","17.6","5.4","350.0","1789.474","2292.605","semi","2026-01-28T11:58:12.607Z","28-01-2026 17:28:12"
5589,"1490826637435542","24.3","18.4","3.7","300.0","997.630","1663.783","semi","2026-01-28T11:58:07.224Z","28-01-2026 17:28:07"
5588,"1490826620721244","24.8","18.7","4.0","180.0","921.946","1841.910","semi","2026-01-28T11:58:02.260Z","28-01-2026 17:28:02"
5587,"1490826637439300","23.4","17.9","3.2","180.0","872.300","1349.592","semi","2026-01-28T11:57:57.627Z","28-01-2026 17:27:57"
5586,"1490826637439296","23.2","19.7","5.3","120.0","1556.738","2441.889","semi","2026-01-28T11:57:52.345Z","28-01-2026 17:27:52"
5585,"1490826574879633","24.1","19.4","8.5","290.0","2599.396","3977.738","semi","2026-01-28T11:57:48.367Z","28-01-2026 17:27:48"
5584,"1490826603318813","22.6","18.4","3.7","390.0","973.698","1547.263","semi","2026-01-28T11:57:43.478Z","28-01-2026 17:27:43"
5583,"1490826639091016","23.8","18.5","6.3","140.0","1887.049","2789.429","semi","2026-01-28T11:57:38.144Z","28-01-2026 17:27:38"
5582,"1490826637448072","13.8","8.9","4.0","380.0","454.676","492.183","semi","2026-01-28T11:57:33.256Z","28-01-2026 17:27:33"
5581,"1490826617366542","14.2","8.8","4.2","110.0","463.291","526.883","semi","2026-01-28T11:57:27.466Z","28-01-2026 17:27:27"
5580,"1490826574856076","13.7","8.9","4.1","110.0","425.749","502.864","semi","2026-01-28T11:57:22.840Z","28-01-2026 17:27:22"
5579,"1490710196997144","13.9","8.5","4.0","110.0","423.430","474.877","semi","2026-01-28T11:57:16.945Z","28-01-2026 17:27:16"
5578,"1490826617366096","24.8","19.3","6.0","110.0","1939.615","2879.533","semi","2026-01-28T11:57:12.112Z","28-01-2026 17:27:12"
5577,"1490826637434923","24.8","23.1","7.3","390.0","2570.005","4172.620","semi","2026-01-28T11:57:08.157Z","28-01-2026 17:27:08"
5576,"1490826619563212","24.7","20.0","5.4","240.0","1756.387","2676.879","semi","2026-01-28T11:57:03.205Z","28-01-2026 17:27:03"
5575,"1490826585997770","23.9","21.4","5.5","360.0","1661.135","2790.668","semi","2026-01-28T11:56:56.730Z","28-01-2026 17:26:56"
5574,"1490826637434816","24.1","18.5","3.5","300.0","870.118","1548.353","semi","2026-01-28T11:56:52.217Z","28-01-2026 17:26:52"
5573,"1490826637448024","25.7","21.0","5.5","140.0","1834.906","2985.476","semi","2026-01-28T11:56:44.999Z","28-01-2026 17:26:44"
5572,"1490826637434982","24.2","19.2","3.2","320.0","829.894","1501.970","semi","2026-01-28T11:56:38.701Z","28-01-2026 17:26:38"
5571,"1490826645791313","25.1","22.3","5.7","110.0","1800.930","3213.184","semi","2026-01-28T11:56:32.029Z","28-01-2026 17:26:32"
5570,"1490826637448245","24.5","20.8","6.1","370.0","1994.920","3121.830","semi","2026-01-28T11:56:27.504Z","28-01-2026 17:26:27"
5569,"1490826637448260","22.9","18.6","6.4","370.0","1824.034","2728.827","semi","2026-01-28T11:56:22.507Z","28-01-2026 17:26:22"
5568,"1490826620721255","24.7","18.1","3.2","340.0","860.788","1440.885","semi","2026-01-28T11:56:15.574Z","28-01-2026 17:26:15"
5567,"1490826620721270","23.0","22.7","5.5","150.0","1630.559","2859.062","semi","2026-01-28T11:56:08.841Z","28-01-2026 17:26:08"
5566,"1490826637434993","23.1","19.6","7.0","310.0","2295.895","3189.868","semi","2026-01-28T11:56:02.751Z","28-01-2026 17:26:02"
5565,"1490826640030151","23.3","18.7","3.2","380.0","872.752","1406.290","semi","2026-01-28T11:55:58.182Z","28-01-2026 17:25:58"
5564,"1490826638933494","21.5","17.9","4.0","120.0","817.611","1526.712","semi","2026-01-28T11:55:50.800Z","28-01-2026 17:25:50"
5563,"1490826511907736","24.1","23.7","6.5","140.0","2429.646","3727.646","semi","2026-01-28T11:55:43.849Z","28-01-2026 17:25:43"
5562,"1490826619379285","15.0","11.7","3.9","250.0","532.161","681.641","semi","2026-01-28T11:55:38.332Z","28-01-2026 17:25:38"
5561,"1490826617365680","22.3","18.6","3.0","110.0","661.916","1234.304","semi","2026-01-28T11:55:31.555Z","28-01-2026 17:25:31"
5560,"1490826511922716","23.6","18.2","3.2","140.0","864.020","1385.514","semi","2026-01-28T11:55:27.673Z","28-01-2026 17:25:27"
5559,"1490826592564805","23.6","18.4","3.7","140.0","933.933","1611.684","semi","2026-01-28T11:55:22.995Z","28-01-2026 17:25:22"
5558,"1490826511922613","23.8","18.1","4.7","140.0","1559.942","2040.652","semi","2026-01-28T11:55:16.701Z","28-01-2026 17:25:16"
5557,"1490826638295094","25.3","23.1","5.8","300.0","2290.313","3366.534","semi","2026-01-28T11:55:12.317Z","28-01-2026 17:25:12"
5556,"1490826619379274","23.6","18.8","3.5","250.0","832.478","1544.326","semi","2026-01-28T11:55:05.957Z","28-01-2026 17:25:05"
5555,"1490826637439392","24.3","21.0","5.7","140.0","1673.675","2917.843","semi","2026-01-28T11:55:01.615Z","28-01-2026 17:25:01"
5554,"1490826585997755","25.6","23.1","6.4","350.0","2515.085","3760.887","semi","2026-01-28T11:54:56.573Z","28-01-2026 17:24:56"
5553,"1490826619563315","24.1","21.6","4.7","280.0","1499.542","2468.117","semi","2026-01-28T11:54:52.823Z","28-01-2026 17:24:52"
5552,"1490826640960580","23.6","18.6","3.0","210.0","757.780","1308.795","semi","2026-01-28T11:54:47.888Z","28-01-2026 17:24:47"
5551,"1490826620721200","25.5","22.4","5.7","110.0","1928.450","3271.395","semi","2026-01-28T11:54:41.818Z","28-01-2026 17:24:41"
5550,"1490826620721126","24.2","19.3","3.2","350.0","938.289","1511.167","semi","2026-01-28T11:54:37.663Z","28-01-2026 17:24:37"
5549,"1490826645789972","18.0","18.0","3.0","130.0","495.616","968.862","semi","2026-01-28T11:54:32.597Z","28-01-2026 17:24:32"
5548,"1490826592564551","24.2","18.9","3.5","140.0","912.532","1589.481","semi","2026-01-28T11:54:27.146Z","28-01-2026 17:24:27"
5547,"1490826645791276","22.0","18.0","4.4","100.0","950.682","1748.157","semi","2026-01-28T11:54:21.804Z","28-01-2026 17:24:21"
5546,"1490826638933704","22.4","17.8","3.6","190.0","860.787","1420.454","semi","2026-01-28T11:54:17.267Z","28-01-2026 17:24:17"
5545,"1490826592581944","23.1","18.2","3.2","110.0","831.915","1352.979","semi","2026-01-28T11:54:12.028Z","28-01-2026 17:24:12"
5544,"1490826592564934","22.7","17.7","4.1","120.0","1039.725","1638.856","semi","2026-01-28T11:54:06.450Z","28-01-2026 17:24:06"
5543,"1490826592851035","23.7","18.4","3.5","170.0","910.116","1513.847","semi","2026-01-28T11:54:00.417Z","28-01-2026 17:24:00"
5542,"1490826511921261","22.7","18.4","2.7","130.0","744.810","1141.430","semi","2026-01-28T11:53:55.889Z","28-01-2026 17:23:55"
5541,"1490826639090250","23.1","18.6","3.7","120.0","970.793","1596.937","semi","2026-01-28T11:53:50.333Z","28-01-2026 17:23:50"
5540,"1490826592857394","25.1","22.5","3.5","140.0","1240.028","1959.575","semi","2026-01-28T11:53:45.074Z","28-01-2026 17:23:45"
5539,"1490826597290774","25.4","22.3","4.9","180.0","1975.417","2787.828","semi","2026-01-28T11:53:38.524Z","28-01-2026 17:23:38"
5538,"1490826598281193","22.8","18.4","3.7","310.0","872.553","1561.621","semi","2026-01-28T11:53:33.683Z","28-01-2026 17:23:33"
5537,"1490826592850965","22.4","19.0","2.7","150.0","664.686","1156.801","semi","2026-01-28T11:53:28.135Z","28-01-2026 17:23:28"
5536,"1490826511920970","23.2","17.9","3.5","130.0","868.668","1445.911","semi","2026-01-28T11:53:22.101Z","28-01-2026 17:23:22"
5535,"1490826511907740","25.3","18.7","4.8","130.0","1363.785","2254.216","semi","2026-01-28T11:53:17.346Z","28-01-2026 17:23:17"
5534,"1490826638295223","21.9","19.0","3.5","240.0","795.350","1441.291","semi","2026-01-28T11:53:10.590Z","28-01-2026 17:23:10"
5533,"1490826592841515","23.5","19.2","3.2","130.0","809.160","1459.120","semi","2026-01-28T11:53:04.716Z","28-01-2026 17:23:04"
5532,"1490826645465194","24.7","19.0","3.0","140.0","813.318","1391.979","semi","2026-01-28T11:52:59.400Z","28-01-2026 17:22:59"
5531,"1490826620995950","24.5","19.8","3.0","120.0","809.364","1439.903","semi","2026-01-28T11:52:54.342Z","28-01-2026 17:22:54"
5530,"1490826645790230","23.3","18.2","3.5","130.0","883.798","1475.302","semi","2026-01-28T11:52:50.180Z","28-01-2026 17:22:50"
5529,"1490826592574524","22.6","18.2","3.5","150.0","832.869","1428.767","semi","2026-01-28T11:52:45.597Z","28-01-2026 17:22:45"
5528,"1490826621067232","22.5","18.9","3.2","140.0","814.720","1372.316","semi","2026-01-28T11:52:41.559Z","28-01-2026 17:22:41"
5527,"1490826639095511","22.6","18.3","3.2","110.0","744.384","1333.886","semi","2026-01-28T11:52:35.459Z","28-01-2026 17:22:35"
5526,"1490826592564960","24.0","18.6","6.2","140.0","1896.938","2776.895","semi","2026-01-28T11:52:29.109Z","28-01-2026 17:22:29"
5525,"1490826637448050","13.8","8.7","4.2","390.0","403.223","501.226","semi","2026-01-28T11:52:22.437Z","28-01-2026 17:22:22"
5524,"1490826617691810","24.6","23.2","7.1","110.0","2797.288","4069.807","semi","2026-01-28T11:52:17.843Z","28-01-2026 17:22:17"
5523,"1490826619379333","23.1","18.3","3.2","270.0","845.459","1359.112","semi","2026-01-28T11:52:11.804Z","28-01-2026 17:22:11"
5522,"1490826639090681","24.8","23.5","2.5","120.0","853.816","1442.530","semi","2026-01-28T11:52:04.647Z","28-01-2026 17:22:04"
5521,"1490826643310546","23.2","18.4","3.2","90.0","716.135","1372.054","semi","2026-01-28T11:52:00.565Z","28-01-2026 17:22:00"
5520,"1490826592841935","25.3","22.3","4.8","130.0","1970.848","2719.334","semi","2026-01-28T11:51:54.508Z","28-01-2026 17:21:54"
5519,"1490826621528786","22.6","18.4","4.0","270.0","1001.458","1647.371","semi","2026-01-28T11:51:49.508Z","28-01-2026 17:21:49"
5518,"1490710176551463","22.8","18.4","3.2","140.0","824.201","1354.671","semi","2026-01-28T11:51:44.362Z","28-01-2026 17:21:44"
5517,"1490826638933505","25.1","23.1","6.2","130.0","2289.599","3611.334","semi","2026-01-28T11:51:38.466Z","28-01-2026 17:21:38"
5516,"1490826619563326","14.0","9.1","4.1","240.0","421.001","526.114","semi","2026-01-28T11:51:32.098Z","28-01-2026 17:21:32"
5515,"1490826509059580","38.9","28.2","11.8","90.00","8110.823","12950.222","semi","2026-01-28T11:51:27.351Z","28-01-2026 17:21:27"
5514,"1490826616617122","24.0","18.1","3.7","810.00","1276.226","1613.949","semi","2026-01-28T11:51:21.143Z","28-01-2026 17:21:21"
5513,"1490826638117062","25.1","22.5","4.7","240.0","1808.335","2674.347","semi","2026-01-28T11:51:16.742Z","28-01-2026 17:21:16"
5512,"1490826597623053","25.4","23.2","3.7","270.0","1448.020","2192.018","semi","2026-01-28T11:51:12.384Z","28-01-2026 17:21:12"
5511,"1490826598281333","24.8","17.6","3.7","200.0","983.796","1631.860","semi","2026-01-28T11:51:06.410Z","28-01-2026 17:21:06"
5510,"1490826637439436","14.7","6.8","6.8","180.0","508.121","678.512","semi","2026-01-28T11:51:01.967Z","28-01-2026 17:21:01"
5509,"11675173497471","24.1","18.4","3.5","140.0","1065.489","1535.538","semi","2026-01-28T11:50:56.724Z","28-01-2026 17:20:56"
5508,"1490826524260485","25.3","21.9","2.5","320.0","794.864","1372.560","semi","2026-01-28T11:50:53.270Z","28-01-2026 17:20:53"
5507,"1490826597953335","25.0","22.0","4.6","100.0","1910.708","2545.061","semi","2026-01-28T11:50:49.004Z","28-01-2026 17:20:49"
5506,"1490826597953652","25.1","22.7","4.0","290.0","1450.824","2267.815","semi","2026-01-28T11:50:43.281Z","28-01-2026 17:20:43"
5505,"1490826598281182","24.4","22.6","2.5","200.0","745.355","1364.965","semi","2026-01-28T11:50:38.908Z","28-01-2026 17:20:38"
5504,"1490826577114814","23.3","23.2","3.5","80.00","1354.716","1878.804","semi","2026-01-28T11:50:33.239Z","28-01-2026 17:20:33"
5503,"1490826642606114","23.8","22.9","2.2","180.0","717.664","1214.058","semi","2026-01-28T11:50:27.843Z","28-01-2026 17:20:27"
5502,"1490826597623112","24.2","22.8","3.5","80.00","1301.604","1916.071","semi","2026-01-28T11:50:22.403Z","28-01-2026 17:20:22"
5501,"1490826524452392","14.6","10.0","4.3","200.0","485.717","622.435","semi","2026-01-28T11:50:16.077Z","28-01-2026 17:20:16"
5500,"1490826617366914","23.7","18.3","3.0","120.0","800.587","1292.935","semi","2026-01-28T11:50:09.861Z","28-01-2026 17:20:09"
5499,"1490826592857350","22.8","17.7","2.5","130.0","567.567","1001.160","semi","2026-01-28T11:50:04.079Z","28-01-2026 17:20:04"
5498,"1490826511921025","25.0","23.6","3.2","90.00","1320.475","1905.561","semi","2026-01-28T11:49:57.692Z","28-01-2026 17:19:57"
5497,"1490826598281263","23.2","18.5","3.2","190.0","839.824","1383.518","semi","2026-01-28T11:49:52.402Z","28-01-2026 17:19:52"
5496,"1490826621067652","24.7","22.9","3.7","140.0","1306.691","2113.872","semi","2026-01-28T11:49:47.599Z","28-01-2026 17:19:47"
5495,"1490826597623020","15.8","6.6","7.3","180.0","686.584","756.405","semi","2026-01-28T11:49:42.532Z","28-01-2026 17:19:42"
5494,"31109329356536","25.0","21.0","7.2","360.0","2576.838","3762.874","semi","2026-01-28T11:49:36.913Z","28-01-2026 17:19:36"
5493,"1490826621083656","22.5","17.8","4.0","390.0","937.225","1588.034","semi","2026-01-28T11:49:30.772Z","28-01-2026 17:19:30"
5492,"1490826639091230","22.8","18.4","3.5","200.0","887.257","1456.259","semi","2026-01-28T11:49:24.498Z","28-01-2026 17:19:24"
5491,"1490826499558631","22.7","18.2","3.7","130.0","831.605","1542.674","semi","2026-01-28T11:49:19.712Z","28-01-2026 17:19:19"
5490,"1490826592867614","22.6","18.1","3.7","150.0","809.750","1517.298","semi","2026-01-28T11:49:13.375Z","28-01-2026 17:19:13"
5489,"1490826511922591","23.2","18.4","3.7","120.0","928.458","1591.853","semi","2026-01-28T11:49:07.853Z","28-01-2026 17:19:07"
5488,"1490826639095710","25.5","23.4","6.3","150.0","2421.204","3743.174","semi","2026-01-28T11:49:01.788Z","28-01-2026 17:19:01"
5487,"1490826524260500","22.5","18.6","3.7","340.0","902.813","1557.360","semi","2026-01-28T11:48:57.389Z","28-01-2026 17:18:57"
5486,"1490826639095463","22.8","19.0","3.5","140.0","907.500","1503.139","semi","2026-01-28T11:48:51.555Z","28-01-2026 17:18:51"
5485,"1490826592867791","23.4","18.0","2.7","140.0","723.234","1147.278","semi","2026-01-28T11:48:45.237Z","28-01-2026 17:18:45"
5484,"1490826576998113","23.0","18.1","2.7","140.0","723.006","1133.186","semi","2026-01-28T11:48:40.269Z","28-01-2026 17:18:40"
5483,"1490826592574933","24.8","19.6","5.8","130.0","2020.905","2806.787","semi","2026-01-28T11:48:35.694Z","28-01-2026 17:18:35"
5482,"1490826593812603","24.9","22.2","3.0","270.0","964.839","1642.155","semi","2026-01-28T11:48:30.958Z","28-01-2026 17:18:30"
5481,"1490826597623226","19.1","16.7","3.5","90.00","603.952","1108.642","semi","2026-01-28T11:48:25.622Z","28-01-2026 17:18:25"
5480,"1490826592851492","23.1","18.1","3.7","130.0","868.979","1561.925","semi","2026-01-28T11:48:21.669Z","28-01-2026 17:18:21"
5479,"1490826640299776","25.4","22.5","5.7","130.0","2139.810","3275.590","semi","2026-01-28T11:48:17.669Z","28-01-2026 17:18:17"
5478,"1490826524452451","24.9","23.9","2.7","310.0","1058.611","1618.254","semi","2026-01-28T11:48:10.492Z","28-01-2026 17:18:10"
5477,"1490826597623285","23.8","23.6","1.3","100.0","523.631","749.822","semi","2026-01-28T11:48:02.981Z","28-01-2026 17:18:02"
5476,"1490826597623016","23.6","18.2","4.8","90.00","1342.489","2070.392","semi","2026-01-28T11:47:56.872Z","28-01-2026 17:17:56"
5475,"1490826593811494","24.4","23.7","3.2","230.0","1226.592","1864.786","semi","2026-01-28T11:47:51.077Z","28-01-2026 17:17:51"
5474,"1490826598281392","23.4","23.3","2.2","170.0","678.623","1213.838","semi","2026-01-28T11:47:45.399Z","28-01-2026 17:17:45"
5473,"1490826597623160","24.3","23.6","2.2","90.00","811.348","1277.133","semi","2026-01-28T11:47:39.594Z","28-01-2026 17:17:39"
5472,"1490826621283193","24.7","22.4","3.2","100.0","1044.225","1781.416","semi","2026-01-28T11:47:33.412Z","28-01-2026 17:17:33"
5471,"1490826597623230","22.9","18.8","4.2","90.0","1300.305","1793.709","semi","2026-01-28T11:47:27.082Z","28-01-2026 17:17:27"
5470,"1490826593811483","24.9","19.5","6.0","250.0","2078.837","2902.702","semi","2026-01-28T11:47:20.335Z","28-01-2026 17:17:20"
5469,"1490826593812570","25.5","19.4","4.2","320.0","1274.783","2082.366","semi","2026-01-28T11:47:14.671Z","28-01-2026 17:17:14"
5468,"1490826628664645","24.4","22.9","3.5","160.0","1267.608","1947.519","semi","2026-01-28T11:47:08.922Z","28-01-2026 17:17:08"
5467,"1490826598281145","25.2","22.6","1.4","180.0","562.367","809.101","semi","2026-01-28T11:47:03.025Z","28-01-2026 17:17:03"
5466,"1490826597623215","24.7","23.7","2.5","90.00","775.929","1444.788","semi","2026-01-28T11:46:57.855Z","28-01-2026 17:16:57"
5465,"1490826621582664","24.0","19.1","5.9","100.0","1812.039","2709.574","semi","2026-01-28T11:46:53.403Z","28-01-2026 17:16:53"
5464,"1490826593811752","24.9","18.4","4.1","310.0","1377.407","1860.756","semi","2026-01-28T11:46:47.370Z","28-01-2026 17:16:47"
5463,"1490826524260415","24.4","21.7","4.7","250.0","1871.768","2506.071","semi","2026-01-28T11:46:42.649Z","28-01-2026 17:16:42"
5462,"1490826598281160","24.9","22.0","5.0","280.0","2010.845","2723.644","semi","2026-01-28T11:46:35.849Z","28-01-2026 17:16:35"
5461,"1490826524452414","22.7","18.4","3.7","300.0","1028.083","1559.031","semi","2026-01-28T11:46:31.255Z","28-01-2026 17:16:31"
5460,"1490826638938346","21.7","18.6","3.5","130.0","899.037","1398.506","semi","2026-01-28T11:46:25.192Z","28-01-2026 17:16:25"
5459,"1490826639095673","23.4","18.1","3.5","110.0","825.621","1473.161","semi","2026-01-28T11:46:21.441Z","28-01-2026 17:16:21"
5458,"1490826592841751","22.9","17.5","3.5","190.0","797.149","1387.697","semi","2026-01-28T11:46:16.550Z","28-01-2026 17:16:16"
5457,"1490826592851514","23.2","18.9","2.7","160.0","645.029","1194.517","semi","2026-01-28T11:46:11.036Z","28-01-2026 17:16:11"
5456,"1490826592565380","22.1","18.5","3.5","120.0","741.027","1420.038","semi","2026-01-28T11:46:05.897Z","28-01-2026 17:16:05"
5455,"1490826638933730","25.7","20.1","5.5","140.0","2030.917","2831.512","semi","2026-01-28T11:45:58.468Z","28-01-2026 17:15:58"
5454,"1490826593811866","25.9","20.5","6.4","340.0","2224.100","3375.615","semi","2026-01-28T11:45:51.655Z","28-01-2026 17:15:51"
5453,"1490826593819942","24.8","23.1","3.7","380.0","1477.027","2132.992","semi","2026-01-28T11:45:47.223Z","28-01-2026 17:15:47"
5452,"1490826597622994","24.1","19.5","8.7","200.0","2188.106","4097.892","semi","2026-01-28T11:45:42.726Z","28-01-2026 17:15:42"
5451,"1490826593819916","19.9","19.5","5.0","290.0","1207.029","1935.234","semi","2026-01-28T11:45:38.138Z","28-01-2026 17:15:38"
5450,"1490826541353833","23.0","18.2","4.0","170.0","916.072","1663.966","semi","2026-01-28T11:45:31.777Z","28-01-2026 17:15:31"
5449,"1490826639090202","21.7","17.9","4.0","150.0","819.409","1546.413","semi","2026-01-28T11:45:25.432Z","28-01-2026 17:15:25"
5448,"1490826592575025","22.1","17.5","4.3","150.0","1018.862","1676.540","semi","2026-01-28T11:45:21.154Z","28-01-2026 17:15:21"
5447,"1490826638933531","22.8","17.6","1.8","140.0","470.008","714.118","semi","2026-01-28T11:45:15.203Z","28-01-2026 17:15:15"
5446,"1490826592841913","22.6","17.9","3.0","90.00","733.988","1199.782","semi","2026-01-28T11:45:09.456Z","28-01-2026 17:15:09"
5445,"1490826639090434","22.9","18.9","3.2","140.0","798.121","1398.536","semi","2026-01-28T11:45:03.451Z","28-01-2026 17:15:03"
5444,"1490826639090423","23.5","19.8","5.7","150.0","1859.475","2667.469","semi","2026-01-28T11:44:58.199Z","28-01-2026 17:14:58"
5443,"1490826593811785","24.9","18.6","6.1","310.0","2024.656","2808.360","semi","2026-01-28T11:44:53.886Z","28-01-2026 17:14:53"
5442,"1490826524260496","22.6","19.5","6.3","320.0","1927.478","2794.726","semi","2026-01-28T11:44:47.667Z","28-01-2026 17:14:47"
5441,"1490826593812592","21.6","18.7","3.2","260.0","802.621","1302.750","semi","2026-01-28T11:44:42.864Z","28-01-2026 17:14:42"
5440,"1490826592574266","23.4","18.0","3.0","150.0","833.979","1251.786","semi","2026-01-28T11:44:36.596Z","28-01-2026 17:14:36"
5439,"1490826511907703","23.0","18.7","3.0","130.0","803.466","1282.788","semi","2026-01-28T11:44:32.455Z","28-01-2026 17:14:32"
5438,"1490826592857280","22.2","18.9","3.2","140.0","725.339","1356.148","semi","2026-01-28T11:44:28.366Z","28-01-2026 17:14:28"
5437,"1490826592858326","22.8","18.5","3.0","120.0","706.090","1253.148","semi","2026-01-28T11:44:24.598Z","28-01-2026 17:14:24"
5436,"1490826592841832","24.3","24.0","3.5","130.0","1359.285","2021.696","semi","2026-01-28T11:44:18.667Z","28-01-2026 17:14:18"
5435,"1490826643588973","24.7","22.9","3.0","190.0","977.453","1683.103","semi","2026-01-28T11:44:13.040Z","28-01-2026 17:14:13"
5434,"1490826597623355","23.4","18.2","3.2","100.0","753.897","1370.825","semi","2026-01-28T11:44:07.853Z","28-01-2026 17:14:07"
5433,"1490826511906244","24.7","23.4","2.2","130.0","737.790","1284.672","semi","2026-01-28T11:44:01.888Z","28-01-2026 17:14:01"
5432,"1490826597623366","24.5","18.4","3.2","100.0","828.734","1453.373","semi","2026-01-28T11:43:55.559Z","28-01-2026 17:13:55"
5431,"1490826511907714","22.7","19.0","3.2","120.0","838.621","1392.622","semi","2026-01-28T11:43:49.871Z","28-01-2026 17:13:49"
5430,"1490826541993843","22.7","18.8","3.0","120.0","612.396","1270.856","semi","2026-01-28T11:43:44.552Z","28-01-2026 17:13:44"
5429,"1490826592565833","23.7","18.3","4.1","150.0","1246.410","1759.310","semi","2026-01-28T11:43:39.894Z","28-01-2026 17:13:39"
5428,"1490826637718025","24.8","22.9","5.7","250.0","2096.513","3251.478","semi","2026-01-28T11:43:34.508Z","28-01-2026 17:13:34"
5427,"1490826593819846","24.8","18.7","3.2","330.0","961.875","1492.524","semi","2026-01-28T11:43:27.656Z","28-01-2026 17:13:27"
5426,"1490826489113835","23.8","18.9","3.7","250.0","993.480","1681.048","semi","2026-01-28T11:43:21.815Z","28-01-2026 17:13:21"
5425,"1490826637718014","25.5","23.5","5.3","200.0","614.427","3190.469","semi","2026-01-28T11:43:16.993Z","28-01-2026 17:13:16"
5424,"1490826524260511","25.7","23.0","4.5","270.0","1812.477","2646.579","semi","2026-01-28T11:43:14.052Z","28-01-2026 17:13:14"
5423,"1490826621528661","25.1","22.0","2.7","280.0","626.587","1508.551","semi","2026-01-28T11:43:10.567Z","28-01-2026 17:13:10"
5422,"1490826597623403","23.4","23.2","2.7","80.0","753.830","1480.375","semi","2026-01-28T11:43:06.629Z","28-01-2026 17:13:06"
5421,"1490826597623381","23.5","22.2","2.2","80.0","471.550","1161.222","semi","2026-01-28T11:43:02.661Z","28-01-2026 17:13:02"
5420,"1490826597623005","24.0","23.9","3.5","90.00","1344.086","1992.392","semi","2026-01-28T11:42:59.185Z","28-01-2026 17:12:59"
5419,"1490826642606033","12.5","10.4","3.8","180.0","434.654","493.643","semi","2026-01-28T11:42:53.211Z","28-01-2026 17:12:53"
5418,"5662089504305","17.6","13.5","6.1","80.00","770.290","1445.121","semi","2026-01-28T11:42:31.346Z","28-01-2026 17:12:31"
5417,"46568010067406","12.7","9.9","4.1","130.0","487.874","519.299","semi","2026-01-28T11:42:26.244Z","28-01-2026 17:12:26"
5416,"5662089520486","13.0","10.4","3.8","140.0","462.561","510.294","semi","2026-01-28T11:42:21.706Z","28-01-2026 17:12:21"
5415,"5662089504305","17.2","8.3","6.1","80.00","645.198","878.047","semi","2026-01-28T11:40:18.696Z","28-01-2026 17:10:18"
5414,"42623610023914","15.1","12.1","9.8","100.0","1677.497","1783.494","semi","2026-01-28T11:40:13.332Z","28-01-2026 17:10:13"
5413,"23645486910293","16.8","13.7","5.9","800.0","722.730","1355.487","semi","2026-01-28T11:40:08.879Z","28-01-2026 17:10:08"
5412,"44172610380450","14.3","10.3","3.8","40.0","442.044","559.988","semi","2026-01-28T11:40:04.152Z","28-01-2026 17:10:04"
5411,"5662089511294","12.5","9.6","3.8","100.0","441.142","460.278","semi","2026-01-28T11:39:57.516Z","28-01-2026 17:09:57"
5410,"5662089498226","14.8","6.5","6.9","90.00","601.333","670.212","semi","2026-01-28T11:39:54.471Z","28-01-2026 17:09:54"
5409,"1490826596170100","12.7","10.2","3.8","230.0","447.089","501.201","semi","2026-01-28T11:39:50.769Z","28-01-2026 17:09:50"
5408,"5662089498230","14.4","10.1","3.7","70.0","447.496","538.180","semi","2026-01-28T11:39:46.408Z","28-01-2026 17:09:46"
5407,"5662089505333","13.4","9.9","4.5","80.00","562.219","598.022","semi","2026-01-28T11:39:34.850Z","28-01-2026 17:09:34"
5406,"5662089519996","28.9","23.1","16.8","270.0","7510.628","11228.061","semi","2026-01-28T11:39:31.579Z","28-01-2026 17:09:31"
5405,"1490826592959900","20.7","11.5","8.9","270.0","1528.733","2118.846","semi","2026-01-28T11:39:27.403Z","28-01-2026 17:09:27"
5404,"1490826629492830","13.0","9.8","3.7","590.0","408.279","472.618","semi","2026-01-28T11:39:20.973Z","28-01-2026 17:09:20"
5403,"5662089519860","12.7","10.0","4.0","90.0","455.625","502.720","semi","2026-01-28T11:39:15.660Z","28-01-2026 17:09:15"
5402,"5662089509312","13.0","10.0","3.6","90.0","433.054","466.895","semi","2026-01-28T11:39:10.822Z","28-01-2026 17:09:10"
5401,"5662089505602","13.0","10.0","3.6","80.00","388.724","472.365","semi","2026-01-28T11:39:06.741Z","28-01-2026 17:09:06"
5400,"5662089503550","13.1","10.4","4.0","90.0","457.933","538.162","semi","2026-01-28T11:38:57.745Z","28-01-2026 17:08:57"
5399,"5662089505101","26.2","21.3","4.2","80.00","1510.779","2354.517","semi","2026-01-28T11:38:53.484Z","28-01-2026 17:08:53"
5398,"1490826617389502","11.8","10.3","3.5","230.0","343.892","421.069","semi","2026-01-28T11:38:48.748Z","28-01-2026 17:08:48"
5397,"5662089510200","13.3","10.1","4.1","110.0","459.174","557.867","semi","2026-01-28T11:38:44.263Z","28-01-2026 17:08:44"
5396,"5662089500046","19.0","14.5","4.3","90.00","823.962","1189.101","semi","2026-01-28T11:38:40.696Z","28-01-2026 17:08:40"
5395,"1490826561765052","13.2","10.0","3.6","110.0","420.923","477.432","semi","2026-01-28T11:38:36.630Z","28-01-2026 17:08:36"
5394,"5662089489093","13.6","10.1","4.4","90.00","500.509","602.680","semi","2026-01-28T11:38:30.549Z","28-01-2026 17:08:30"
5393,"5662089520313","12.6","10.1","3.9","150.0","430.142","491.735","semi","2026-01-28T11:38:26.495Z","28-01-2026 17:08:26"
5392,"5662089506114","12.6","9.9","4.0","90.00","443.075","497.556","semi","2026-01-28T11:38:21.473Z","28-01-2026 17:08:21"
5391,"5662089508413","18.4","14.3","6.0","90.00","829.997","1573.020","semi","2026-01-28T11:38:17.351Z","28-01-2026 17:08:17"
5390,"1490826568071864","19.1","18.5","7.5","100.0","1453.566","2654.082","semi","2026-01-28T11:38:13.162Z","28-01-2026 17:08:13"
5389,"47383710093623","15.2","12.5","9.4","280.0","1618.551","1785.520","semi","2026-01-28T11:38:08.294Z","28-01-2026 17:08:08"
5388,"40441725604002","11.8","9.3","5.0","150.0","478.112","549.426","semi","2026-01-28T11:38:03.387Z","28-01-2026 17:08:03"
5387,"5662089500923","12.6","10.0","4.2","180.0","472.815","527.410","semi","2026-01-28T11:37:58.061Z","28-01-2026 17:07:58"
5386,"5662089493816","12.7","10.3","3.9","90.00","456.650","504.413","semi","2026-01-28T11:37:33.327Z","28-01-2026 17:07:33"
5385,"5662089491834","13.0","10.2","3.4","130.0","390.749","448.036","semi","2026-01-28T11:37:28.983Z","28-01-2026 17:07:28"
5384,"5662089498204","13.0","10.0","3.9","80.0","420.210","501.153","semi","2026-01-28T11:37:25.377Z","28-01-2026 17:07:25"
5383,"5662089489395","12.6","10.3","3.5","80.0","434.033","457.495","semi","2026-01-28T11:37:21.757Z","28-01-2026 17:07:21"
5382,"5662089518795","13.7","10.6","3.6","110.0","451.478","513.333","semi","2026-01-28T11:37:17.936Z","28-01-2026 17:07:17"
5381,"5662089508450","12.7","10.7","3.9","90.00","450.656","527.122","semi","2026-01-28T11:37:14.000Z","28-01-2026 17:07:14"
5380,"5662089504924","21.1","17.6","6.4","90.00","1453.348","2384.280","semi","2026-01-28T11:37:09.564Z","28-01-2026 17:07:09"
5379,"46568010069145","14.9","12.6","6.5","140.0","770.633","1212.680","semi","2026-01-28T11:37:05.322Z","28-01-2026 17:07:05"
5378,"44172610372621","14.0","8.4","9.0","40.00","791.540","1058.500","semi","2026-01-28T11:36:55.397Z","28-01-2026 17:06:55"
5377,"35693013322874","19.6","14.8","2.7","480.0","481.194","791.525","semi","2026-01-28T11:36:48.822Z","28-01-2026 17:06:48"
5376,"47383710092573","21.6","18.4","7.2","210.0","1705.317","2847.911","semi","2026-01-28T11:36:41.795Z","28-01-2026 17:06:41"
5375,"47383710091453","13.6","10.2","4.2","170.0","488.639","578.155","semi","2026-01-28T11:36:37.884Z","28-01-2026 17:06:37"
5374,"5662089497504","12.8","10.9","3.8","80.00","426.609","530.517","semi","2026-01-28T11:36:32.821Z","28-01-2026 17:06:32"
5373,"5662089497493","13.4","10.2","4.2","90.0","500.428","570.310","semi","2026-01-28T11:36:25.059Z","28-01-2026 17:06:25"
5372,"5662089521304","12.4","9.6","4.2","160.0","439.547","495.698","semi","2026-01-28T11:36:20.420Z","28-01-2026 17:06:20"
5371,"5662089516312","12.8","10.5","3.7","80.0","378.055","500.086","semi","2026-01-28T11:36:14.345Z","28-01-2026 17:06:14"
5370,"5662089519646","13.5","10.0","4.0","90.0","495.161","536.731","semi","2026-01-28T11:36:09.017Z","28-01-2026 17:06:09"
5369,"5662089508984","15.0","14.0","3.0","80.0","353.752","627.491","semi","2026-01-28T11:36:02.008Z","28-01-2026 17:06:02"
5368,"1490826536842812","12.7","10.7","3.4","150.0","394.765","467.844","semi","2026-01-28T11:35:57.211Z","28-01-2026 17:05:57"
5367,"5662089496211","13.5","9.5","3.8","90.0","443.976","486.457","semi","2026-01-28T11:35:53.765Z","28-01-2026 17:05:53"
5366,"5662089497014","12.4","9.9","3.7","90.00","426.204","450.981","semi","2026-01-28T11:35:50.047Z","28-01-2026 17:05:50"
5365,"5662089509216","14.2","8.8","7.5","80.00","846.343","936.963","semi","2026-01-28T11:35:46.161Z","28-01-2026 17:05:46"
5364,"SF2904966196MEO","13.0","10.4","4.2","260.0","501.424","569.772","semi","2026-01-28T11:35:42.119Z","28-01-2026 17:05:42"
5363,"5662089490434","13.3","11.0","4.1","150.0","513.502","597.770","semi","2026-01-28T11:35:36.236Z","28-01-2026 17:05:36"
5362,"5662089497386","11.7","10.1","4.9","90.00","464.206","576.650","semi","2026-01-28T11:35:30.413Z","28-01-2026 17:05:30"
5361,"5662089492696","12.5","10.1","3.5","140.0","380.383","443.936","semi","2026-01-28T11:35:25.464Z","28-01-2026 17:05:25"
5360,"5662088681013","21.2","11.1","5.3","90.00","559.031","1245.696","semi","2026-01-28T11:35:21.657Z","28-01-2026 17:05:21"
5359,"19041864900605","14.2","10.5","4.0","120.0","495.428","588.605","semi","2026-01-28T11:35:18.111Z","28-01-2026 17:05:18"
5358,"5662089508601","13.2","10.5","3.8","90.0","462.408","525.172","semi","2026-01-28T11:35:10.959Z","28-01-2026 17:05:10"
5357,"5662089495651","12.9","10.2","3.8","80.0","433.343","499.990","semi","2026-01-28T11:35:06.486Z","28-01-2026 17:05:06"
5356,"5662089518913","12.7","9.7","4.5","90.0","493.547","551.322","semi","2026-01-28T11:35:00.676Z","28-01-2026 17:05:00"
5355,"5662089502824","14.1","10.1","3.8","90.0","477.284","544.399","semi","2026-01-28T11:34:55.375Z","28-01-2026 17:04:55"
5354,"5662089508085","12.6","10.3","3.9","90.0","456.817","507.779","semi","2026-01-28T11:34:50.993Z","28-01-2026 17:04:50"
5353,"5662089518600","12.6","9.7","5.0","110.0","490.395","607.618","semi","2026-01-28T11:34:46.248Z","28-01-2026 17:04:46"
5352,"5662089516684","14.0","10.4","3.7","140.0","461.834","547.331","semi","2026-01-28T11:34:42.478Z","28-01-2026 17:04:42"
5351,"5662089508435","13.0","9.8","4.2","90.0","476.456","534.981","semi","2026-01-28T11:34:37.375Z","28-01-2026 17:04:37"
5350,"5662089502640","13.4","10.2","4.0","100.0","471.293","539.807","semi","2026-01-28T11:34:32.933Z","28-01-2026 17:04:32"
5349,"5662089496351","25.2","24.4","3.2","90.00","937.548","1986.782","semi","2026-01-28T11:34:27.066Z","28-01-2026 17:04:27"
5348,"1490826616176240","20.4","17.8","7.5","160.0","2031.545","2720.544","semi","2026-01-28T11:34:22.236Z","28-01-2026 17:04:22"
5347,"5662089514201","34.2","30.1","12.9","740.0","7947.782","13238.507","semi","2026-01-28T11:34:17.802Z","28-01-2026 17:04:17"
5346,"195042498611613","30.0","25.7","4.7","420.0","1690.508","3643.062","semi","2026-01-28T11:34:14.004Z","28-01-2026 17:04:14"
5345,"1490826623966094","25.4","22.2","3.7","600.0","1254.509","2097.145","semi","2026-01-28T11:34:10.110Z","28-01-2026 17:04:10"
5344,"1490826618424065","27.0","24.1","4.5","240.0","1740.598","2914.240","semi","2026-01-28T11:34:05.737Z","28-01-2026 17:04:05"
5343,"1490826617389664","16.2","14.5","3.7","260.0","558.837","875.891","semi","2026-01-28T11:34:02.281Z","28-01-2026 17:04:02"
5342,"1490826526504873","22.9","16.5","5.7","60.00","961.209","2156.633","semi","2026-01-28T11:33:45.894Z","28-01-2026 17:03:45"
5341,"1490826577060310","20.9","19.4","3.2","60.0","575.922","1308.351","semi","2026-01-28T11:33:41.714Z","28-01-2026 17:03:41"
5340,"1490826575707545","14.6","6.7","6.7","30.0","553.750","656.850","semi","2026-01-28T11:33:38.054Z","28-01-2026 17:03:38"
5339,"1490826556500772","23.3","19.4","6.0","260.0","1302.787","2701.503","semi","2026-01-28T11:33:34.147Z","28-01-2026 17:03:34"
5338,"47383710098571","14.4","11.8","6.8","150.0","571.178","1148.299","semi","2026-01-28T11:33:26.836Z","28-01-2026 17:03:26"
5337,"1490826554752334","17.5","13.2","5.7","70.0","711.864","1320.871","semi","2026-01-28T11:33:20.424Z","28-01-2026 17:03:20"
5336,"29753911003155","12.5","11.6","4.7","40.00","443.370","687.187","semi","2026-01-28T11:33:16.640Z","28-01-2026 17:03:16"
5335,"1490826568361874","12.7","12.6","3.7","90.00","348.032","597.067","semi","2026-01-28T11:33:13.296Z","28-01-2026 17:03:13"
5334,"1490826584730836","18.4","10.1","4.2","190.0","309.086","789.416","semi","2026-01-28T11:33:09.683Z","28-01-2026 17:03:09"
5333,"1490826568004336","19.3","11.6","3.2","60.0","293.181","717.339","semi","2026-01-28T11:33:05.793Z","28-01-2026 17:03:05"
5332,"1490826514993152","16.6","14.3","4.0","","543.945","944.689","semi","2026-01-28T11:33:02.244Z","28-01-2026 17:03:02"
5331,"1490826571998573","15.1","13.3","5.0","40.00","379.577","1001.761","semi","2026-01-28T11:32:57.873Z","28-01-2026 17:02:57"
5330,"1490826551090391","15.4","14.3","6.0","40.00","559.925","1314.141","semi","2026-01-28T11:32:54.283Z","28-01-2026 17:02:54"
5329,"27813710295385","22.0","15.8","4.0","20.00","944.733","1379.232","semi","2026-01-28T11:32:46.237Z","28-01-2026 17:02:46"
5328,"27944415035446","23.2","16.1","6.9","300.0","1366.306","2590.182","semi","2026-01-28T11:32:42.373Z","28-01-2026 17:02:42"
5327,"47383710092422","19.7","14.0","3.2","130.0","511.748","884.865","semi","2026-01-28T11:32:37.470Z","28-01-2026 17:02:37"
5326,"47383710091486","33.4","27.9","8.9","200.0","5318.441","8310.187","semi","2026-01-28T11:32:31.775Z","28-01-2026 17:02:31"
5325,"1704618447526","18.6","17.2","6.0","610.0","1172.422","1911.793","semi","2026-01-28T11:32:27.815Z","28-01-2026 17:02:27"
5324,"1490826575680805","19.6","11.2","5.7","120.0","615.206","1249.455","semi","2026-01-28T11:32:22.770Z","28-01-2026 17:02:22"
5323,"47383710096541","15.6","13.9","3.2","20.0","361.061","700.841","semi","2026-01-28T11:32:19.091Z","28-01-2026 17:02:19"
5322,"1490826508453100","17.6","11.9","6.0","","723.967","1262.421","semi","2026-01-28T11:32:15.052Z","28-01-2026 17:02:15"
5321,"29753911005325","19.9","18.4","6.6","70.00","1543.355","2405.850","semi","2026-01-28T11:32:11.115Z","28-01-2026 17:02:11"
5320,"1490826520727235","19.4","13.0","8.1","60.00","1130.456","2053.760","semi","2026-01-28T11:32:06.877Z","28-01-2026 17:02:06"
5319,"1490826590818541","20.0","16.9","6.7","60.0","1355.147","2271.977","semi","2026-01-28T11:32:00.980Z","28-01-2026 17:02:00"
5318,"46568010068504","14.9","11.3","8.6","110.0","1155.038","1448.934","semi","2026-01-28T11:31:56.514Z","28-01-2026 17:01:56"
5317,"1490826536948280","21.5","7.2","6.7","300.0","722.805","1025.823","semi","2026-01-28T11:31:46.541Z","28-01-2026 17:01:46"
5316,"23056518434322","20.9","6.9","7.6","60.0","711.984","1087.350","semi","2026-01-28T11:31:41.358Z","28-01-2026 17:01:41"
5315,"28493223918096","17.2","12.2","1.5","60.0","187.257","307.495","semi","2026-01-28T11:31:33.243Z","28-01-2026 17:01:33"
5314,"1490710190091132","16.4","14.4","2.1","10.0","322.669","489.296","semi","2026-01-28T11:31:29.005Z","28-01-2026 17:01:29"
5313,"1490826568361734","16.4","7.3","5.9","20.00","621.712","705.507","semi","2026-01-28T11:31:25.249Z","28-01-2026 17:01:25"
5312,"42623610023936","14.2","12.0","2.2","100.0","267.521","374.403","semi","2026-01-28T11:31:20.070Z","28-01-2026 17:01:20"
5311,"1490826542337053","14.2","12.0","2.2","","267.521","374.403","semi","2026-01-28T11:31:14.506Z","28-01-2026 17:01:14"
5310,"1490826319642936","19.7","13.5","2.5","","274.038","656.032","semi","2026-01-28T11:31:06.410Z","28-01-2026 17:01:06"
5309,"1490826557074282","12.7","11.8","2.2","","215.120","330.342","semi","2026-01-28T11:30:58.455Z","28-01-2026 17:00:58"
5308,"1490826542802973","14.1","9.7","5.6","","526.363","773.800","semi","2026-01-28T11:30:54.503Z","28-01-2026 17:00:54"
5307,"1490826591997536","31.8","26.3","4.2","","1402.060","3539.823","semi","2026-01-28T11:30:49.780Z","28-01-2026 17:00:49"
5306,"11346313640766","17.7","12.9","5.7","330.0","778.222","1306.834","semi","2026-01-28T11:30:44.877Z","28-01-2026 17:00:44"
5305,"47383710091534","20.8","17.4","6.4","","1551.365","2323.581","semi","2026-01-28T11:30:39.147Z","28-01-2026 17:00:39"
5304,"1490826512122824","19.1","12.0","7.5","200.0","1044.611","1717.640","semi","2026-01-28T11:30:35.602Z","28-01-2026 17:00:35"
5303,"1490826576218210","18.5","17.3","7.1","140.0","1373.744","2270.648","semi","2026-01-28T11:30:28.850Z","28-01-2026 17:00:28"
5302,"1490826513242964","16.5","15.6","4.3","180.0","518.917","1111.524","semi","2026-01-28T11:30:25.437Z","28-01-2026 17:00:25"
5301,"1490826591991074","18.0","15.2","5.2","50.0","722.515","1423.670","semi","2026-01-28T11:30:21.443Z","28-01-2026 17:00:21"
5300,"1490826568071853","18.4","11.6","3.7","80.0","370.877","795.266","semi","2026-01-28T11:30:13.999Z","28-01-2026 17:00:13"
5299,"1490826577052142","17.5","13.6","5.8","40.0","853.070","1383.284","semi","2026-01-28T11:30:09.711Z","28-01-2026 17:00:09"
5298,"46568010070162","18.6","17.4","5.4","50.0","1249.780","1757.201","semi","2026-01-28T11:30:05.338Z","28-01-2026 17:00:05"
5297,"1490826575363160","15.8","14.6","3.7","110.0","518.927","855.734","semi","2026-01-28T11:30:00.642Z","28-01-2026 17:00:00"
5296,"1490826571353210","21.7","18.8","5.5","30.00","1189.345","2226.984","semi","2026-01-28T11:29:55.920Z","28-01-2026 16:59:55"
5295,"1490826545879845","18.6","14.3","2.2","180.0","333.794","594.590","semi","2026-01-28T11:29:50.962Z","28-01-2026 16:59:50"
5294,"1490826507226361","19.4","18.4","5.5","30.0","695.220","1953.704","semi","2026-01-28T11:29:46.090Z","28-01-2026 16:59:46"
5293,"47383710099293","22.2","19.8","9.2","20.000","2703.052","4057.111","semi","2026-01-28T11:29:42.232Z","28-01-2026 16:59:42"
5292,"8476711965530","19.3","18.2","4.7","290.0","897.099","1651.843","semi","2026-01-28T11:29:35.659Z","28-01-2026 16:59:35"
5291,"1490826575672184","14.8","10.2","6.4","40.00","702.340","971.523","semi","2026-01-28T11:29:30.763Z","28-01-2026 16:59:30"
5290,"1490826575671414","15.2","13.4","5.8","100.0","834.654","1175.453","semi","2026-01-28T11:29:27.136Z","28-01-2026 16:59:27"
5289,"27813710295396","15.8","12.2","4.5","50.0","501.048","871.250","semi","2026-01-28T11:29:21.430Z","28-01-2026 16:59:21"
5288,"1490826539165913","13.7","12.6","4.6","20.00","507.005","794.440","semi","2026-01-28T11:29:16.830Z","28-01-2026 16:59:16"
5287,"1490826541937596","13.1","12.8","6.7","280.0","686.343","1123.645","semi","2026-01-28T11:29:11.597Z","28-01-2026 16:59:11"
5286,"1490826536895220","18.4","15.7","9.0","40.0","1378.195","2601.881","semi","2026-01-28T11:29:06.452Z","28-01-2026 16:59:06"
5285,"46568010069366","19.0","11.4","1.5","120.0","237.310","320.558","semi","2026-01-28T11:29:02.082Z","28-01-2026 16:59:02"
5284,"1490826533600386","17.8","16.5","8.9","10.00","1429.328","2620.779","semi","2026-01-28T11:28:58.702Z","28-01-2026 16:58:58"
5283,"47383710094732","19.6","14.4","5.8","260.0","1030.903","1646.943","semi","2026-01-28T11:28:54.672Z","28-01-2026 16:58:54"
5282,"1490826594550075","9.7","9.5","10.4","190.0","818.886","959.421","semi","2026-01-28T11:28:49.969Z","28-01-2026 16:58:49"
5281,"31187510434792","20.9","17.8","6.8","20.00","1529.703","2532.027","semi","2026-01-28T11:28:45.440Z","28-01-2026 16:58:45"
5280,"47383710091361","21.8","19.6","3.0","180.0","715.887","1275.191","semi","2026-01-28T11:28:40.624Z","28-01-2026 16:58:40"
5279,"1490826545882800","14.4","12.8","5.0","150.0","599.672","922.971","semi","2026-01-28T11:28:36.608Z","28-01-2026 16:58:36"
5278,"13372084286422","15.7","7.1","7.1","80.00","629.170","792.413","semi","2026-01-28T11:28:33.045Z","28-01-2026 16:58:33"
5277,"35693013322701","24.1","22.2","9.3","360.0","3340.038","4973.485","semi","2026-01-28T11:28:28.222Z","28-01-2026 16:58:28"
5276,"1490826543792025","25.4","22.7","7.2","380.0","2454.494","4166.604","semi","2026-01-28T11:28:24.524Z","28-01-2026 16:58:24"
5275,"1490826577153561","16.4","15.1","4.0","180.0","594.920","983.704","semi","2026-01-28T11:28:20.542Z","28-01-2026 16:58:20"
5274,"1490826465088155","15.1","10.4","6.0","90.00","727.612","940.184","semi","2026-01-28T11:28:17.017Z","28-01-2026 16:58:17"
5273,"35693013313295","19.1","16.9","8.5","30.00","1434.878","2736.156","semi","2026-01-28T11:28:13.413Z","28-01-2026 16:58:13"
5272,"1490826568655911","17.2","13.4","5.5","60.00","807.765","1266.652","semi","2026-01-28T11:28:09.906Z","28-01-2026 16:58:09"
5271,"1490826525886493","14.8","13.7","7.9","","1123.751","1610.047","semi","2026-01-28T11:28:06.179Z","28-01-2026 16:58:06"
5270,"1490826574755254","16.4","15.1","5.2","220.0","530.693","1291.790","semi","2026-01-28T11:28:02.821Z","28-01-2026 16:58:02"
5269,"1490826576024903","17.6","13.6","5.8","10.00","753.386","1396.013","semi","2026-01-28T11:27:59.222Z","28-01-2026 16:57:59"
5268,"46568010063372","17.8","13.6","6.6","110.0","892.329","1588.778","semi","2026-01-28T11:27:53.566Z","28-01-2026 16:57:53"
5267,"47383710095631","16.9","11.5","6.0","100.0","761.890","1166.399","semi","2026-01-28T11:27:48.064Z","28-01-2026 16:57:48"
5266,"46568010070173","20.9","17.6","7.3","70.00","1593.069","2686.028","semi","2026-01-28T11:27:43.447Z","28-01-2026 16:57:43"
5265,"47383710095804","22.9","18.6","5.8","160.0","1483.997","2475.554","semi","2026-01-28T11:27:36.729Z","28-01-2026 16:57:36"
5264,"47383710096596","22.0","17.8","8.0","160.0","1757.091","3115.778","semi","2026-01-28T11:27:32.216Z","28-01-2026 16:57:32"
5263,"47383710094371","23.3","16.8","2.1","150.0","664.118","823.753","semi","2026-01-28T11:27:27.202Z","28-01-2026 16:57:27"
5262,"1490826540984605","19.6","14.2","3.0","460.0","518.959","830.025","semi","2026-01-28T11:27:23.183Z","28-01-2026 16:57:23"
5261,"35719710131633","14.0","9.5","6.8","20.0","686.193","908.721","semi","2026-01-28T11:27:19.611Z","28-01-2026 16:57:19"
5260,"35693013314043","19.7","18.6","5.5","30.00","1214.923","2006.696","semi","2026-01-28T11:27:15.325Z","28-01-2026 16:57:15"
5259,"47383710099234","17.6","11.0","8.3","250.0","1487.274","1596.512","semi","2026-01-28T11:27:10.960Z","28-01-2026 16:57:10"
5258,"40441725710796","17.0","11.5","6.0","410.0","682.629","1177.609","semi","2026-01-28T11:27:06.775Z","28-01-2026 16:57:06"
5257,"47383710095141","19.9","17.2","5.7","40.00","1279.062","1955.462","semi","2026-01-28T11:27:01.381Z","28-01-2026 16:57:01"
5256,"1490826573032274","17.9","17.9","9.1","330.0","1429.249","2895.366","semi","2026-01-28T11:26:56.754Z","28-01-2026 16:56:56"
5255,"47383710094124","17.3","12.8","5.9","240.00","795.445","1312.632","semi","2026-01-28T11:26:52.370Z","28-01-2026 16:56:52"
5254,"46568010069672","18.3","14.1","6.1","40.0","888.880","1568.376","semi","2026-01-28T11:26:45.279Z","28-01-2026 16:56:45"
5253,"46568010067071","13.9","10.8","7.0","90.00","773.717","1051.937","semi","2026-01-28T11:26:39.360Z","28-01-2026 16:56:39"
5252,"35693013310926","17.4","11.4","4.4","20.0","494.924","874.893","semi","2026-01-28T11:26:35.392Z","28-01-2026 16:56:35"
5251,"1490826570797174","17.9","15.8","3.0","60.0","499.003","843.335","semi","2026-01-28T11:26:29.122Z","28-01-2026 16:56:29"
5250,"1490826573480661","22.1","18.5","7.0","50.00","1680.462","2842.851","semi","2026-01-28T11:26:25.168Z","28-01-2026 16:56:25"
5249,"47383710093483","18.1","12.2","5.7","150.0","656.612","1266.224","semi","2026-01-28T11:26:19.597Z","28-01-2026 16:56:19"
5248,"47383710094150","18.0","13.6","5.7","","782.588","1397.530","semi","2026-01-28T11:26:14.495Z","28-01-2026 16:56:14"
5247,"46568010067594","19.4","13.5","11.4","130.0","1913.379","2994.891","semi","2026-01-28T11:26:07.577Z","28-01-2026 16:56:07"
5246,"47383710096703","14.5","11.6","6.2","260.0","752.020","1041.070","semi","2026-01-28T11:26:03.532Z","28-01-2026 16:56:03"
5245,"29753911003520","19.6","12.5","4.7","50.0","712.627","1145.591","semi","2026-01-28T11:25:59.576Z","28-01-2026 16:55:59"
5244,"1490826586376805","13.5","10.5","3.7","90.0","370.831","520.734","semi","2026-01-28T11:25:55.027Z","28-01-2026 16:55:55"
5243,"1490826568037693","13.5","11.1","4.1","40.0","258.252","605.575","semi","2026-01-28T11:25:50.815Z","28-01-2026 16:55:50"
5242,"1490826575653634","19.1","18.1","5.4","40.0","1212.664","1878.522","semi","2026-01-28T11:25:44.780Z","28-01-2026 16:55:44"
5241,"1490826590818504","16.3","15.3","3.7","50.0","602.950","929.376","semi","2026-01-28T11:25:39.803Z","28-01-2026 16:55:39"
5240,"1490826596867333","14.4","13.4","4.2","50.0","457.882","813.152","semi","2026-01-28T11:25:33.989Z","28-01-2026 16:55:33"
5239,"1490826591951664","19.1","19.0","5.1","","1056.409","1847.526","semi","2026-01-28T11:25:27.702Z","28-01-2026 16:55:27"
5238,"1490826590818235","19.2","16.7","5.8","40.0","1052.988","1876.236","semi","2026-01-28T11:25:22.011Z","28-01-2026 16:55:22"
5237,"47383710093844","15.3","14.7","5.8","90.0","616.598","1314.415","semi","2026-01-28T11:25:17.718Z","28-01-2026 16:55:17"
5236,"27813710295190","14.6","13.0","6.3","20.0","752.878","1197.363","semi","2026-01-28T11:25:13.882Z","28-01-2026 16:55:13"
5235,"47383710091416","22.1","19.1","3.5","60.0","762.481","1462.533","semi","2026-01-28T11:25:09.953Z","28-01-2026 16:55:09"
5234,"1490826456143920","19.9","13.9","2.7","90.00","492.213","755.284","semi","2026-01-28T11:25:06.755Z","28-01-2026 16:55:06"
5233,"35719710130244","20.9","17.5","7.2","40.00","1452.574","2637.366","semi","2026-01-28T11:25:02.438Z","28-01-2026 16:55:02"
5232,"47383710097064","18.2","13.0","7.1","280.0","1310.825","1684.521","semi","2026-01-28T11:24:57.691Z","28-01-2026 16:54:57"
5231,"23056518368662","26.6","8.8","8.4","320.0","1771.272","1971.536","semi","2026-01-28T11:24:53.092Z","28-01-2026 16:54:53"
5230,"2102585366414342","26.6","8.8","8.4","240.00","1771.272","1971.536","semi","2026-01-28T11:24:45.179Z","28-01-2026 16:54:45"
5229,"40598110457892","26.4","20.8","6.7","390.0","2281.238","3663.697","semi","2026-01-28T11:24:01.763Z","28-01-2026 16:54:01"
5228,"47383710095141","26.4","20.8","6.7","260.0","2281.238","3663.697","semi","2026-01-28T11:23:33.219Z","28-01-2026 16:53:33"
5227,"1515211091591","13.0","12.6","4.0","","399.122","652.240","semi","2026-01-28T11:18:01.104Z","28-01-2026 16:48:01"
5226,"1490826568003360","15.6","12.0","4.5","30.0","412.573","838.058","semi","2026-01-28T11:17:39.146Z","28-01-2026 16:47:39"
5225,"1490826575155960","18.1","13.7","5.7","60.00","865.379","1420.204","semi","2026-01-28T11:17:34.218Z","28-01-2026 16:47:34"
5224,"46568010067896","18.1","12.7","6.2","120.0","784.996","1433.157","semi","2026-01-28T11:17:02.929Z","28-01-2026 16:47:02"
5223,"46568010069171","22.4","19.0","5.5","60.00","1265.790","2325.699","semi","2026-01-28T11:16:56.212Z","28-01-2026 16:46:56"
5222,"46568010068854","19.7","14.7","7.0","120.0","1158.955","2039.292","semi","2026-01-28T11:16:49.165Z","28-01-2026 16:46:49"
5221,"46568010068714","19.9","18.5","6.7","120.0","1572.510","2466.165","semi","2026-01-28T11:16:44.593Z","28-01-2026 16:46:44"
5220,"1490826590874810","18.5","12.3","6.2","130.0","929.979","1413.810","semi","2026-01-28T11:16:38.085Z","28-01-2026 16:46:38"
5219,"47383710094802","10.4","9.9","4.0","120.0","358.758","406.251","semi","2026-01-28T11:16:33.008Z","28-01-2026 16:46:33"
5218,"5662089502006","18.3","14.9","7.2","70.00","1353.442","1965.836","semi","2026-01-28T11:16:29.351Z","28-01-2026 16:46:29"
5217,"47383710097090","20.3","18.1","5.0","180.0","1069.760","1827.813","semi","2026-01-28T11:16:24.875Z","28-01-2026 16:46:24"
5216,"1490826593367414","14.6","12.8","2.2","100.0","329.006","408.400","semi","2026-01-28T11:16:20.192Z","28-01-2026 16:46:20"
5215,"1490826536843044","17.5","13.7","7.2","300.0","838.686","1730.329","semi","2026-01-28T11:16:16.559Z","28-01-2026 16:46:16"
5214,"47383710097020","28.9","23.5","4.5","110.0","1337.244","3034.350","semi","2026-01-28T11:16:12.321Z","28-01-2026 16:46:12"
5213,"1490826569253184","20.9","15.7","6.2","100.0","1247.282","2040.220","semi","2026-01-28T11:16:07.524Z","28-01-2026 16:46:07"
5212,"46568010063534","19.8","17.2","6.2","130.0","1366.046","2124.501","semi","2026-01-28T11:16:02.185Z","28-01-2026 16:46:02"
5211,"46568010069263","18.0","16.1","5.8","160.0","1075.748","1690.848","semi","2026-01-28T11:15:54.577Z","28-01-2026 16:45:54"
5210,"1490826543790850","16.6","16.1","5.2","180.0","765.732","1395.745","semi","2026-01-28T11:15:49.567Z","28-01-2026 16:45:49"
5209,"27813710295400","29.8","19.0","2.0","20.00","507.328","1118.523","semi","2026-01-28T11:15:44.187Z","28-01-2026 16:45:44"
5208,"1490826522409210","26.2","24.0","2.2","380.0","793.205","1398.036","semi","2026-01-28T11:15:38.633Z","28-01-2026 16:45:38"
5207,"1490826552450292","26.2","24.0","2.2","130.0","793.205","1398.036","semi","2026-01-28T11:15:34.444Z","28-01-2026 16:45:34"
5206,"1490826585323493","18.7","18.3","5.6","20.00","1105.026","1904.237","semi","2026-01-28T11:15:30.710Z","28-01-2026 16:45:30"
5205,"1490826590809953","21.8","17.3","7.3","100.0","1278.750","2764.400","semi","2026-01-28T11:15:19.252Z","28-01-2026 16:45:19"
5204,"47383710091560","24.2","19.3","1.5","160.0","443.644","692.574","semi","2026-01-28T11:15:15.230Z","28-01-2026 16:45:15"
5203,"1490826526071842","15.6","13.5","4.2","380.0","393.217","892.531","semi","2026-01-28T11:15:10.857Z","28-01-2026 16:45:10"
5202,"1490826568037612","29.6","25.0","2.7","50.00","1098.766","2017.649","semi","2026-01-28T11:15:05.001Z","28-01-2026 16:45:05"
5201,"1490826596723656","15.2","9.4","5.1","370.0","635.282","734.128","semi","2026-01-28T11:15:01.106Z","28-01-2026 16:45:01"
5200,"1490826584647083","21.2","19.0","4.7","190.0","1017.705","1905.251","semi","2026-01-28T11:14:57.022Z","28-01-2026 16:44:57"
5199,"1490826571021863","21.2","19.0","4.7","150.0","1017.705","1905.251","semi","2026-01-28T11:14:52.515Z","28-01-2026 16:44:52"
5198,"7269564230633","14.5","14.3","4.4","10.0","552.454","908.859","semi","2026-01-28T11:14:48.065Z","28-01-2026 16:44:48"
5197,"1490826600096352","13.1","11.1","6.7","110.0","640.461","971.437","semi","2026-01-28T11:14:44.072Z","28-01-2026 16:44:44"
5196,"1490826510258680","13.7","10.6","7.2","240.0","753.934","1053.492","semi","2026-01-28T11:14:38.128Z","28-01-2026 16:44:38"
5195,"35693013315211","20.7","13.8","7.5","60.00","963.977","2140.577","semi","2026-01-28T11:14:33.774Z","28-01-2026 16:44:33"
5194,"1490826528544323","19.0","15.5","2.1","90.0","448.542","614.497","semi","2026-01-28T11:14:29.397Z","28-01-2026 16:44:29"
5193,"1490826573481641","16.3","13.9","4.7","20.0","636.581","1070.309","semi","2026-01-28T11:14:25.194Z","28-01-2026 16:44:25"
5192,"1490826537167634","18.0","13.8","5.7","80.0","922.429","1420.307","semi","2026-01-28T11:14:19.075Z","28-01-2026 16:44:19"
5191,"27813710295234","17.7","12.0","6.6","90.0","737.353","1404.773","semi","2026-01-28T11:14:15.183Z","28-01-2026 16:44:15"
5190,"19041864789692","14.9","10.2","3.2","40.0","226.100","487.639","semi","2026-01-28T11:14:10.702Z","28-01-2026 16:44:10"
5189,"1490826570569243","21.0","18.2","6.0","30.0","1539.998","2283.665","semi","2026-01-28T11:14:06.232Z","28-01-2026 16:44:06"
5188,"47383710091346","16.2","15.1","4.3","200.0","538.857","1057.687","semi","2026-01-28T11:14:02.120Z","28-01-2026 16:44:02"
5187,"1490826577052175","15.3","12.3","6.5","40.0","812.253","1228.826","semi","2026-01-28T11:13:58.040Z","28-01-2026 16:43:58"
5186,"1490826510258702","18.8","12.5","5.8","250.0","863.148","1361.447","semi","2026-01-28T11:13:53.110Z","28-01-2026 16:43:53"
5185,"46568010070140","20.3","18.6","6.6","80.00","1530.430","2510.076","semi","2026-01-28T11:13:46.621Z","28-01-2026 16:43:46"
5184,"43863810254461","20.1","13.9","2.7","180.0","499.164","762.804","semi","2026-01-28T11:13:40.586Z","28-01-2026 16:43:40"
5183,"1490826561710780","20.0","14.3","4.7","30.00","638.536","1346.647","semi","2026-01-28T11:13:34.600Z","28-01-2026 16:43:34"
5182,"1490826545879554","31.5","22.7","2.7","150.0","874.913","1949.654","semi","2026-01-28T11:13:28.227Z","28-01-2026 16:43:28"
5181,"1490826569448871","18.2","13.4","4.7","240.0","652.612","1152.181","semi","2026-01-28T11:13:24.504Z","28-01-2026 16:43:24"
5180,"1490826593224566","15.8","14.2","2.3","90.00","346.894","516.203","semi","2026-01-28T11:13:21.019Z","28-01-2026 16:43:21"
5179,"1490826601340436","13.5","7.8","3.6","20.0","198.653","383.046","semi","2026-01-28T11:13:17.220Z","28-01-2026 16:43:17"
5178,"1490826568037645","18.7","7.7","3.7","70.0","296.299","528.926","semi","2026-01-28T11:13:13.333Z","28-01-2026 16:43:13"
5177,"1490826514698183","21.0","15.4","8.7","80.0","1458.171","2834.079","semi","2026-01-28T11:13:09.871Z","28-01-2026 16:43:09"
5176,"47383710096740","18.9","9.2","2.7","200.0","282.721","465.439","semi","2026-01-28T11:13:02.723Z","28-01-2026 16:43:02"
5175,"1490826570372204","21.6","15.1","9.0","30.00","1525.324","2947.813","semi","2026-01-28T11:12:55.929Z","28-01-2026 16:42:55"
5174,"47383710095045","19.8","18.0","6.7","200.0","1249.726","2396.435","semi","2026-01-28T11:12:52.010Z","28-01-2026 16:42:52"
5173,"1490826545880291","12.5","9.9","3.8","260.0","395.893","470.400","semi","2026-01-28T11:12:47.026Z","28-01-2026 16:42:47"
5172,"5662089505020","16.6","12.0","4.2","110.0","702.847","843.263","semi","2026-01-28T11:12:41.991Z","28-01-2026 16:42:41"
5171,"13409630704523","17.1","15.1","2.3","90.00","330.766","584.339","semi","2026-01-28T11:12:37.834Z","28-01-2026 16:42:37"
5170,"1490826568361756","20.5","18.1","4.5","40.00","996.480","1654.802","semi","2026-01-28T11:12:27.021Z","28-01-2026 16:42:27"
5169,"1490826472876790","16.8","8.4","1.4","140.0","182.706","195.579","semi","2026-01-28T11:12:23.603Z","28-01-2026 16:42:23"
5168,"1490826568656025","15.9","13.1","7.7","40.0","1060.529","1601.805","semi","2026-01-28T11:12:19.405Z","28-01-2026 16:42:19"
5167,"1490826568655922","15.2","14.1","4.7","90.00","587.560","1003.613","semi","2026-01-28T11:12:14.735Z","28-01-2026 16:42:14"
5166,"1490826455381896","18.5","18.5","4.5","80.0","908.924","1535.758","semi","2026-01-28T11:12:09.671Z","28-01-2026 16:42:09"
5165,"1490826574851246","18.1","14.1","5.9","80.00","929.828","1508.296","semi","2026-01-28T11:12:06.326Z","28-01-2026 16:42:06"
5164,"27813710295050","18.5","12.4","6.0","40.0","838.493","1366.091","semi","2026-01-28T11:12:01.493Z","28-01-2026 16:42:01"
5163,"46568010068670","12.7","11.7","3.5","80.00","393.191","520.055","semi","2026-01-28T11:11:57.032Z","28-01-2026 16:41:57"
5162,"1490826556998461","14.3","13.8","4.0","130.0","329.698","783.626","semi","2026-01-28T11:11:53.158Z","28-01-2026 16:41:53"
5161,"1490826577052186","32.1","26.0","6.0","30.0","2782.669","4988.794","semi","2026-01-28T11:11:49.102Z","28-01-2026 16:41:49"
5160,"1490826595608722","16.3","13.6","6.2","360.0","981.243","1364.373","semi","2026-01-28T11:11:45.208Z","28-01-2026 16:41:45"
5159,"27813710295035","17.1","13.5","6.4","90.00","904.645","1485.153","semi","2026-01-28T11:11:40.330Z","28-01-2026 16:41:40"
5158,"47383710085864","17.8","12.4","6.0","140.0","858.363","1314.755","semi","2026-01-28T11:11:35.983Z","28-01-2026 16:41:35"
5157,"46568010069893","13.8","13.4","7.0","100.0","898.439","1298.466","semi","2026-01-28T11:11:31.048Z","28-01-2026 16:41:31"
5156,"1490826574756212","17.8","13.0","5.6","220.0","784.533","1295.503","semi","2026-01-28T11:11:26.942Z","28-01-2026 16:41:26"
5155,"46568010062742","19.0","11.6","5.7","320.0","794.871","1264.164","semi","2026-01-28T11:11:23.184Z","28-01-2026 16:41:23"
5154,"47383710095896","18.6","16.5","5.4","160.0","1162.450","1648.284","semi","2026-01-28T11:11:19.162Z","28-01-2026 16:41:19"
5153,"1490826594233734","18.4","12.7","6.2","110.0","824.654","1452.435","semi","2026-01-28T11:11:14.457Z","28-01-2026 16:41:14"
5152,"35047210245685","16.8","11.6","2.0","100.0","275.013","392.904","semi","2026-01-28T11:11:09.299Z","28-01-2026 16:41:09"
5151,"1490826573481545","19.2","16.8","4.7","30.0","981.412","1524.951","semi","2026-01-28T11:11:05.531Z","28-01-2026 16:41:05"
5150,"1490826590884525","21.4","17.4","4.2","90.00","778.313","1568.220","semi","2026-01-28T11:10:59.369Z","28-01-2026 16:40:59"
5149,"115761187348264","20.0","11.6","6.4","180.0","832.630","1482.773","semi","2026-01-28T11:10:53.951Z","28-01-2026 16:40:53"
5148,"47383710091324","23.0","18.3","4.0","100.0","918.896","1676.302","semi","2026-01-28T11:10:48.859Z","28-01-2026 16:40:48"
5147,"47383710097775","20.4","15.9","6.6","220.0","1291.253","2149.970","semi","2026-01-28T11:10:43.267Z","28-01-2026 16:40:43"
5146,"46568010069856","20.3","16.0","8.2","160.0","1464.110","2663.052","semi","2026-01-28T11:10:34.436Z","28-01-2026 16:40:34"
5145,"47383710096600","21.4","18.0","7.6","230.0","1711.183","2929.010","semi","2026-01-28T11:10:30.023Z","28-01-2026 16:40:30"
5144,"47383710098674","16.7","16.3","3.6","300.0","772.703","979.698","semi","2026-01-28T11:10:23.572Z","28-01-2026 16:40:23"
5143,"1490826541383001","19.5","13.5","4.7","130.0","757.192","1226.526","semi","2026-01-28T11:10:18.399Z","28-01-2026 16:40:18"
5142,"1490826523771712","18.8","14.8","7.9","130.00","1477.144","2193.211","semi","2026-01-28T11:10:12.444Z","28-01-2026 16:40:12"
5141,"47383710095174","20.7","19.7","3.7","240.0","1005.069","1520.468","semi","2026-01-28T11:09:56.105Z","28-01-2026 16:39:56"
5140,"31074914854150","16.9","12.0","5.7","190.0","695.255","1160.368","semi","2026-01-28T11:09:50.617Z","28-01-2026 16:39:50"
5139,"47383710094522","18.6","17.9","4.2","160.0","991.296","1405.476","semi","2026-01-28T11:09:44.612Z","28-01-2026 16:39:44"
5138,"1490826534806383","20.2","18.5","5.2","110.0","1227.012","1933.611","semi","2026-01-28T11:09:40.357Z","28-01-2026 16:39:40"
5137,"1490826613745232","18.6","17.9","6.9","120.0","1521.744","2285.138","semi","2026-01-28T11:09:32.704Z","28-01-2026 16:39:32"
5136,"1490826557534506","19.8","17.8","6.8","210.0","1233.937","2408.543","semi","2026-01-28T11:09:26.159Z","28-01-2026 16:39:26"
5135,"47383710098350","18.7","18.5","6.7","220.0","1433.078","2329.096","semi","2026-01-28T11:09:21.492Z","28-01-2026 16:39:21"
5134,"1490826502886066","23.4","16.4","9.5","200.0","1737.768","3649.337","semi","2026-01-28T11:09:15.209Z","28-01-2026 16:39:15"
5133,"47383710096375","18.6","17.0","4.8","310.0","966.784","1526.512","semi","2026-01-28T11:09:10.267Z","28-01-2026 16:39:10"
5132,"1490826578019332","22.0","16.0","6.8","150.0","1619.730","2385.296","semi","2026-01-28T11:09:06.323Z","28-01-2026 16:39:06"
5131,"47383710095642","18.9","16.3","5.5","210.0","1094.467","1683.879","semi","2026-01-28T11:09:00.997Z","28-01-2026 16:39:00"
5130,"1490826590803804","12.0","11.9","4.5","120.0","200.149","641.106","semi","2026-01-28T11:08:56.476Z","28-01-2026 16:38:56"
5129,"1490826538972422","15.0","10.9","5.7","50.00","856.558","940.427","semi","2026-01-28T11:08:53.030Z","28-01-2026 16:38:53"
5128,"1490826591967845","36.7","24.7","12.4","210.0","8228.320","11267.685","semi","2026-01-28T11:08:49.208Z","28-01-2026 16:38:49"
5127,"20736017811554","14.8","14.0","5.2","740.0","820.335","1071.854","semi","2026-01-28T11:08:44.699Z","28-01-2026 16:38:44"
5126,"1490826575675592","18.9","16.0","6.7","150.0","1206.608","2036.049","semi","2026-01-28T11:08:38.545Z","28-01-2026 16:38:38"
5125,"1490826571029541","17.2","11.8","6.1","150.0","675.699","1241.486","semi","2026-01-28T11:08:32.936Z","28-01-2026 16:38:32"
5124,"43903710030984","31.8","29.1","6.4","90.00","4111.489","5912.566","semi","2026-01-28T11:08:28.051Z","28-01-2026 16:38:28"
5123,"1490826524055562","22.1","15.6","9.7","380.0","1620.995","3335.990","semi","2026-01-28T11:08:22.889Z","28-01-2026 16:38:22"
5122,"47383710095841","17.8","12.7","6.2","320.0","796.478","1411.450","semi","2026-01-28T11:08:17.089Z","28-01-2026 16:38:17"
5121,"47383710094916","17.9","12.7","6.7","160.0","806.982","1518.694","semi","2026-01-28T11:08:13.845Z","28-01-2026 16:38:13"
5120,"47383710092400","19.5","14.4","2.7","150.0","506.472","763.539","semi","2026-01-28T11:08:09.889Z","28-01-2026 16:38:09"
5119,"47383710094872","14.2","12.6","3.7","240.0","353.756","666.042","semi","2026-01-28T11:08:06.539Z","28-01-2026 16:38:06"
5118,"1490826577052120","17.5","15.8","5.5","90.00","680.467","1511.927","semi","2026-01-28T11:08:02.905Z","28-01-2026 16:38:02"
5117,"27813710295061","16.9","15.0","4.7","50.00","819.701","1202.353","semi","2026-01-28T11:07:59.023Z","28-01-2026 16:37:59"
5116,"1490826538630984","17.8","13.7","4.7","140.0","307.932","1152.791","semi","2026-01-28T11:07:55.664Z","28-01-2026 16:37:55"
5115,"1490826577298811","14.1","12.2","5.5","80.00","420.035","942.237","semi","2026-01-28T11:07:52.584Z","28-01-2026 16:37:52"
5114,"1490826569648710","12.3","10.3","4.5","80.00","360.838","572.355","semi","2026-01-28T11:07:48.956Z","28-01-2026 16:37:48"
5113,"1490826530760932","19.5","10.3","6.5","210.0","904.065","1305.045","semi","2026-01-28T11:07:36.599Z","28-01-2026 16:37:36"
5112,"1490826525831650","16.1","12.8","5.2","180.0","614.161","1077.231","semi","2026-01-28T11:05:30.787Z","28-01-2026 16:35:30"
5111,"1490826575696931","20.8","7.7","6.1","70.0","683.274","980.961","semi","2026-01-28T11:05:26.060Z","28-01-2026 16:35:26"
5110,"23056518423203","15.1","11.2","5.6","90.0","824.705","956.576","semi","2026-01-28T11:05:21.769Z","28-01-2026 16:35:21"
5109,"1490826597131583","16.2","12.9","5.7","110.0","773.835","1193.582","semi","2026-01-28T11:05:14.623Z","28-01-2026 16:35:14"
5108,"46568010066393","21.0","16.8","6.3","140.0","1076.309","2224.170","semi","2026-01-28T11:05:09.052Z","28-01-2026 16:35:09"
5107,"1490826596743886","17.3","14.3","5.7","70.0","782.352","1417.380","semi","2026-01-28T11:05:04.385Z","28-01-2026 16:35:04"
5106,"46568010067244","13.1","12.9","5.7","140.0","623.294","955.778","semi","2026-01-28T11:04:56.601Z","28-01-2026 16:34:56"
5105,"44031710002262","17.0","12.4","6.4","50.0","842.604","1346.620","semi","2026-01-28T11:04:51.807Z","28-01-2026 16:34:51"
5104,"27813710295024","17.9","13.5","3.2","100.0","441.446","781.121","semi","2026-01-28T11:04:45.085Z","28-01-2026 16:34:45"
5103,"1490826510239323","20.2","18.6","5.2","30.0","376.400","1967.156","semi","2026-01-28T11:04:40.347Z","28-01-2026 16:34:40"
5102,"1490826593367226","19.4","15.6","6.5","130.0","1256.119","1958.257","semi","2026-01-28T11:04:34.473Z","28-01-2026 16:34:34"
5101,"1490826595448234","19.7","17.1","3.7","160.0","756.847","1250.979","semi","2026-01-28T11:04:29.946Z","28-01-2026 16:34:29"
5100,"1490826590803465","17.4","13.8","6.6","60.0","803.204","1586.131","semi","2026-01-28T11:04:26.037Z","28-01-2026 16:34:26"
5099,"47383710091442","21.4","16.5","7.2","100.0","1583.037","2553.235","semi","2026-01-28T11:04:22.371Z","28-01-2026 16:34:22"
5098,"47383710095056","15.9","11.3","4.5","310.0","476.538","802.747","semi","2026-01-28T11:04:17.489Z","28-01-2026 16:34:17"
5097,"1490826580734503","15.8","15.6","6.2","70.0","945.618","1541.341","semi","2026-01-28T11:04:13.620Z","28-01-2026 16:34:13"
5096,"7269564063425","17.4","13.4","5.7","150.0","747.020","1334.012","semi","2026-01-28T11:04:09.695Z","28-01-2026 16:34:09"
5095,"27813710295212","15.5","10.2","7.9","50.0","958.599","1257.222","semi","2026-01-28T11:04:05.326Z","28-01-2026 16:34:05"
5094,"35693013323810","12.8","9.8","3.9","520.0","440.002","488.227","semi","2026-01-28T11:04:01.706Z","28-01-2026 16:34:01"
5093,"5662089504865","17.4","11.3","5.9","100.0","669.567","1150.766","semi","2026-01-28T11:03:47.815Z","28-01-2026 16:33:47"
5092,"46568010067093","23.3","19.2","3.0","90.0","694.167","1335.019","semi","2026-01-28T11:03:43.713Z","28-01-2026 16:33:43"
5091,"47383710098044","16.1","13.3","5.4","210.0","783.786","1166.681","semi","2026-01-28T11:03:39.109Z","28-01-2026 16:33:39"
5090,"1490826505659002","18.4","15.0","3.2","90.00","439.390","889.060","semi","2026-01-28T11:03:34.979Z","28-01-2026 16:33:34"
5089,"1490826525774110","18.4","15.0","3.2","30.0","439.390","889.060","semi","2026-01-28T11:03:31.580Z","28-01-2026 16:33:31"
5088,"1490826536406056","15.3","10.5","4.7","40.0","334.019","757.609","semi","2026-01-28T11:03:27.172Z","28-01-2026 16:33:27"
5087,"1490826577052190","15.3","10.5","4.7","50.0","334.019","757.609","semi","2026-01-28T11:03:23.785Z","28-01-2026 16:33:23"
5086,"1490826374266143","17.4","13.4","1.3","30.0","232.393","304.783","semi","2026-01-28T11:03:19.498Z","28-01-2026 16:33:19"
5085,"1490826513560941","14.9","9.0","9.1","40.00","907.489","1218.702","semi","2026-01-28T11:03:15.023Z","28-01-2026 16:33:15"
5084,"35693013324134","11.5","11.0","4.5","530.0","456.717","564.004","semi","2026-01-28T11:03:07.582Z","28-01-2026 16:33:07"
5083,"1490826577864013","15.8","12.5","7.4","50.0","1025.241","1457.934","semi","2026-01-28T11:03:04.118Z","28-01-2026 16:33:04"
5082,"27813710295013","16.2","12.4","5.8","110.0","673.376","1173.558","semi","2026-01-28T11:02:53.810Z","28-01-2026 16:32:53"
5081,"47383710097871","13.8","13.1","4.7","100.0","696.478","848.018","semi","2026-01-28T11:02:49.139Z","28-01-2026 16:32:49"
5080,"1490826574382143","24.3","23.0","6.6","170.0","2363.385","3672.418","semi","2026-01-28T11:02:40.695Z","28-01-2026 16:32:40"
5079,"1490826600464482","19.3","12.3","5.9","160.0","845.615","1409.913","semi","2026-01-28T11:02:35.511Z","28-01-2026 16:32:35"
5078,"47383710091593","14.4","12.1","6.7","100.0","375.135","1170.159","semi","2026-01-28T11:02:29.423Z","28-01-2026 16:32:29"
5077,"1490826568003253","15.0","14.6","3.7","80.00","433.954","819.350","semi","2026-01-28T11:02:26.393Z","28-01-2026 16:32:26"
5076,"1490826541380853","21.9","14.2","5.7","70.00","1082.730","1783.507","semi","2026-01-28T11:02:22.554Z","28-01-2026 16:32:22"
5075,"1490826545883474","19.9","17.8","8.1","230.0","1326.992","2869.345","semi","2026-01-28T11:02:18.744Z","28-01-2026 16:32:18"
5074,"47383710095572","19.7","14.7","2.7","200.0","488.100","788.213","semi","2026-01-28T11:02:15.053Z","28-01-2026 16:32:15"
5073,"47383710095185","17.7","11.2","7.6","230.0","832.114","1497.755","semi","2026-01-28T11:02:11.161Z","28-01-2026 16:32:11"
5072,"46568010068235","20.9","16.7","8.0","70.00","2048.004","2786.626","semi","2026-01-28T11:02:07.381Z","28-01-2026 16:32:07"
5071,"5662089476202","17.3","14.1","5.3","780.0","712.632","1297.814","semi","2026-01-28T11:02:02.910Z","28-01-2026 16:32:02"
5070,"1490826600857786","17.6","16.3","6.7","60.00","1308.086","1906.599","semi","2026-01-28T11:01:59.273Z","28-01-2026 16:31:59"
5069,"47383710093973","14.4","13.4","6.5","490.0","667.278","1251.433","semi","2026-01-28T11:01:54.725Z","28-01-2026 16:31:54"
5068,"NH503452","16.0","15.1","2.1","50.00","392.313","504.039","semi","2026-01-28T11:01:47.332Z","28-01-2026 16:31:47"
5067,"1490826525995811","25.9","22.1","3.0","80.00","1262.553","1704.050","semi","2026-01-28T11:01:37.228Z","28-01-2026 16:31:37"
5066,"1490826599467321","13.6","12.6","5.4","250.0","540.998","925.036","semi","2026-01-28T11:01:32.992Z","28-01-2026 16:31:32"
5065,"29254819644950","18.8","18.2","4.7","140.0","1143.539","1616.993","semi","2026-01-28T11:01:29.473Z","28-01-2026 16:31:29"
5064,"1490826574961500","13.0","9.2","3.9","150.0","410.844","467.333","semi","2026-01-28T11:01:22.536Z","28-01-2026 16:31:22"
5063,"5662089509043","14.2","11.6","7.1","100.0","696.282","1168.649","semi","2026-01-28T11:01:19.299Z","28-01-2026 16:31:19"
5062,"NH514755","18.3","12.7","5.7","150.0","796.788","1323.635","semi","2026-01-28T11:01:14.831Z","28-01-2026 16:31:14"
5061,"46568010069985","16.2","13.6","1.6","120.0","260.763","358.436","semi","2026-01-28T11:01:08.141Z","28-01-2026 16:31:08"
5060,"1490826574723566","19.0","18.6","4.2","40.0","972.941","1490.433","semi","2026-01-28T11:01:02.095Z","28-01-2026 16:31:02"
5059,"1490826575671506","18.0","13.5","6.2","80.00","902.515","1515.843","semi","2026-01-28T11:00:55.881Z","28-01-2026 16:30:55"
5058,"47383710086553","19.5","16.9","4.7","150.0","927.498","1557.176","semi","2026-01-28T11:00:52.629Z","28-01-2026 16:30:52"
5057,"1490826590803944","19.8","17.1","5.7","120.0","1147.759","1934.648","semi","2026-01-28T11:00:48.928Z","28-01-2026 16:30:48"
5056,"46568010069845","22.2","16.2","5.7","160.0","1261.427","2056.091","semi","2026-01-28T11:00:43.503Z","28-01-2026 16:30:43"
5055,"47383710090764","13.3","10.7","2.3","140.0","208.752","327.376","semi","2026-01-28T11:00:39.780Z","28-01-2026 16:30:39"
5054,"1490826565497080","15.5","14.8","3.2","60.00","344.173","742.453","semi","2026-01-28T11:00:34.283Z","28-01-2026 16:30:34"
5053,"1490826578605906","18.3","9.2","9.3","80.00","1455.001","1559.449","semi","2026-01-28T11:00:30.608Z","28-01-2026 16:30:30"
5052,"48338810013801","26.8","22.2","7.3","220.0","2202.112","4354.183","semi","2026-01-28T11:00:26.693Z","28-01-2026 16:30:26"
5051,"1490826558121390","16.2","14.7","6.3","310.0","1363.774","1514.054","semi","2026-01-28T11:00:22.490Z","28-01-2026 16:30:22"
5050,"1490826550737635","17.5","13.5","7.2","280.0","303.254","1693.310","semi","2026-01-28T11:00:19.069Z","28-01-2026 16:30:19"
5049,"46568010068180","14.9","12.0","5.0","150.0","836.154","894.264","semi","2026-01-28T11:00:15.620Z","28-01-2026 16:30:15"
5048,"1490826519507684","25.0","17.6","7.5","120.0","1895.553","3288.881","semi","2026-01-28T11:00:11.719Z","28-01-2026 16:30:11"
5047,"44547810034716","24.3","22.2","8.1","140.0","2935.875","4389.822","semi","2026-01-28T11:00:06.765Z","28-01-2026 16:30:06"
5046,"1490826590830916","16.5","10.0","3.6","490.0","390.832","596.030","semi","2026-01-28T10:59:57.608Z","28-01-2026 16:29:57"
5045,"1490826542804675","17.7","15.2","3.0","40.0","433.456","799.269","semi","2026-01-28T10:59:53.991Z","28-01-2026 16:29:53"
5044,"1490826584515892","18.5","12.5","5.5","70.0","775.862","1264.108","semi","2026-01-28T10:59:47.737Z","28-01-2026 16:29:47"
5043,"46568010066942","19.1","17.2","4.7","80.00","938.430","1555.141","semi","2026-01-28T10:59:44.158Z","28-01-2026 16:29:44"
5042,"1490826502883454","19.2","18.0","6.2","100.0","1343.578","2150.575","semi","2026-01-28T10:59:38.894Z","28-01-2026 16:29:38"
5041,"1490826564154771","19.6","7.8","7.8","170.0","618.972","1201.447","semi","2026-01-28T10:59:34.015Z","28-01-2026 16:29:34"
5040,"23056518382146","20.7","7.6","6.4","90.00","599.445","999.836","semi","2026-01-28T10:59:29.539Z","28-01-2026 16:29:29"
5039,"AYU3405242","21.1","8.1","6.9","100.0","705.204","1179.952","semi","2026-01-28T10:59:21.595Z","28-01-2026 16:29:21"
5038,"23056518383546","16.3","9.8","2.2","90.00","241.922","350.865","semi","2026-01-28T10:59:09.136Z","28-01-2026 16:29:09"
5037,"1490826541921076","29.3","24.4","4.2","60.0","1642.702","3017.290","semi","2026-01-28T10:59:05.039Z","28-01-2026 16:29:05"
5036,"1490826555574510","13.9","10.1","3.2","90.00","367.070","442.338","semi","2026-01-28T10:59:00.244Z","28-01-2026 16:29:00"
5035,"5662089472153","18.9","12.9","5.8","100.0","1184.802","1406.450","semi","2026-01-28T10:58:50.158Z","28-01-2026 16:28:50"
5034,"38261510926365","16.4","10.3","4.2","210.0","378.102","715.815","semi","2026-01-28T10:58:36.790Z","28-01-2026 16:28:36"
5033,"1490826586878300","25.2","23.8","2.7","80.00","1149.008","1634.449","semi","2026-01-28T10:58:31.856Z","28-01-2026 16:28:31"
5032,"1490826599033833","25.2","19.7","9.1","670.0","3083.433","4502.198","semi","2026-01-28T10:58:26.719Z","28-01-2026 16:28:26"
5031,"1490826577094643","22.4","21.8","8.3","530.0","2425.938","4068.719","semi","2026-01-28T10:58:21.429Z","28-01-2026 16:28:21"
5030,"1490826572962484","28.3","19.1","12.5","340.0","3986.497","6750.143","semi","2026-01-28T10:58:16.005Z","28-01-2026 16:28:16"
5029,"1490826582869186","21.3","15.2","3.8","240.0","1090.624","1239.186","semi","2026-01-28T10:58:11.428Z","28-01-2026 16:28:11"
5028,"22751811285314","22.1","18.5","6.3","790.0","1719.480","2567.774","semi","2026-01-28T10:58:07.292Z","28-01-2026 16:28:07"
5027,"46568010067992","19.9","16.2","6.6","330.0","1323.589","2129.467","semi","2026-01-28T10:58:03.081Z","28-01-2026 16:28:03"
5026,"14519135316071","20.0","19.8","4.7","80.0","1061.163","1873.901","semi","2026-01-28T10:57:59.035Z","28-01-2026 16:27:59"
5025,"1490826590818670","19.7","18.9","2.7","110.0","356.473","1014.503","semi","2026-01-28T10:57:54.729Z","28-01-2026 16:27:54"
5024,"1490826573061733","18.8","12.6","5.7","80.00","834.279","1354.018","semi","2026-01-28T10:57:41.799Z","28-01-2026 16:27:41"
5023,"47383710099374","17.2","14.7","9.6","90.00","1327.141","2425.575","semi","2026-01-28T10:57:36.542Z","28-01-2026 16:27:36"
5022,"47383710094102","14.9","10.9","4.3","300.0","317.175","703.393","semi","2026-01-28T10:57:32.639Z","28-01-2026 16:27:32"
5021,"1490826568009402","19.2","18.8","4.7","70.0","1141.529","1711.225","semi","2026-01-28T10:57:27.508Z","28-01-2026 16:27:27"
5020,"1490826590844975","21.5","17.6","8.2","140.0","1521.655","3110.097","semi","2026-01-28T10:57:20.448Z","28-01-2026 16:27:20"
5019,"47383710095594","19.0","16.5","5.2","310.0","1002.965","1634.061","semi","2026-01-28T10:57:16.053Z","28-01-2026 16:27:16"
5018,"1490826590808203","19.5","16.4","8.5","100.0","1297.403","2709.541","semi","2026-01-28T10:57:09.797Z","28-01-2026 16:27:09"
5017,"47383710098372","18.6","11.9","5.8","290.0","789.204","1280.387","semi","2026-01-28T10:57:05.393Z","28-01-2026 16:27:05"
5016,"47383710095421","19.2","13.5","5.5","90.00","794.647","1416.523","semi","2026-01-28T10:57:01.167Z","28-01-2026 16:27:01"
5015,"47383710096331","18.7","18.3","6.3","50.0","1393.378","2170.622","semi","2026-01-28T10:56:48.839Z","28-01-2026 16:26:48"
5014,"1490826590902121","17.7","13.6","5.4","180.0","788.157","1306.040","semi","2026-01-28T10:56:28.430Z","28-01-2026 16:26:28"
5013,"46568010069554","18.1","15.1","6.4","90.0","982.048","1753.450","semi","2026-01-28T10:56:21.293Z","28-01-2026 16:26:21"
5012,"27813710295142","27.6","12.1","10.0","50.0","2115.913","3356.772","semi","2026-01-28T10:56:17.702Z","28-01-2026 16:26:17"
5011,"14435517750886","18.2","17.4","6.2","470.00","1370.205","1962.452","semi","2026-01-28T10:56:11.002Z","28-01-2026 16:26:11"
5010,"1490826574851165","18.0","13.9","6.7","210.0","861.283","1676.583","semi","2026-01-28T10:56:04.495Z","28-01-2026 16:26:04"
5009,"47383710093645","16.5","14.3","5.9","140.0","831.923","1384.241","semi","2026-01-28T10:55:59.776Z","28-01-2026 16:25:59"
5008,"38223010073614","16.0","14.0","6.7","50.0","956.535","1515.389","semi","2026-01-28T10:55:55.804Z","28-01-2026 16:25:55"
5007,"27813710295131","14.8","9.4","3.8","90.00","360.229","530.805","semi","2026-01-28T10:55:47.902Z","28-01-2026 16:25:47"
5006,"1490826584220746","17.4","13.8","5.7","40.0","802.899","1365.142","semi","2026-01-28T10:55:38.449Z","28-01-2026 16:25:38"
5005,"47383710099282","18.0","12.2","5.3","90.0","785.251","1167.680","semi","2026-01-28T10:55:31.919Z","28-01-2026 16:25:31"
5004,"47383710091722","27.9","19.9","7.1","90.0","3020.305","3958.408","semi","2026-01-28T10:55:26.417Z","28-01-2026 16:25:26"
5003,"1490826599157011","17.2","14.9","4.0","450.00","505.219","1021.212","semi","2026-01-28T10:55:13.656Z","28-01-2026 16:25:13"
5002,"1490826576882543","18.5","14.5","1.6","40.0","369.446","426.911","semi","2026-01-28T10:55:06.775Z","28-01-2026 16:25:06"
5001,"1490826572246233","22.1","19.1","6.5","50.0","1410.955","2732.380","semi","2026-01-28T10:55:01.444Z","28-01-2026 16:25:01"
5000,"46568010070114","20.9","19.7","5.0","160.0","755.265","2049.749","semi","2026-01-28T10:54:56.740Z","28-01-2026 16:24:56"
4999,"1490826545880641","20.1","14.9","2.7","190.0","486.854","818.004","semi","2026-01-28T10:54:48.647Z","28-01-2026 16:24:48"
4998,"47383710091383","17.0","14.9","3.7","220.0","548.729","944.524","semi","2026-01-28T10:54:43.049Z","28-01-2026 16:24:43"
4997,"1490826556518235","22.2","16.6","6.5","60.0","1441.070","2392.859","semi","2026-01-28T10:54:39.388Z","28-01-2026 16:24:39"
4996,"47383710094566","17.3","15.7","3.0","210.0","452.659","807.294","semi","2026-01-28T10:54:34.850Z","28-01-2026 16:24:34"
4995,"1490826582088815","19.5","19.2","6.1","20.0","1492.699","2276.229","semi","2026-01-28T10:54:26.643Z","28-01-2026 16:24:26"
4994,"1490826590813836","11.8","6.2","9.1","190.0","612.734","662.203","semi","2026-01-28T10:54:19.412Z","28-01-2026 16:24:19"
4993,"1490826592131984","19.8","18.6","4.2","80.00","1012.669","1553.641","semi","2026-01-28T10:54:15.441Z","28-01-2026 16:24:15"
4992,"1490826590818655","22.2","18.8","7.5","100.0","2075.002","3118.845","semi","2026-01-28T10:54:03.895Z","28-01-2026 16:24:03"
4991,"47383710095793","23.0","17.8","7.5","190.0","1597.175","3052.172","semi","2026-01-28T10:53:59.751Z","28-01-2026 16:23:59"
4990,"47383710091206","16.6","16.2","5.5","220.0","787.900","1472.140","semi","2026-01-28T10:53:51.653Z","28-01-2026 16:23:51"
4989,"27813710295352","13.4","9.6","7.1","50.0","733.779","925.248","semi","2026-01-28T10:53:47.559Z","28-01-2026 16:23:47"
4988,"35693013311490","14.6","13.9","5.6","80.0","653.689","1131.247","semi","2026-01-28T10:53:43.672Z","28-01-2026 16:23:43"
4987,"39598620648805","15.1","14.7","4.5","90.0","684.426","1007.065","semi","2026-01-28T10:53:39.413Z","28-01-2026 16:23:39"
4986,"27813710295352","20.0","14.2","4.0","50.0","694.366","1129.493","semi","2026-01-28T10:53:32.418Z","28-01-2026 16:23:32"
4985,"1490826574571073","19.2","16.5","4.8","180.0","1112.420","1510.806","semi","2026-01-28T10:53:13.996Z","28-01-2026 16:23:13"
4984,"1490826590808225","16.6","14.8","5.7","90.00","755.362","1408.027","semi","2026-01-28T10:53:03.022Z","28-01-2026 16:23:03"
4983,"47383710099072","16.8","12.1","6.7","120.0","836.094","1363.835","semi","2026-01-28T10:52:58.056Z","28-01-2026 16:22:58"
4982,"1490826566902164","18.4","18.3","5.0","40.00","1096.468","1678.689","semi","2026-01-28T10:52:53.316Z","28-01-2026 16:22:53"
4981,"1490826590845476","11.0","8.5","3.6","100.0","264.449","333.389","semi","2026-01-28T10:52:49.147Z","28-01-2026 16:22:49"
4980,"1490826550161266","15.8","14.9","2.9","140.0","433.090","683.166","semi","2026-01-28T10:52:43.991Z","28-01-2026 16:22:43"
4979,"1490826568697550","12.5","9.6","3.8","40.00","411.808","461.246","semi","2026-01-28T10:52:40.314Z","28-01-2026 16:22:40"
4978,"5662089507772","15.6","9.6","7.3","100.0","823.505","1095.312","semi","2026-01-28T10:52:36.547Z","28-01-2026 16:22:36"
4977,"35693013313284","17.2","13.0","5.3","70.0","823.981","1192.116","semi","2026-01-28T10:52:33.020Z","28-01-2026 16:22:33"
4976,"46568010066426","21.5","20.5","11.5","150.0","3112.111","5097.067","semi","2026-01-28T10:52:28.676Z","28-01-2026 16:22:28"
4975,"1490826578020953","22.6","18.9","2.2","520.0","485.801","949.014","semi","2026-01-28T10:52:20.518Z","28-01-2026 16:22:20"
4974,"1490826596133755","22.4","17.4","5.0","120.0","1069.207","1931.665","semi","2026-01-28T10:52:16.373Z","28-01-2026 16:22:16"
4973,"280890189918712","18.7","14.6","5.8","100.0","883.376","1591.355","semi","2026-01-28T10:52:12.317Z","28-01-2026 16:22:12"
4972,"27813710295245","12.9","9.8","5.1","40.0","531.902","639.590","semi","2026-01-28T10:52:03.593Z","28-01-2026 16:22:03"
4971,"5662089517126","28.5","7.0","1.3","140.0","186.186","250.478","semi","2026-01-28T10:51:58.583Z","28-01-2026 16:21:58"
4970,"1490826595934550","14.6","9.9","3.6","420.0","450.763","519.060","semi","2026-01-28T10:51:51.232Z","28-01-2026 16:21:51"
4969,"5662089494833","17.6","16.6","5.0","100.0","864.448","1454.607","semi","2026-01-28T10:51:44.880Z","28-01-2026 16:21:44"
4968,"1490826541388310","16.0","11.3","6.4","170.0","737.592","1151.596","semi","2026-01-28T10:51:33.381Z","28-01-2026 16:21:33"
4967,"46568010068073","16.4","13.3","5.5","90.0","696.963","1193.900","semi","2026-01-28T10:51:27.569Z","28-01-2026 16:21:27"
4966,"44172610377156","15.6","11.1","6.8","100.0","651.775","1183.447","semi","2026-01-28T10:51:22.083Z","28-01-2026 16:21:22"
4965,"31411210112626","19.4","12.8","6.0","90.00","934.737","1485.030","semi","2026-01-28T10:51:16.643Z","28-01-2026 16:21:16"
4964,"46568010069930","17.1","16.2","5.5","120.0","735.597","1511.505","semi","2026-01-28T10:51:12.512Z","28-01-2026 16:21:12"
4963,"27813710295352","17.3","14.1","6.5","50.00","768.596","1580.193","semi","2026-01-28T10:51:08.494Z","28-01-2026 16:21:08"
4962,"46568010068320","19.0","13.4","6.0","150.0","855.997","1521.554","semi","2026-01-28T10:51:04.302Z","28-01-2026 16:21:04"
4961,"46568010069311","19.9","18.4","4.2","90.0","1066.047","1553.719","semi","2026-01-28T10:51:00.730Z","28-01-2026 16:21:00"
4960,"1490826590883722","14.7","14.3","4.5","100.0","588.760","943.992","semi","2026-01-28T10:50:57.020Z","28-01-2026 16:20:57"
4959,"1490826517639104","22.2","18.7","5.7","100.0","1545.441","2357.587","semi","2026-01-28T10:50:51.376Z","28-01-2026 16:20:51"
4958,"GC ID-0125350","19.3","13.6","5.5","200.0","700.087","1434.683","semi","2026-01-28T10:50:47.930Z","28-01-2026 16:20:47"
4957,"47383710097112","14.7","13.9","6.0","150.0","778.986","1220.353","semi","2026-01-28T10:50:44.033Z","28-01-2026 16:20:44"
4956,"44172610377904","17.4","15.7","6.7","50.0","1214.969","1827.290","semi","2026-01-28T10:50:39.797Z","28-01-2026 16:20:39"
4955,"1490826587342923","18.2","13.4","6.9","260.0","902.019","1694.145","semi","2026-01-28T10:50:35.561Z","28-01-2026 16:20:35"
4954,"47383710094706","22.1","15.2","6.8","150.0","1379.107","2286.782","semi","2026-01-28T10:50:31.913Z","28-01-2026 16:20:31"
4953,"47383710098814","20.6","14.8","6.5","200.0","1348.924","1974.996","semi","2026-01-28T10:50:28.333Z","28-01-2026 16:20:28"
4952,"46568010069720","18.1","12.0","5.7","140.0","867.627","1240.052","semi","2026-01-28T10:50:21.141Z","28-01-2026 16:20:21"
4951,"46568010066916","17.8","11.9","6.8","90.0","770.708","1440.253","semi","2026-01-28T10:50:13.381Z","28-01-2026 16:20:13"
4950,"46568010067981","18.5","17.7","4.7","150.0","958.054","1551.380","semi","2026-01-28T10:50:06.341Z","28-01-2026 16:20:06"
4949,"1490826574966993","19.6","13.4","5.7","80.00","893.386","1489.613","semi","2026-01-28T10:50:01.438Z","28-01-2026 16:20:01"
4948,"46568010066710","17.7","13.2","5.7","150.0","759.587","1342.296","semi","2026-01-28T10:49:55.550Z","28-01-2026 16:19:55"
4947,"152980550925035","18.9","12.6","6.4","50.0","917.333","1526.779","semi","2026-01-28T10:49:50.987Z","28-01-2026 16:19:50"
4946,"47383710098991","16.5","12.8","6.2","50.0","751.078","1316.459","semi","2026-01-28T10:49:45.122Z","28-01-2026 16:19:45"
4945,"152980550925035","14.3","13.4","1.8","50.0","197.315","340.240","semi","2026-01-28T10:49:38.107Z","28-01-2026 16:19:38"
4944,"1490826568361830","18.9","16.1","5.3","20.0","914.948","1620.817","semi","2026-01-28T10:49:33.504Z","28-01-2026 16:19:33"
4943,"1490826585934000","12.3","12.1","5.8","90.0","474.728","864.742","semi","2026-01-28T10:49:29.991Z","28-01-2026 16:19:29"
4942,"1490826541540652","15.0","11.1","5.7","150.0","740.298","955.237","semi","2026-01-28T10:49:25.013Z","28-01-2026 16:19:25"
4941,"1490826591997934","15.1","13.9","5.4","110.0","753.819","1135.001","semi","2026-01-28T10:49:20.993Z","28-01-2026 16:19:20"
4940,"1490826541388785","19.7","17.8","6.8","160.0","1482.482","2377.676","semi","2026-01-28T10:49:17.794Z","28-01-2026 16:19:17"
4939,"46568010063243","18.3","14.0","6.2","150.0","861.413","1580.189","semi","2026-01-28T10:49:13.406Z","28-01-2026 16:19:13"
4938,"47383710092853","15.5","9.4","4.1","140.0","464.749","592.720","semi","2026-01-28T10:49:09.670Z","28-01-2026 16:19:09"
4937,"34323019496583","13.7","10.9","5.4","150.0","607.301","807.884","semi","2026-01-28T10:49:06.384Z","28-01-2026 16:19:06"
4936,"46568010066964","17.5","13.1","6.2","290.0","807.526","1431.587","semi","2026-01-28T10:49:03.358Z","28-01-2026 16:19:03"
4935,"46568010067141","20.2","18.7","7.2","150.0","1459.793","2724.440","semi","2026-01-28T10:48:59.573Z","28-01-2026 16:18:59"
4934,"47383710099186","14.7","10.8","5.1","190.0","737.149","813.640","semi","2026-01-28T10:48:53.528Z","28-01-2026 16:18:53"
4933,"1490826535560401","11.3","7.5","12.4","130.0","605.432","1047.751","semi","2026-01-28T10:48:48.373Z","28-01-2026 16:18:48"
4932,"1490826576795511","12.9","11.0","6.2","60.00","699.932","874.403","semi","2026-01-28T10:48:39.390Z","28-01-2026 16:18:39"
4931,"1490826576795441","16.4","15.1","6.0","60.0","898.203","1493.666","semi","2026-01-28T10:48:26.181Z","28-01-2026 16:18:26"
4930,"1490826541388273","18.5","12.6","4.5","160.0","691.185","1051.937","semi","2026-01-28T10:48:20.050Z","28-01-2026 16:18:20"
4929,"13409617238046","14.0","8.7","3.5","80.0","368.396","425.986","semi","2026-01-28T10:48:14.364Z","28-01-2026 16:18:14"
4928,"1490826585672760","17.5","15.5","8.2","90.0","1580.185","2224.119","semi","2026-01-28T10:48:09.473Z","28-01-2026 16:18:09"
4927,"46568010068482","18.8","13.4","5.4","140.0","819.363","1364.904","semi","2026-01-28T10:48:03.402Z","28-01-2026 16:18:03"
4926,"46568010069985","18.4","11.8","5.9","120.0","790.004","1284.235","semi","2026-01-28T10:47:58.158Z","28-01-2026 16:17:58"
4925,"46568010069182","18.4","11.8","5.9","110.0","790.004","1284.235","semi","2026-01-28T10:47:38.822Z","28-01-2026 16:17:38"
4924,"1490826598315036","14.5","7.8","4.0","340.0","203.426","447.376","semi","2026-01-28T10:02:27.217Z","28-01-2026 15:32:27"
4923,"1490826598578564","21.8","17.8","4.2","30.0.0","1070.066","1636.741","semi","2026-01-28T10:00:29.225Z","28-01-2026 15:30:29"
4922,"1490826588878491","10.1","9.8","4.3","180.0","387.647","434.668","semi","2026-01-28T10:00:21.615Z","28-01-2026 15:30:21"
4921,"33808515764452","18.0","7.2","3.2","70.0","204.296","416.306","semi","2026-01-28T10:00:15.243Z","28-01-2026 15:30:15"
4920,"1490826599578956","11.2","10.8","7.0","90.000","617.081","849.651","semi","2026-01-28T10:00:12.150Z","28-01-2026 15:30:12"
4919,"1490826591075533","14.7","14.2","5.2","80.0","421.171","1085.567","semi","2026-01-28T10:00:01.514Z","28-01-2026 15:30:01"
4918,"44031710002236","16.1","15.3","2.7","60.0","301.567","670.576","semi","2026-01-28T09:59:55.356Z","28-01-2026 15:29:55"
4917,"1490826556995554","41.3","12.6","4.0","40.0","1217.076","2063.951","semi","2026-01-28T09:59:51.619Z","28-01-2026 15:29:51"
4916,"1490826580107771","41.3","12.6","4.0","180.00","1217.076","2063.951","semi","2026-01-28T09:59:47.058Z","28-01-2026 15:29:47"
4915,"1490826562329602","17.9","8.1","3.4","250.0","350.940","498.654","semi","2026-01-28T09:59:32.937Z","28-01-2026 15:29:32"
4914,"2535229797841","12.6","12.1","4.5","140.0","480.827","682.802","semi","2026-01-28T09:59:28.484Z","28-01-2026 15:29:28"
4913,"1490826541927656","20.9","18.8","7.2","300.0","1596.685","2843.297","semi","2026-01-28T09:59:24.373Z","28-01-2026 15:29:24"
4912,"47383710096795","25.8","12.7","5.5","300.0","812.777","1797.668","semi","2026-01-28T09:59:19.136Z","28-01-2026 15:29:19"
4911,"1490826542506475","46.4","18.3","5.2","160.000","1962.720","4444.457","semi","2026-01-28T09:59:12.813Z","28-01-2026 15:29:12"
4910,"1490826572911981","30.2","28.8","3.5","150.0","2032.965","3021.502","semi","2026-01-28T09:59:02.801Z","28-01-2026 15:29:02"
4909,"27895710996855","21.3","19.5","4.7","160.0","1230.402","1962.412","semi","2026-01-28T09:58:56.544Z","28-01-2026 15:28:56"
4908,"1490826526661986","34.5","27.6","9.6","70.0","8329.422","9155.610","semi","2026-01-28T09:58:47.181Z","28-01-2026 15:28:47"
4907,"86449U6969723","34.5","27.6","9.6","1730.0","8329.422","9155.610","semi","2026-01-28T09:58:41.884Z","28-01-2026 15:28:41"
4906,"21025853597831","22.3","22.3","3.7","90.0","1097.717","1845.506","semi","2026-01-28T09:28:18.114Z","28-01-2026 14:58:18"
4905,"142285174962630","17.3","14.0","3.2","150.0","509.327","785.618","semi","2026-01-28T09:27:59.729Z","28-01-2026 14:57:59"
4904,"1490826601855511","19.4","14.8","2.2","60.0","395.304","642.173","semi","2026-01-28T09:27:55.462Z","28-01-2026 14:57:55"
4903,"1490826528239672","15.3","13.4","5.6","40.0","662.767","1139.852","semi","2026-01-28T09:27:50.810Z","28-01-2026 14:57:50"
4902,"4485031000419624","13.3","10.3","6.7","50.0","659.780","915.695","semi","2026-01-28T09:27:45.656Z","28-01-2026 14:57:45"
4901,"1490826474045182","25.0","23.6","2.7","170.0","708.434","1605.422","semi","2026-01-28T09:27:26.763Z","28-01-2026 14:57:26"
4900,"1490826589336394","19.0","14.6","2.7","130.0","400.431","757.655","semi","2026-01-28T09:27:21.644Z","28-01-2026 14:57:21"
4899,"1490826576080030","18.6","12.5","4.7","30.0","621.643","1092.190","semi","2026-01-28T09:27:18.050Z","28-01-2026 14:57:18"
4898,"1490826578162250","28.4","25.0","3.2","80.0","1349.840","2286.041","semi","2026-01-28T09:27:13.618Z","28-01-2026 14:57:13"
4897,"284931123459032","15.7","11.5","3.6","100.0","392.720","651.714","semi","2026-01-28T09:27:09.247Z","28-01-2026 14:57:09"
4896,"1490826542804675","22.0","17.5","7.8","40.0","1877.564","2998.723","semi","2026-01-28T09:27:04.336Z","28-01-2026 14:57:04"
4895,"44547810034705","22.6","14.5","3.9","100.0","1106.509","1277.258","semi","2026-01-28T09:26:59.662Z","28-01-2026 14:56:59"
4894,"22751811285314","17.9","12.5","6.6","800.0","943.101","1484.280","semi","2026-01-28T09:26:40.462Z","28-01-2026 14:56:40"
4893,"46568010068235","18.9","12.8","5.5","60.0","773.435","1321.738","semi","2026-01-28T09:26:36.241Z","28-01-2026 14:56:36"
4892,"KD1770","20.9","17.6","8.2","50.00","1678.992","3004.180","semi","2026-01-28T09:26:31.320Z","28-01-2026 14:56:31"
4891,"44547810034705","20.7","18.6","8.7","100.0","2377.861","3368.607","semi","2026-01-28T09:26:25.853Z","28-01-2026 14:56:25"
4890,"1490826599151201","14.7","13.2","1.8","360.0","217.659","345.760","semi","2026-01-28T09:26:16.969Z","28-01-2026 14:56:16"
4889,"1490826556995926","19.6","18.5","3.7","40.0","835.017","1349.436","semi","2026-01-28T09:26:12.404Z","28-01-2026 14:56:12"
4888,"1490826575671506","20.1","19.7","3.2","90.0","754.496","1277.885","semi","2026-01-28T09:26:08.693Z","28-01-2026 14:56:08"
4887,"1490826541353833","21.2","15.7","7.6","190.0","1360.351","2518.271","semi","2026-01-28T09:26:05.138Z","28-01-2026 14:56:05"
4886,"14519135316071","19.9","17.3","4.2","90.00","936.956","1452.855","semi","2026-01-28T09:26:00.906Z","28-01-2026 14:56:00"
4885,"1490826502631104","25.8","18.4","1.5","120.0","495.698","705.138","semi","2026-01-28T09:25:43.999Z","28-01-2026 14:55:43"
4884,"1490826576036243","15.8","10.9","1.9","110.0","250.072","328.179","semi","2026-01-28T09:25:40.506Z","28-01-2026 14:55:40"
4883,"1490826541921076","17.3","14.5","1.8","60.0","292.655","450.312","semi","2026-01-28T09:25:36.723Z","28-01-2026 14:55:36"
4882,"1490826574723566","24.1","17.7","6.9","30.0","1866.890","2933.196","semi","2026-01-28T09:25:32.545Z","28-01-2026 14:55:32"
4881,"44547810034716","15.7","15.3","3.2","140.0","423.058","775.093","semi","2026-01-28T09:25:28.448Z","28-01-2026 14:55:28"
4880,"1490826525995811","18.7","17.6","6.9","80.0","1563.031","2281.618","semi","2026-01-28T09:25:24.027Z","28-01-2026 14:55:24"
4879,"1490826557534506","17.3","9.7","5.3","200.0","754.154","891.631","semi","2026-01-28T09:25:19.990Z","28-01-2026 14:55:19"
4878,"1490826584647083","17.9","14.7","3.2","210.0","534.717","847.762","semi","2026-01-28T09:25:15.887Z","28-01-2026 14:55:15"
4877,"1490826594671341","26.3","21.9","4.3","40.0","1617.012","2484.441","semi","2026-01-28T09:25:12.268Z","28-01-2026 14:55:12"
4876,"1490826597102474","16.3","14.9","6.3","260.0","1394.932","1516.678","semi","2026-01-28T09:25:07.120Z","28-01-2026 14:55:07"
4875,"1490826550737635","20.9","18.5","5.2","280.0","1056.925","2025.226","semi","2026-01-28T09:24:30.455Z","28-01-2026 14:54:30"
4874,"1490826613745232","45.9","21.6","7.3","120.0","4634.479","7252.626","semi","2026-01-28T09:24:23.396Z","28-01-2026 14:54:23"
4873,"1490826572860144","22.4","11.4","29.5","840.0","3393.642","7531.157","semi","2026-01-28T09:24:16.915Z","28-01-2026 14:54:16"
4872,"1490826525831650","22.6","20.9","4.2","180.0","1207.651","1988.901","semi","2026-01-28T09:24:12.957Z","28-01-2026 14:54:12"
4871,"1490826589891435","26.6","22.2","2.7","250.0","1071.576","1610.758","semi","2026-01-28T09:24:07.615Z","28-01-2026 14:54:07"
4870,"1490826599467321","22.0","22.0","3.7","250.0","1289.719","1801.453","semi","2026-01-28T09:24:02.591Z","28-01-2026 14:54:02"
4869,"142285175233736","23.6","21.4","8.0","140.0","2842.077","4045.093","semi","2026-01-28T09:23:58.550Z","28-01-2026 14:53:58"
4868,"1490826590830916","32.5","28.1","6.6","490.0","3947.258","6057.244","semi","2026-01-28T09:23:53.844Z","28-01-2026 14:53:53"
4867,"1490826524055562","23.9","20.8","7.1","440.0","2495.203","3548.734","semi","2026-01-28T09:23:48.701Z","28-01-2026 14:53:48"
4866,"1490826541343112","22.3","22.1","7.9","570.0","2458.876","3878.697","semi","2026-01-28T09:23:42.306Z","28-01-2026 14:53:42"
4865,"1490826572962484","19.7","15.5","6.8","330.0","1616.391","2077.757","semi","2026-01-28T09:23:37.046Z","28-01-2026 14:53:37"
4864,"1490826573134894","27.4","23.8","3.8","400.0","1576.371","2500.253","semi","2026-01-28T09:23:31.167Z","28-01-2026 14:53:31"
4863,"1490826525048486","19.9","14.7","6.6","170.0","1538.510","1937.345","semi","2026-01-28T09:22:39.527Z","28-01-2026 14:52:39"
4862,"1490826573134894","23.2","22.2","8.2","400.0","2497.522","4237.522","semi","2026-01-28T09:22:34.861Z","28-01-2026 14:52:34"
4861,"1490826572962484","25.4","20.0","8.7","330.0","3205.465","4439.147","semi","2026-01-28T09:22:30.684Z","28-01-2026 14:52:30"
4860,"1490826577094643","34.9","29.7","3.0","520.0","1467.546","3087.438","semi","2026-01-28T09:22:25.896Z","28-01-2026 14:52:25"
4859,"11259152677146","19.6","18.3","3.2","220.0","730.455","1156.831","semi","2026-01-28T09:22:20.639Z","28-01-2026 14:52:20"
4858,"7269564143085","17.7","14.0","4.5","30.0","616.868","1112.396","semi","2026-01-28T09:22:16.899Z","28-01-2026 14:52:16"
4857,"1490826600857786","15.6","14.9","5.5","70.0","807.332","1275.599","semi","2026-01-28T09:22:09.511Z","28-01-2026 14:52:09"
4856,"44172610377392","28.5","20.7","12.8","50.0","4020.841","7524.871","semi","2026-01-28T09:21:56.755Z","28-01-2026 14:51:56"
4855,"1490826582869186","16.9","14.5","4.2","230.0","443.412","1030.319","semi","2026-01-28T09:21:52.854Z","28-01-2026 14:51:52"
4854,"1490826586878300","14.2","12.2","5.4","70.00","520.266","931.658","semi","2026-01-28T09:21:48.293Z","28-01-2026 14:51:48"
4853,"34323019644950","38.7","24.4","12.5","140.0","7956.900","11762.641","semi","2026-01-28T09:21:42.102Z","28-01-2026 14:51:42"
4852,"20736017811554","24.2","23.9","2.7","750.0","1076.032","1574.013","semi","2026-01-28T09:21:32.566Z","28-01-2026 14:51:32"
4851,"1490826599033833","25.9","21.8","7.6","660.0","2943.850","4315.720","semi","2026-01-28T09:21:25.731Z","28-01-2026 14:51:25"
4850,"1490826558121390","29.6","25.1","4.5","300.0","2133.740","3325.872","semi","2026-01-28T09:21:21.759Z","28-01-2026 14:51:21"
4849,"1490826555574510","19.1","14.7","5.9","100.0","1208.258","1644.228","semi","2026-01-28T09:21:16.162Z","28-01-2026 14:51:16"
4848,"38261510926365","19.3","11.7","12.0","200.0","2594.324","2688.526","semi","2026-01-28T09:21:12.988Z","28-01-2026 14:51:12"
4847,"2535229173371","18.3","18.0","4.2","560.0","931.141","1393.274","semi","2026-01-28T09:21:09.561Z","28-01-2026 14:51:09"
4846,"1490826534806383","19.8","17.8","6.0","100.0","1427.348","2124.191","semi","2026-01-28T09:21:04.284Z","28-01-2026 14:51:04"
4845,"1490826564154771","18.8","9.2","9.8","170.0","1513.717","1688.457","semi","2026-01-28T09:21:00.593Z","28-01-2026 14:51:00"
4844,"48338810013801","16.3","13.1","3.8","210.0","477.701","805.901","semi","2026-01-28T09:20:54.700Z","28-01-2026 14:50:54"
4843,"1490826575696931","15.1","11.9","5.1","70.0","828.690","911.490","semi","2026-01-28T09:20:51.719Z","28-01-2026 14:50:51"
4842,"1490826519507684","13.0","10.2","3.8","120.0","433.513","503.750","semi","2026-01-28T09:20:47.573Z","28-01-2026 14:50:47"
4841,"5662089472153","19.2","11.8","4.2","100.0","395.837","962.446","semi","2026-01-28T09:20:43.873Z","28-01-2026 14:50:43"
4840,"1490826586878300","17.9","9.1","9.8","70.0","1458.921","1597.202","semi","2026-01-28T09:15:48.513Z","28-01-2026 14:45:48"
4839,"48338810013801","21.0","11.4","12.2","210.0","2659.302","2919.159","semi","2026-01-28T09:15:37.543Z","28-01-2026 14:45:37"
4838,"2535229173371","27.1","22.5","7.3","560.0","2957.759","4447.012","semi","2026-01-28T09:14:10.377Z","28-01-2026 14:44:10"
4837,"1490826558121390","36.8","23.2","13.0","310.0","8257.377","11071.314","semi","2026-01-28T09:14:05.786Z","28-01-2026 14:44:05"
4836,"20736017811554","34.3","27.7","9.6","740.0","8245.347","9150.589","semi","2026-01-28T09:14:01.651Z","28-01-2026 14:44:01"
4835,"938382517","24.3","12.1","12.7","1740.0","3303.911","3733.253","semi","2026-01-28T09:13:52.431Z","28-01-2026 14:43:52"
4834,"48815510000313","16.2","14.1","6.5","860.0","749.390","1489.356","semi","2026-01-28T09:13:37.810Z","28-01-2026 14:43:37"
4833,"44172610377392","16.7","13.4","5.5","50.0","567.956","1224.147","semi","2026-01-28T09:13:32.235Z","28-01-2026 14:43:32"
4832,"1490826600857786","16.7","8.7","7.8","70.0","737.722","1129.766","semi","2026-01-28T09:13:25.110Z","28-01-2026 14:43:25"
4831,"7269563842004","16.2","14.5","5.8","120.0","754.907","1368.956","semi","2026-01-28T09:12:40.212Z","28-01-2026 14:42:40"
4830,"44172610377985","19.5","18.0","6.1","50.0","1413.861","2153.084","semi","2026-01-28T09:12:35.722Z","28-01-2026 14:42:35"
4829,"1490826564154771","19.1","18.1","6.9","170.0","1592.905","2388.726","semi","2026-01-28T09:12:29.194Z","28-01-2026 14:42:29"
4828,"1490826557534506","18.6","18.2","4.5","200.0","998.215","1510.074","semi","2026-01-28T09:12:25.221Z","28-01-2026 14:42:25"
4827,"1490826534806383","12.5","10.3","3.6","100.0","412.655","463.648","semi","2026-01-28T09:12:21.617Z","28-01-2026 14:42:21"
4826,"5662089472153","13.8","12.4","5.6","100.0","540.731","955.057","semi","2026-01-28T09:12:18.397Z","28-01-2026 14:42:18"
4825,"34323019644950","20.9","13.7","3.5","130.0","504.914","994.916","semi","2026-01-28T09:12:14.842Z","28-01-2026 14:42:14"
4824,"1490826564427174","15.2","10.4","3.0","40.0","232.546","469.442","semi","2026-01-28T09:12:07.099Z","28-01-2026 14:42:07"
4823,"1490826570610753","20.1","15.8","6.4","20.00","1373.743","2021.485","semi","2026-01-28T09:12:02.840Z","28-01-2026 14:42:02"
4822,"1490826583551594","13.2","7.5","5.8","200.0","513.118","573.152","semi","2026-01-28T09:11:59.478Z","28-01-2026 14:41:59"
4821,"13624628459254","15.2","12.0","5.0","140.0","735.901","922.078","semi","2026-01-28T09:11:54.106Z","28-01-2026 14:41:54"
4820,"1490826519507684","40.9","12.1","4.0","110.0","1216.938","1973.882","semi","2026-01-28T09:11:42.656Z","28-01-2026 14:41:42"
4819,"1490826580107771","19.0","14.9","5.9","170.0","1238.947","1664.814","semi","2026-01-28T09:11:15.519Z","28-01-2026 14:41:15"
4818,"38261510926365","24.7","24.0","2.7","190.0","1111.927","1617.024","semi","2026-01-28T09:11:11.486Z","28-01-2026 14:41:11"
4817,"1490826599033833","21.6","15.1","3.8","650.0","1094.059","1246.032","semi","2026-01-28T09:11:07.947Z","28-01-2026 14:41:07"
4816,"22751811285314","29.3","24.6","4.2","770.0","2123.058","3038.280","semi","2026-01-28T09:11:04.075Z","28-01-2026 14:41:04"
4815,"1490826555574510","14.9","12.1","5.0","70.0","829.933","898.452","semi","2026-01-28T09:10:59.907Z","28-01-2026 14:40:59"
4814,"1490826519675150","16.8","12.6","5.0","80.0","570.099","1051.634","semi","2026-01-28T09:10:55.861Z","28-01-2026 14:40:55"
4813,"1490826575696931","20.9","20.1","3.7","50.0","848.930","1560.777","semi","2026-01-28T09:10:51.779Z","28-01-2026 14:40:51"
4812,"1490826541353833","15.6","10.2","1.8","160.0","216.224","289.567","semi","2026-01-28T09:08:27.695Z","28-01-2026 14:38:27"
4811,"1490826541921076","15.4","12.3","3.2","40.0","351.412","602.049","semi","2026-01-28T09:08:23.040Z","28-01-2026 14:38:23"
4810,"1490826573684000","21.8","18.1","7.1","20.0","1700.265","2784.861","semi","2026-01-28T09:08:17.831Z","28-01-2026 14:38:17"
4809,"4738371009679574","12.6","9.6","1.8","290.00","178.045","218.904","semi","2026-01-28T09:08:14.039Z","28-01-2026 14:38:14"
4808,"1490826517202713","17.4","14.2","3.2","","475.902","793.747","semi","2026-01-28T09:07:57.026Z","28-01-2026 14:37:57"
4807,"1490826601855511","17.4","14.2","3.2","30.00","475.902","793.747","semi","2026-01-28T09:07:52.678Z","28-01-2026 14:37:52"
4806,"1490826562329602","21.1","12.7","3.5","230.0","429.821","927.969","semi","2026-01-28T09:07:47.311Z","28-01-2026 14:37:47"
4805,"1490826528239425","17.8","14.3","3.7","","601.465","947.144","semi","2026-01-28T09:07:41.938Z","28-01-2026 14:37:41"
4804,"1490826573171154","18.9","16.8","5.9","","1210.289","1886.965","semi","2026-01-28T09:07:35.836Z","28-01-2026 14:37:35"
4803,"1490826573200241","18.6","17.7","4.4","360.0","988.063","1457.073","semi","2026-01-28T09:07:30.472Z","28-01-2026 14:37:30"
4802,"1490826555983800","16.7","15.9","2.5","150.0","301.515","658.628","semi","2026-01-28T09:07:26.587Z","28-01-2026 14:37:26"
4801,"1490826545131895","18.6","14.5","3.0","","437.943","803.346","semi","2026-01-28T09:07:20.794Z","28-01-2026 14:37:20"
4800,"1490826528238703","16.9","15.0","3.2","40.0","421.572","818.106","semi","2026-01-28T09:07:15.599Z","28-01-2026 14:37:15"
4799,"1490826535256100","15.0","10.3","4.9","30.0","455.465","753.837","semi","2026-01-28T09:07:09.567Z","28-01-2026 14:37:09"
4798,"1490826541927656","12.8","12.4","4.2","290.0","351.778","672.296","semi","2026-01-28T09:07:04.324Z","28-01-2026 14:37:04"
4797,"1490826584475196","15.7","14.9","4.3","50.0","628.485","995.089","semi","2026-01-28T09:06:59.682Z","28-01-2026 14:36:59"
4796,"1490826573039576","23.2","13.7","3.7","310.0","390.209","1183.521","semi","2026-01-28T09:06:55.854Z","28-01-2026 14:36:55"
4795,"1490826591334242","14.1","8.9","2.6","30.0","257.945","325.210","semi","2026-01-28T09:06:50.507Z","28-01-2026 14:36:50"
4794,"34072310516574","14.5","12.5","5.9","150.0","674.971","1073.232","semi","2026-01-28T09:06:43.712Z","28-01-2026 14:36:43"
4793,"1490826541297472","15.9","15.7","3.5","40.0","597.090","866.894","semi","2026-01-28T09:06:38.694Z","28-01-2026 14:36:38"
4792,"1490826566928985","15.9","15.7","3.5","110.0","597.090","866.894","semi","2026-01-28T09:06:32.273Z","28-01-2026 14:36:32"
4791,"1490826599578956","14.8","13.9","6.6","100.0","838.298","1363.798","semi","2026-01-28T09:06:27.296Z","28-01-2026 14:36:27"
4790,"33884210087231","13.1","11.6","7.0","160.0","608.397","1055.471","semi","2026-01-28T09:06:22.158Z","28-01-2026 14:36:22"
4789,"7269564245543","15.5","11.9","5.4","190.0","708.192","1002.193","semi","2026-01-28T09:06:13.655Z","28-01-2026 14:36:13"
4788,"1490826598021714","26.1","22.3","2.7","160.0","1022.335","1584.296","semi","2026-01-28T09:06:06.776Z","28-01-2026 14:36:06"
4787,"1490826599467321","18.4","14.9","3.7","240.0","466.286","1020.013","semi","2026-01-28T09:05:54.832Z","28-01-2026 14:35:54"
4786,"1490826557001843","10.3","7.8","4.3","30.0","276.995","346.751","semi","2026-01-28T09:05:50.210Z","28-01-2026 14:35:50"
4785,"1490826561015190","31.2","29.5","8.2","60.0","4152.364","7581.470","semi","2026-01-28T09:05:46.508Z","28-01-2026 14:35:46"
4784,"1490826524055562","25.9","22.4","4.2","370.0","1206.761","2455.452","semi","2026-01-28T09:05:35.204Z","28-01-2026 14:35:35"
4783,"1490826576459905","16.5","14.9","5.2","220.0","711.878","1285.190","semi","2026-01-28T09:05:30.306Z","28-01-2026 14:35:30"
4782,"7269564228146","18.6","15.1","1.6","70.00","376.554","460.219","semi","2026-01-28T09:05:26.309Z","28-01-2026 14:35:26"
4781,"1490826598386296","16.3","7.4","7.1","140.0","772.123","854.243","semi","2026-01-28T09:05:21.964Z","28-01-2026 14:35:21"
4780,"41332216564294","21.7","19.4","4.0","100.0","917.789","1669.957","semi","2026-01-28T09:05:17.814Z","28-01-2026 14:35:17"
4779,"1490826571023543","24.8","22.9","3.0","190.0","794.481","1686.017","semi","2026-01-28T09:05:12.977Z","28-01-2026 14:35:12"
4778,"1490826589336394","17.0","11.5","6.9","140.0","981.495","1355.126","semi","2026-01-28T09:05:08.877Z","28-01-2026 14:35:08"
4777,"8740029738073","15.1","8.9","4.2","440.0","255.675","564.375","semi","2026-01-28T09:05:04.999Z","28-01-2026 14:35:04"
4776,"1490826599280701","25.0","19.5","7.1","80.0","2344.201","3472.023","semi","2026-01-28T09:05:00.959Z","28-01-2026 14:35:00"
4775,"2535227867720","23.5","21.6","7.7","380.0","2899.015","3933.285","semi","2026-01-28T09:04:56.658Z","28-01-2026 14:34:56"
4774,"1490826590830916","25.4","17.2","7.5","490.0","2183.526","3252.723","semi","2026-01-28T09:04:51.643Z","28-01-2026 14:34:51"
4773,"44547810034716","31.0","21.1","2.2","150.0","706.069","1456.482","semi","2026-01-28T09:04:46.939Z","28-01-2026 14:34:46"
4772,"11346313702602","19.1","18.8","3.5","170.0","828.176","1245.877","semi","2026-01-28T09:04:42.826Z","28-01-2026 14:34:42"
4771,"1490826575671506","19.2","17.1","4.0","80.0","609.877","1304.366","semi","2026-01-28T09:04:36.736Z","28-01-2026 14:34:36"
4770,"1490826591340343","16.4","13.7","5.0","40.0","720.660","1119.334","semi","2026-01-28T09:04:30.743Z","28-01-2026 14:34:30"
4769,"1490826558754945","15.7","15.7","5.5","390.0","659.297","1345.533","semi","2026-01-28T09:04:25.976Z","28-01-2026 14:34:25"
4768,"1490826537244402","25.8","16.2","7.7","50.0","1751.491","3200.778","semi","2026-01-28T09:03:51.742Z","28-01-2026 14:33:51"
4767,"44547810034716","19.8","9.4","6.5","140.0","802.334","1209.074","semi","2026-01-28T09:03:48.027Z","28-01-2026 14:33:48"
4766,"1490826525831650","13.1","10.9","3.5","180.0","346.554","504.938","semi","2026-01-28T09:03:43.793Z","28-01-2026 14:33:43"
4765,"1490826542804675","15.0","13.9","1.6","40.0","243.255","327.730","semi","2026-01-28T09:03:39.084Z","28-01-2026 14:33:39"
4764,"1490826574723566","32.4","8.7","23.0","40.0","1454.127","6496.981","semi","2026-01-28T09:03:34.964Z","28-01-2026 14:33:34"
4763,"1490826578162250","17.0","14.9","5.5","130.0","986.103","1410.514","semi","2026-01-28T09:03:30.042Z","28-01-2026 14:33:30"
4762,"7269564063086","14.3","11.8","3.2","260.0","255.020","544.747","semi","2026-01-28T09:03:24.895Z","28-01-2026 14:33:24"
4761,"1490826556995926","15.8","11.3","2.0","40.0","237.165","355.109","semi","2026-01-28T09:03:20.441Z","28-01-2026 14:33:20"
4760,"1490826576333872","18.4","15.1","2.5","40.0","333.874","688.172","semi","2026-01-28T09:03:16.498Z","28-01-2026 14:33:16"
4759,"1490826576080030","15.0","15.0","3.2","30.0","450.042","722.868","semi","2026-01-28T09:03:11.166Z","28-01-2026 14:33:11"
4758,"1490826525995811","15.0","15.0","3.2","80.0","450.042","722.868","semi","2026-01-28T09:03:06.700Z","28-01-2026 14:33:06"
4757,"21025853597831","11.8","10.3","6.5","80.00","634.494","792.161","semi","2026-01-28T09:03:01.139Z","28-01-2026 14:33:01"
4756,"1490826474045182","11.8","10.3","6.5","180.0","634.494","792.161","semi","2026-01-28T09:02:56.944Z","28-01-2026 14:32:56"
4755,"1490826568596234","15.4","14.4","3.7","50.0","486.985","821.940","semi","2026-01-28T09:02:52.616Z","28-01-2026 14:32:52"
4754,"1490826499812064","18.5","12.9","5.3","140.0","770.637","1269.908","semi","2026-01-28T09:02:48.521Z","28-01-2026 14:32:48"
4753,"1490826585306645","18.5","12.9","5.3","270.0","770.637","1269.908","semi","2026-01-28T09:02:43.981Z","28-01-2026 14:32:43"
4752,"1490826564427406","19.8","15.2","6.7","20.0","1273.683","2019.505","semi","2026-01-28T09:02:39.324Z","28-01-2026 14:32:39"
4751,"14519135316071","14.7","11.6","6.7","90.00","681.278","1144.494","semi","2026-01-28T09:02:34.883Z","28-01-2026 14:32:34"
4750,"1490826584647083","11.0","10.5","4.1","210.0","421.238","470.663","semi","2026-01-28T09:02:29.986Z","28-01-2026 14:32:29"
4749,"3380851576445264","14.5","14.0","5.7","70.0","428.135","1164.194","semi","2026-01-28T09:02:25.613Z","28-01-2026 14:32:25"
4748,"44850310004196","15.0","9.0","5.0","50.0","552.005","668.553","semi","2026-01-28T09:02:11.331Z","28-01-2026 14:32:11"
4747,"115761187256284","20.3","18.0","6.1","130.0","1478.074","2225.366","semi","2026-01-28T09:02:06.786Z","28-01-2026 14:32:06"
4746,"31411210112571","25.4","17.2","1.4","190.0","510.645","614.101","semi","2026-01-28T09:02:02.909Z","28-01-2026 14:32:02"
4745,"1490826576036243","18.2","15.1","3.7","110.0","655.236","1026.066","semi","2026-01-28T09:01:57.765Z","28-01-2026 14:31:57"
4744,"1490826563092786","15.5","9.7","2.7","70.0","317.856","409.969","semi","2026-01-28T09:01:53.560Z","28-01-2026 14:31:53"
4743,"59311045880915","14.1","10.8","6.5","40.0","783.780","991.151","semi","2026-01-28T09:01:47.584Z","28-01-2026 14:31:47"
4742,"35693013314824","18.7","16.6","5.3","60.0","969.489","1649.884","semi","2026-01-28T09:01:42.302Z","28-01-2026 14:31:42"
4741,"1490826578017486","21.0","17.0","4.5","100.0","1015.764","1598.945","semi","2026-01-28T09:01:34.178Z","28-01-2026 14:31:34"
4740,"1490826502631104","18.0","13.5","5.7","120.0","668.567","1389.931","semi","2026-01-28T09:01:30.564Z","28-01-2026 14:31:30"
4739,"46568010068235","23.9","18.7","6.5","60.0","1678.754","2889.435","semi","2026-01-28T09:01:26.519Z","28-01-2026 14:31:26"
4738,"46445310009026","22.0","18.3","4.2","140.0","1102.556","1705.418","semi","2026-01-28T09:01:21.552Z","28-01-2026 14:31:21"
4737,"1490826588878491","24.7","15.4","4.0","170.0","840.004","1513.855","semi","2026-01-28T09:01:16.240Z","28-01-2026 14:31:16"
4736,"1490826589891435","24.7","15.4","4.0","250.0","840.004","1513.855","semi","2026-01-28T09:00:54.899Z","28-01-2026 14:30:54"
4735,"1490826541210296","18.1","14.2","5.4","270.0","827.939","1401.410","semi","2026-01-28T09:00:50.791Z","28-01-2026 14:30:50"
4734,"46568010067804","22.1","20.9","5.0","140.0","1312.917","2290.921","semi","2026-01-28T09:00:46.552Z","28-01-2026 14:30:46"
4733,"142285175233736","20.8","19.2","8.9","150.0","2480.925","3563.085","semi","2026-01-28T09:00:41.993Z","28-01-2026 14:30:41"
4732,"1490826599151201","24.7","19.9","7.5","360.0","2758.072","3704.253","semi","2026-01-28T09:00:35.873Z","28-01-2026 14:30:35"
4731,"1490826541343112","27.8","24.1","3.2","550.0","1228.628","2158.153","semi","2026-01-28T09:00:31.151Z","28-01-2026 14:30:31"
4730,"1490826525048486","19.9","15.2","6.5","170.0","1620.305","1978.100","semi","2026-01-28T09:00:26.120Z","28-01-2026 14:30:26"
4729,"1490826573134894","23.1","16.9","11.1","400.0","3170.020","4336.221","semi","2026-01-28T09:00:09.174Z","28-01-2026 14:30:09"
4728,"1490826553874431","25.6","21.8","4.2","500.0","1511.683","2361.585","semi","2026-01-28T09:00:05.601Z","28-01-2026 14:30:05"
4727,"1490826597102474","22.2","19.3","5.5","250.0","1477.098","2370.515","semi","2026-01-28T09:00:01.003Z","28-01-2026 14:30:01"
4726,"1490826541942791","19.7","13.9","3.0","230.0","471.503","812.095","semi","2026-01-28T08:59:56.937Z","28-01-2026 14:29:56"
4725,"1490826561942480","19.8","14.3","1.2","70.0","351.322","335.568","semi","2026-01-28T08:59:52.941Z","28-01-2026 14:29:52"
4724,"1490826528376091","15.5","15.1","1.5","40.0","269.063","341.124","semi","2026-01-28T08:59:41.423Z","28-01-2026 14:29:41"
4723,"1490826556995554","24.1","16.4","8.4","40.0","1614.082","3326.095","semi","2026-01-28T08:59:38.103Z","28-01-2026 14:29:38"
4722,"44547810034705","13.3","11.1","4.8","100.0","517.239","700.839","semi","2026-01-28T08:59:34.253Z","28-01-2026 14:29:34"
4721,"1490826597979611","20.4","17.2","6.5","90.0","1465.347","2277.262","semi","2026-01-28T08:59:26.858Z","28-01-2026 14:29:26"
4720,"1490826571029854","21.3","18.7","5.1","220.0","1053.902","2026.676","semi","2026-01-28T08:59:23.012Z","28-01-2026 14:29:23"
4719,"1490826557105303","16.4","14.0","5.5","100.0","690.981","1254.287","semi","2026-01-28T08:59:18.958Z","28-01-2026 14:29:18"
4718,"1490826594671341","12.2","11.4","3.5","40.0","344.436","486.925","semi","2026-01-28T08:59:14.084Z","28-01-2026 14:29:14"
4717,"1490826574492474","19.6","8.0","6.5","50.0","739.051","1022.901","semi","2026-01-28T08:59:09.693Z","28-01-2026 14:29:09"
4716,"1490826559553715","34.9","29.3","3.0","200.0","1471.242","3039.372","semi","2026-01-28T08:59:05.631Z","28-01-2026 14:29:05"
4715,"11259152677146","19.2","15.8","5.1","220.0","1392.013","1554.837","semi","2026-01-28T08:59:01.136Z","28-01-2026 14:29:01"
4714,"1490826600283764","24.7","23.1","2.5","330.0","747.933","1413.730","semi","2026-01-28T08:58:56.540Z","28-01-2026 14:28:56"
4713,"1490826589336545","20.2","15.9","6.0","140.0","1506.710","1937.987","semi","2026-01-28T08:58:52.428Z","28-01-2026 14:28:52"
4712,"1490826573135340","28.5","24.1","3.2","340.0","1374.890","2217.391","semi","2026-01-28T08:58:47.939Z","28-01-2026 14:28:47"
4711,"284931123459032","16.2","13.3","2.0","110.0","266.029","439.523","semi","2026-01-28T08:58:43.127Z","28-01-2026 14:28:43"
4710,"1490826574512041","17.1","15.0","3.7","30.0","535.659","951.185","semi","2026-01-28T08:58:33.582Z","28-01-2026 14:28:33"
4709,"1490826584598735","23.7","18.8","3.0","80.0","777.663","1327.892","semi","2026-01-28T08:58:29.206Z","28-01-2026 14:28:29"
4708,"1490826594251411","22.3","22.1","3.7","160.0","1179.611","1841.715","semi","2026-01-28T08:58:25.104Z","28-01-2026 14:28:25"
4707,"142285174962630","20.9","14.2","6.7","140.0","1316.792","1976.626","semi","2026-01-28T08:58:21.459Z","28-01-2026 14:28:21"
4706,"41781210001061","34.4","24.4","3.9","300.0","2572.461","3293.257","semi","2026-01-28T08:58:17.422Z","28-01-2026 14:28:17"
4705,"1490826521873113","14.3","10.7","7.2","630.0","572.935","1100.697","semi","2026-01-28T08:58:13.945Z","28-01-2026 14:28:13"
4704,"1490826554862971","19.6","17.5","4.3","80.00","1024.973","1466.335","semi","2026-01-28T08:58:09.016Z","28-01-2026 14:28:09"
4703,"1490826502883060","25.4","25.2","3.2","110.0","1328.898","2068.960","semi","2026-01-28T08:57:57.539Z","28-01-2026 14:27:57"
4702,"237943176204780","35.1","24.5","3.0","140.0","1800.056","2559.651","semi","2026-01-28T08:57:53.771Z","28-01-2026 14:27:53"
4701,"1490826564813353","24.3","20.0","7.8","350.0","2551.697","3808.410","semi","2026-01-28T08:57:49.400Z","28-01-2026 14:27:49"
4700,"1490826598547204","22.1","18.1","8.0","80.0","2394.352","3189.313","semi","2026-01-28T08:57:45.730Z","28-01-2026 14:27:45"
4699,"1490826542365204","19.5","11.2","6.7","490.0","1012.062","1471.520","semi","2026-01-28T08:57:40.960Z","28-01-2026 14:27:40"
4698,"1490826559553671","25.4","20.4","4.2","190.0","686.023","2189.916","semi","2026-01-28T08:57:36.804Z","28-01-2026 14:27:36"
4697,"1490826587716373","24.0","17.7","3.7","480.0","1024.781","1586.191","semi","2026-01-28T08:57:32.451Z","28-01-2026 14:27:32"
4696,"13468412096500","22.2","18.4","2.5","130.0","545.680","1009.655","semi","2026-01-28T08:57:28.157Z","28-01-2026 14:27:28"
4695,"1490826582501270","22.2","15.6","6.5","90.0","1207.418","2256.246","semi","2026-01-28T08:57:23.724Z","28-01-2026 14:27:23"
4694,"13468412328970","20.7","16.4","7.8","230.0","853.520","2656.575","semi","2026-01-28T08:57:20.043Z","28-01-2026 14:27:20"
4693,"1490826532842286","20.1","18.0","5.9","60.00","1311.742","2141.832","semi","2026-01-28T08:57:14.967Z","28-01-2026 14:27:14"
4692,"47383710098081","23.1","17.4","5.8","210.0","1389.404","2319.551","semi","2026-01-28T08:57:03.086Z","28-01-2026 14:27:03"
4691,"19041865174110","19.8","15.3","6.0","210.0","1483.604","1811.227","semi","2026-01-28T08:56:58.647Z","28-01-2026 14:26:58"
4690,"1490826573134021","18.2","17.1","5.8","390.0","1144.363","1811.377","semi","2026-01-28T08:56:53.853Z","28-01-2026 14:26:53"
4689,"2535230553981","11.5","7.4","6.7","140.0","446.074","571.974","semi","2026-01-28T08:56:50.101Z","28-01-2026 14:26:50"
4688,"1490826568112523","42.5","34.3","5.2","110.0","3954.970","7604.512","semi","2026-01-28T08:56:45.771Z","28-01-2026 14:26:45"
4687,"C26in1cp04","33.0","29.2","2.2","220.0","1376.686","2144.560","semi","2026-01-28T08:56:38.970Z","28-01-2026 14:26:38"
4686,"1490826593728091","22.8","9.0","21.2","370.0","1881.424","4361.662","semi","2026-01-28T08:56:33.025Z","28-01-2026 14:26:33"
4685,"5662089477333","11.3","10.3","2.2","170.0","205.931","259.306","semi","2026-01-28T08:56:21.420Z","28-01-2026 14:26:21"
4684,"1490826570610554","21.6","17.5","9.0","20.0","1936.276","3395.804","semi","2026-01-28T08:56:15.406Z","28-01-2026 14:26:15"
4683,"1490826573164121","16.4","12.5","5.8","370.0","784.313","1190.735","semi","2026-01-28T08:56:11.255Z","28-01-2026 14:26:11"
4682,"47383710094953","23.9","18.6","4.8","160.0","1252.544","2147.138","semi","2026-01-28T08:56:03.839Z","28-01-2026 14:26:03"
4681,"1490826600669593","18.4","17.4","5.5","100.0","1045.250","1752.911","semi","2026-01-28T08:55:59.291Z","28-01-2026 14:25:59"
4680,"2535230546336","19.1","17.0","5.5","140.0","1119.722","1795.742","semi","2026-01-28T08:55:55.264Z","28-01-2026 14:25:55"
4679,"146631976","26.1","24.1","2.5","140.0","817.780","1552.904","semi","2026-01-28T08:55:48.174Z","28-01-2026 14:25:48"
4678,"1490826514494225","33.3","22.4","6.3","140.0","2284.680","4711.512","semi","2026-01-28T08:55:43.864Z","28-01-2026 14:25:43"
4677,"1490826590984916","29.1","25.0","6.5","450.0","3026.985","4698.358","semi","2026-01-28T08:55:39.104Z","28-01-2026 14:25:39"
4676,"219143237004271","20.1","13.9","9.1","390.0","1773.250","2558.694","semi","2026-01-28T08:55:33.743Z","28-01-2026 14:25:33"
4675,"1490826578025853","20.5","17.0","5.8","220.0","1056.519","2024.975","semi","2026-01-28T08:55:29.300Z","28-01-2026 14:25:29"
4674,"47383710095620","41.3","12.7","6.2","320.0","2138.217","3276.167","semi","2026-01-28T08:55:25.076Z","28-01-2026 14:25:25"
4673,"1490826524792485","19.5","14.9","9.5","230.0","1331.087","2757.047","semi","2026-01-28T08:55:16.041Z","28-01-2026 14:25:16"
4672,"47383710093914","16.3","12.8","5.7","500.0","883.526","1196.377","semi","2026-01-28T08:55:07.385Z","28-01-2026 14:25:07"
4671,"34088610060922","25.4","19.0","12.0","160.0","5342.102","5802.403","semi","2026-01-28T08:55:03.230Z","28-01-2026 14:25:03"
4670,"1490826579927311","15.1","12.8","6.7","1660.0","741.173","1302.423","semi","2026-01-28T08:54:58.045Z","28-01-2026 14:24:58"
4669,"46271510019725","12.8","10.3","4.5","130.0","391.602","589.458","semi","2026-01-28T08:54:53.414Z","28-01-2026 14:24:53"
4668,"1490826570983105","18.5","15.0","5.0","90.0","743.050","1379.328","semi","2026-01-28T08:54:49.500Z","28-01-2026 14:24:49"
4667,"23645487019832","18.5","15.0","5.0","80.0","743.050","1379.328","semi","2026-01-28T08:54:42.432Z","28-01-2026 14:24:42"
4666,"1490826595784260","16.6","15.1","3.5","260.0","448.855","868.216","semi","2026-01-28T08:54:31.987Z","28-01-2026 14:24:31"
4665,"1490826564432450","18.7","13.7","4.2","20.0","597.425","1085.191","semi","2026-01-28T08:54:24.804Z","28-01-2026 14:24:24"
4664,"1490826561762381","18.8","17.9","5.0","80.0","862.428","1678.539","semi","2026-01-28T08:54:19.049Z","28-01-2026 14:24:19"
4663,"1490826575735641","15.6","12.7","5.4","40.0","623.900","1072.702","semi","2026-01-28T08:54:14.329Z","28-01-2026 14:24:14"
4662,"43709010001024","18.6","18.4","4.7","110.0","1057.372","1622.117","semi","2026-01-28T08:54:09.953Z","28-01-2026 14:24:09"
4661,"1490826575544843","24.0","5.3","5.0","140.0","524.540","630.261","semi","2026-01-28T08:54:05.421Z","28-01-2026 14:24:05"
4660,"1490826596788653","21.6","18.9","4.5","130.0","1102.090","1823.798","semi","2026-01-28T08:53:59.157Z","28-01-2026 14:23:59"
4659,"1490826526661986","26.7","18.5","12.2","80.0","4417.824","6022.264","semi","2026-01-28T08:53:55.974Z","28-01-2026 14:23:55"
4658,"1490826573366465","18.2","10.8","1.7","190.0","268.513","338.581","semi","2026-01-28T08:53:52.013Z","28-01-2026 14:23:52"
4657,"1490826592910966","25.6","22.0","7.5","20.0","3024.080","4212.592","semi","2026-01-28T08:53:46.645Z","28-01-2026 14:23:46"
4656,"1490826577539526","19.2","16.2","3.7","490.0","646.125","1154.547","semi","2026-01-28T08:53:42.116Z","28-01-2026 14:23:42"
4655,"1490826576880351","19.8","17.6","3.5","120.0","691.541","1213.913","semi","2026-01-28T08:53:36.444Z","28-01-2026 14:23:36"
4654,"1490826504588444","24.6","23.3","4.7","120.0","1499.677","2710.772","semi","2026-01-28T08:53:32.160Z","28-01-2026 14:23:32"
4653,"1490826594998580","14.5","12.7","3.0","120.0","395.754","547.786","semi","2026-01-28T08:53:27.661Z","28-01-2026 14:23:27"
4652,"1490826573773095","21.3","8.7","6.2","100.0","595.270","1147.819","semi","2026-01-28T08:53:23.034Z","28-01-2026 14:23:23"
4651,"23056518419670","19.0","13.9","2.1","120.0","312.443","551.570","semi","2026-01-28T08:53:18.325Z","28-01-2026 14:23:18"
4650,"1490826596695004","14.5","13.4","7.1","80.0","185.771","1376.206","semi","2026-01-28T08:52:57.658Z","28-01-2026 14:22:57"
4649,"1490826572962624","26.7","23.4","2.7","230.0","840.746","1700.050","semi","2026-01-28T08:52:53.083Z","28-01-2026 14:22:53"
4648,"1490826600710926","20.0","11.7","1.7","440.0","326.152","400.058","semi","2026-01-28T08:52:47.912Z","28-01-2026 14:22:47"
4647,"1490826561766135","16.0","10.3","2.5","60.00","356.821","414.806","semi","2026-01-28T08:52:43.529Z","28-01-2026 14:22:43"
4646,"1490826562091834","19.7","18.3","5.7","130.0","1131.229","2064.210","semi","2026-01-28T08:52:39.961Z","28-01-2026 14:22:39"
4645,"47383710093855","17.9","8.3","3.5","160.0","400.984","520.531","semi","2026-01-28T08:52:36.328Z","28-01-2026 14:22:36"
4644,"146696014","20.3","14.5","4.0","160.0","679.409","1165.441","semi","2026-01-28T08:52:32.580Z","28-01-2026 14:22:32"
4643,"1490826604465660","21.4","19.3","5.5","40.0","1522.658","2259.204","semi","2026-01-28T08:52:25.460Z","28-01-2026 14:22:25"
4642,"1490826561743326","17.0","10.8","2.4","180.0","336.603","438.034","semi","2026-01-28T08:52:20.543Z","28-01-2026 14:22:20"
4641,"1490826562087671","17.5","11.1","8.3","110.0","1574.231","1621.319","semi","2026-01-28T08:52:16.805Z","28-01-2026 14:22:16"
4640,"40441725710542","20.2","14.0","3.6","280.0","833.934","1023.988","semi","2026-01-28T08:52:12.938Z","28-01-2026 14:22:12"
4639,"1490826561822500","16.9","14.2","4.0","430.0","581.228","957.994","semi","2026-01-28T08:52:09.042Z","28-01-2026 14:22:09"
4638,"1490826576372103","16.2","11.2","1.7","80.0","236.583","310.698","semi","2026-01-28T08:52:04.982Z","28-01-2026 14:22:04"
4637,"1490826582035792","16.5","7.5","7.1","50.0","809.045","883.680","semi","2026-01-28T08:52:00.833Z","28-01-2026 14:22:00"
4636,"41332216563476","18.4","12.1","2.5","100.0","444.977","567.464","semi","2026-01-28T08:51:56.246Z","28-01-2026 14:21:56"
4635,"1490826585414342","19.5","14.6","5.5","120.0","1030.499","1558.537","semi","2026-01-28T08:51:52.463Z","28-01-2026 14:21:52"
4634,"7269563872093","14.5","14.5","5.8","220.0","580.626","1223.693","semi","2026-01-28T08:51:48.887Z","28-01-2026 14:21:48"
4633,"44031710002236","13.9","10.4","3.7","60.0","465.444","533.462","semi","2026-01-28T08:51:45.533Z","28-01-2026 14:21:45"
4632,"5662089465352","22.2","18.2","8.7","100.0","2487.682","3532.513","semi","2026-01-28T08:51:32.704Z","28-01-2026 14:21:32"
4631,"1490826575430555","18.1","11.3","6.1","350.0","1146.898","1252.521","semi","2026-01-28T08:51:26.790Z","28-01-2026 14:21:26"
4630,"13625023592913","14.4","6.1","7.0","470.0","520.641","614.397","semi","2026-01-28T08:51:20.930Z","28-01-2026 14:21:20"
4629,"1490826596139775","21.7","12.9","9.2","250.0","1621.477","2574.403","semi","2026-01-28T08:51:13.836Z","28-01-2026 14:21:13"
4628,"47383710097904","23.6","19.4","6.5","300.0","1226.004","2962.268","semi","2026-01-28T08:51:10.820Z","28-01-2026 14:21:10"
4627,"44547810034451","15.3","9.4","2.7","100.00","251.033","384.111","semi","2026-01-28T08:51:06.377Z","28-01-2026 14:21:06"
4626,"1490826541302420","45.9","18.1","7.2","60.0","3581.164","5996.497","semi","2026-01-28T08:50:59.680Z","28-01-2026 14:20:59"
4625,"1490826573056446","29.8","28.9","4.2","360.0","2203.194","3638.711","semi","2026-01-28T08:50:49.261Z","28-01-2026 14:20:49"
4624,"2789571099685545","14.7","13.3","1.8","150.0","241.645","344.772","semi","2026-01-28T08:50:40.275Z","28-01-2026 14:20:40"
4623,"1490826467991486","36.4","17.5","5.0","40.0","1937.302","3175.266","semi","2026-01-28T08:50:20.856Z","28-01-2026 14:20:20"
4622,"1490826573014730","17.8","17.1","7.2","160.0","1328.694","2184.535","semi","2026-01-28T08:50:17.484Z","28-01-2026 14:20:17"
4621,"1490826578020813","14.6","14.4","3.5","190.0","397.700","729.732","semi","2026-01-28T08:50:14.141Z","28-01-2026 14:20:14"
4620,"1490826560956633","17.2","11.1","2.7","60.0","406.409","512.306","semi","2026-01-28T08:50:10.965Z","28-01-2026 14:20:10"
4619,"1490826564895010","16.3","12.1","5.1","120.0","775.367","1007.273","semi","2026-01-28T08:50:07.741Z","28-01-2026 14:20:07"
4618,"1490826575722573","14.1","10.3","6.7","120.0","750.859","973.015","semi","2026-01-28T08:50:04.678Z","28-01-2026 14:20:04"
4617,"35693013311092","34.8","25.2","3.2","70.00","2161.487","2827.449","semi","2026-01-28T08:49:59.982Z","28-01-2026 14:19:59"
4616,"1490826521873150","19.7","15.6","7.5","360.0","1048.157","2304.715","semi","2026-01-28T08:49:44.572Z","28-01-2026 14:19:44"
4615,"41175210045194","17.7","14.9","1.8","50.0","408.265","471.797","semi","2026-01-28T08:49:35.517Z","28-01-2026 14:19:35"
4614,"1490826556920643","17.4","17.3","4.2","30.0","508.031","1277.403","semi","2026-01-28T08:49:30.529Z","28-01-2026 14:19:30"
4613,"1490826591333096","23.2","7.2","4.8","40.0","466.190","803.560","semi","2026-01-28T08:49:24.946Z","28-01-2026 14:19:24"
4612,"1490826592378281","22.4","6.7","4.5","70.0","527.449","673.612","semi","2026-01-28T08:49:20.871Z","28-01-2026 14:19:20"
4611,"1490826592379235","11.7","11.3","4.7","70.0","502.310","627.963","semi","2026-01-28T08:49:17.087Z","28-01-2026 14:19:17"
4610,"1490826524536226","14.4","10.9","3.7","130.0","445.696","586.533","semi","2026-01-28T08:49:12.871Z","28-01-2026 14:19:12"
4609,"1490826573988382","11.9","8.9","6.9","60.0","542.499","734.661","semi","2026-01-28T08:48:58.230Z","28-01-2026 14:18:58"
4608,"1490826591075533","33.0","28.1","13.7","70.000","7714.608","12683.787","semi","2026-01-28T08:48:52.800Z","28-01-2026 14:18:52"
4607,"29656813694246","16.4","12.9","6.8","1100.0","841.384","1444.440","semi","2026-01-28T08:48:48.230Z","28-01-2026 14:18:48"
4606,"1490826558777242","16.2","14.5","7.0","40.0","965.719","1648.755","semi","2026-01-28T08:48:43.819Z","28-01-2026 14:18:43"
4605,"1490826581958475","18.0","13.4","5.3","390.0","575.615","1282.058","semi","2026-01-28T08:48:36.358Z","28-01-2026 14:18:36"
4604,"1490826591416315","16.0","15.3","4.2","40.0","521.040","1030.596","semi","2026-01-28T08:48:32.011Z","28-01-2026 14:18:32"
4603,"1490826591956133","17.3","14.2","4.5","40.0","483.819","1098.467","semi","2026-01-28T08:48:25.159Z","28-01-2026 14:18:25"
4602,"1490826591961965","16.7","13.1","3.9","40.0","408.973","856.460","semi","2026-01-28T08:47:57.594Z","28-01-2026 14:17:57"
4601,"1490826591408350","10.3","10.3","5.3","40.0","483.264","560.684","semi","2026-01-28T08:47:53.893Z","28-01-2026 14:17:53"
4600,"40441725482305","14.8","14.2","3.7","100.0","413.403","786.023","semi","2026-01-28T08:47:49.169Z","28-01-2026 14:17:49"
4599,"44172610376401","14.4","13.2","5.2","50.0","575.335","998.023","semi","2026-01-28T08:47:43.668Z","28-01-2026 14:17:43"
4598,"1490826591347461","20.8","18.6","3.0","50.0","677.366","1148.771","semi","2026-01-28T08:47:23.317Z","28-01-2026 14:17:23"
4597,"1490826602449892","19.3","18.9","4.0","120.0","753.384","1452.718","semi","2026-01-28T08:47:17.691Z","28-01-2026 14:17:17"
4596,"7269564144080","17.9","12.5","3.5","40.0","369.433","777.832","semi","2026-01-28T08:47:14.881Z","28-01-2026 14:17:14"
4595,"1490826529095186","15.5","10.2","5.6","70.0","797.129","884.190","semi","2026-01-28T08:47:08.153Z","28-01-2026 14:17:08"
4594,"1490826591482410","10.7","10.1","5.5","80.0","539.443","593.185","semi","2026-01-28T08:47:02.694Z","28-01-2026 14:17:02"
4593,"40441725482305","21.9","7.5","4.7","90.0","506.610","770.070","semi","2026-01-28T08:46:53.021Z","28-01-2026 14:16:53"
4592,"1490826592308362","15.0","13.2","2.7","60.0","244.273","537.716","semi","2026-01-28T08:46:48.597Z","28-01-2026 14:16:48"
4591,"1490826591333590","16.0","12.5","4.2","30.0","400.968","844.257","semi","2026-01-28T08:46:45.174Z","28-01-2026 14:16:45"
4590,"1490826580605412","20.1","19.4","8.4","60.0","2373.356","3289.123","semi","2026-01-28T08:46:39.085Z","28-01-2026 14:16:39"
4589,"1490826509602054","18.2","13.7","6.7","520.0","817.959","1681.739","semi","2026-01-28T08:46:32.916Z","28-01-2026 14:16:32"
4588,"1490826591929640","19.8","14.8","6.0","40.0","659.091","1759.760","semi","2026-01-28T08:46:28.120Z","28-01-2026 14:16:28"
4587,"1490826591416245","15.4","10.1","5.2","40.0","763.123","812.266","semi","2026-01-28T08:46:22.999Z","28-01-2026 14:16:22"
4586,"1490826591482174","17.1","16.5","5.2","80.0","703.124","1474.701","semi","2026-01-28T08:46:17.035Z","28-01-2026 14:16:17"
4585,"1490826591319531","14.5","14.5","4.2","50.0","603.662","885.263","semi","2026-01-28T08:46:04.694Z","28-01-2026 14:16:04"
4584,"1490826591326494","15.1","10.0","2.9","40.0","344.261","437.312","semi","2026-01-28T08:45:59.728Z","28-01-2026 14:15:59"
4583,"1490826591558850","16.7","14.6","6.7","30.0","508.772","1641.023","semi","2026-01-28T08:45:56.290Z","28-01-2026 14:15:56"
4582,"1490826591922975","16.5","14.9","6.2","40.0","498.999","1526.693","semi","2026-01-28T08:45:52.667Z","28-01-2026 14:15:52"
4581,"1490826591431343","13.8","13.7","5.8","20.0","583.074","1094.083","semi","2026-01-28T08:45:42.689Z","28-01-2026 14:15:42"
4580,"1490826591457000","13.2","11.9","5.7","120.0","433.926","898.818","semi","2026-01-28T08:45:39.265Z","28-01-2026 14:15:39"
4579,"34323019650384","14.9","12.8","3.2","60.0","426.189","609.919","semi","2026-01-28T08:45:16.911Z","28-01-2026 14:15:16"
4578,"1490826576313561","23.7","8.8","2.4","70.0","315.822","501.445","semi","2026-01-28T08:45:13.005Z","28-01-2026 14:15:13"
4577,"1490826514204624","15.8","11.6","3.1","30.00","463.422","563.436","semi","2026-01-28T08:45:09.055Z","28-01-2026 14:15:09"
4576,"1490826573974673","15.8","11.6","3.1","70.0","463.422","563.436","semi","2026-01-28T08:44:57.441Z","28-01-2026 14:14:57"
4575,"1490826591340376","14.9","13.9","3.2","40.0","255.876","665.898","semi","2026-01-28T08:44:53.783Z","28-01-2026 14:14:53"
4574,"1490826591333402","14.9","12.9","5.2","30.0","420.976","1009.211","semi","2026-01-28T08:44:49.301Z","28-01-2026 14:14:49"
4573,"1490826591423105","19.4","15.7","3.7","40.0","503.173","1131.700","semi","2026-01-28T08:44:43.136Z","28-01-2026 14:14:43"
4572,"1490826591340380","22.7","11.1","7.6","40.0","752.635","1904.405","semi","2026-01-28T08:44:37.823Z","28-01-2026 14:14:37"
4571,"1490826591415906","22.7","11.1","7.6","40.0","752.635","1904.405","semi","2026-01-28T08:44:33.808Z","28-01-2026 14:14:33"
4570,"1490826576882565","14.4","12.8","4.9","40.0","581.315","908.765","semi","2026-01-28T08:44:19.292Z","28-01-2026 14:14:19"
4569,"1490826591937745","14.6","7.5","4.6","30.0","374.831","505.181","semi","2026-01-28T08:44:09.809Z","28-01-2026 14:14:09"
4568,"1490826596389491","16.5","10.2","5.8","40.0","540.687","970.972","semi","2026-01-28T08:44:06.329Z","28-01-2026 14:14:06"
4567,"1490826591956170","14.9","9.9","5.8","40.0","439.848","852.625","semi","2026-01-28T08:44:00.378Z","28-01-2026 14:14:00"
4566,"1490826591984914","10.4","9.0","5.0","40.0","339.113","470.666","semi","2026-01-28T08:43:53.606Z","28-01-2026 14:13:53"
4565,"1490826504845145","19.5","15.7","3.5","30.0","473.068","1066.613","semi","2026-01-28T08:43:49.295Z","28-01-2026 14:13:49"
4564,"1490826591333376","15.3","14.7","5.7","40.0","741.915","1288.179","semi","2026-01-28T08:43:44.038Z","28-01-2026 14:13:44"
4563,"44172610372750","12.2","10.4","5.2","90.0","477.080","661.244","semi","2026-01-28T08:43:39.497Z","28-01-2026 14:13:39"
4562,"1490826589099595","17.3","14.2","5.4","120.0","648.664","1331.232","semi","2026-01-28T08:43:28.462Z","28-01-2026 14:13:28"
4561,"1490826591415851","13.8","11.8","7.1","40.0","787.957","1151.576","semi","2026-01-28T08:43:23.902Z","28-01-2026 14:13:23"
4560,"1490826558889054","13.2","11.5","4.1","100.0","485.161","617.717","semi","2026-01-28T08:43:15.998Z","28-01-2026 14:13:15"
4559,"30598910696032","20.1","15.0","7.2","70.0","1177.192","2189.255","semi","2026-01-28T08:43:10.409Z","28-01-2026 14:13:10"
4558,"29428710514242","16.1","11.2","5.4","110.0","446.787","981.460","semi","2026-01-28T08:43:06.232Z","28-01-2026 14:13:06"
4557,"1490826541015965","26.8","22.7","7.5","10.0","3189.001","4570.793","semi","2026-01-28T08:43:00.462Z","28-01-2026 14:13:00"
4556,"1490826598805504","20.6","13.7","1.2","100.0","268.769","338.353","semi","2026-01-28T08:42:56.662Z","28-01-2026 14:12:56"
4555,"1490826591307454","13.8","10.1","5.0","20.0","361.141","690.529","semi","2026-01-28T08:42:53.220Z","28-01-2026 14:12:53"
4554,"1490826595888350","13.9","12.5","4.3","20.0","472.451","751.106","semi","2026-01-28T08:42:40.791Z","28-01-2026 14:12:40"
4553,"1490826595888560","19.3","15.4","4.7","20.0","486.415","1398.335","semi","2026-01-28T08:42:36.355Z","28-01-2026 14:12:36"
4552,"1490826591401416","17.2","13.3","5.5","40.0","715.716","1259.320","semi","2026-01-28T08:42:33.015Z","28-01-2026 14:12:33"
4551,"44172610373516","11.6","10.1","8.4","50.0","616.745","977.915","semi","2026-01-28T08:42:28.265Z","28-01-2026 14:12:28"
4550,"44172610378302","17.1","16.5","5.2","100.0","648.354","1470.592","semi","2026-01-28T08:42:23.190Z","28-01-2026 14:12:23"
4549,"1490826541015766","14.3","13.7","4.7","40.0","409.139","924.125","semi","2026-01-28T08:42:10.014Z","28-01-2026 14:12:10"
4548,"1490826595888464","14.3","9.7","7.4","40.0","574.575","1024.239","semi","2026-01-28T08:42:05.152Z","28-01-2026 14:12:05"
4547,"1490826591558883","18.6","17.4","3.7","30.0","612.189","1206.828","semi","2026-01-28T08:42:00.434Z","28-01-2026 14:12:00"
4546,"7269564143085","12.5","11.1","5.1","30.00","417.049","704.753","semi","2026-01-28T08:41:53.708Z","28-01-2026 14:11:53"
4545,"29753911002282","18.9","11.4","5.0","100.0","417.734","1068.613","semi","2026-01-28T08:41:49.961Z","28-01-2026 14:11:49"
4544,"1490826591990514","20.1","18.5","4.7","40.0","642.694","1754.636","semi","2026-01-28T08:41:43.658Z","28-01-2026 14:11:43"
4543,"1490826591923060","16.8","14.9","4.8","50.0","505.834","1211.173","semi","2026-01-28T08:41:35.510Z","28-01-2026 14:11:35"
4542,"1490826591527464","15.4","14.5","5.5","20.0","667.018","1222.349","semi","2026-01-28T08:41:32.484Z","28-01-2026 14:11:32"
4541,"1490826591945585","15.4","14.0","6.2","130.0","696.485","1336.168","semi","2026-01-28T08:41:27.751Z","28-01-2026 14:11:27"
4540,"1490826591416260","15.5","9.4","3.2","40.0","217.323","469.133","semi","2026-01-28T08:41:23.218Z","28-01-2026 14:11:23"
4539,"1490826591326461","19.8","11.5","3.7","30.0","312.429","845.812","semi","2026-01-28T08:41:18.054Z","28-01-2026 14:11:18"
4538,"1490826591527383","12.9","11.6","7.1","","752.425","1066.873","semi","2026-01-28T08:41:13.983Z","28-01-2026 14:11:13"
4537,"1490826591975070","20.4","14.9","3.7","110.0","365.404","1126.208","semi","2026-01-28T08:41:09.054Z","28-01-2026 14:11:09"
4536,"1490826591527696","14.9","14.0","6.7","","611.401","1406.458","semi","2026-01-28T08:41:01.253Z","28-01-2026 14:11:01"
4535,"1490826591956203","19.8","14.4","3.7","30.0","392.953","1058.290","semi","2026-01-28T08:40:57.802Z","28-01-2026 14:10:57"
4534,"1490826591990982","16.6","16.2","5.1","","591.680","1382.730","semi","2026-01-28T08:40:53.955Z","28-01-2026 14:10:53"
4533,"1490826591356804","19.6","14.8","8.1","30.0","1368.667","2366.430","semi","2026-01-28T08:40:50.006Z","28-01-2026 14:10:50"
4532,"47758410006182","14.8","13.8","4.8","180.0","520.919","989.492","semi","2026-01-28T08:40:45.663Z","28-01-2026 14:10:45"
4531,"1490826591357390","17.2","13.7","3.5","40.0","236.376","820.582","semi","2026-01-28T08:40:40.590Z","28-01-2026 14:10:40"
4530,"44172610380085","15.7","13.3","1.7","60.00","203.498","352.997","semi","2026-01-28T08:40:33.269Z","28-01-2026 14:10:33"
4529,"1490826596288945","17.2","13.6","5.5","80.0","803.809","1284.174","semi","2026-01-28T08:40:27.507Z","28-01-2026 14:10:27"
4528,"44172610372606","14.4","10.2","5.5","90.0","706.495","820.797","semi","2026-01-28T08:40:23.849Z","28-01-2026 14:10:23"
4527,"1490826591997820","15.2","11.4","5.6","90.00","822.833","977.971","semi","2026-01-28T08:40:17.879Z","28-01-2026 14:10:17"
4526,"1490826591431590","14.4","12.5","6.1","200.0","915.146","1096.358","semi","2026-01-28T08:40:13.752Z","28-01-2026 14:10:13"
4525,"1490826591498252","14.1","10.8","3.7","90.0","283.964","568.044","semi","2026-01-28T08:40:08.981Z","28-01-2026 14:10:08"
4524,"1490826591326240","17.2","14.8","5.7","20.00","835.233","1461.816","semi","2026-01-28T08:40:03.167Z","28-01-2026 14:10:03"
4523,"44172610379923","13.0","10.8","3.7","50.0","442.243","524.314","semi","2026-01-28T08:39:56.694Z","28-01-2026 14:09:56"
4522,"1490826553090803","15.1","11.0","5.8","50.0","868.713","969.473","semi","2026-01-28T08:39:47.816Z","28-01-2026 14:09:47"
4521,"1490826591962094","13.9","10.1","4.2","190.0","239.936","590.377","semi","2026-01-28T08:39:43.343Z","28-01-2026 14:09:43"
4520,"1490826591396192","15.4","10.6","5.5","40.0","756.674","896.339","semi","2026-01-28T08:39:35.369Z","28-01-2026 14:09:35"
4519,"1490826591474544","14.9","13.2","6.1","80.0","862.135","1198.125","semi","2026-01-28T08:39:29.559Z","28-01-2026 14:09:29"
4518,"1490826591446393","17.1","10.6","5.7","200.0","638.022","1035.191","semi","2026-01-28T08:39:23.433Z","28-01-2026 14:09:23"
4517,"44172610373973","14.4","13.2","4.2","90.00","473.959","801.988","semi","2026-01-28T08:39:18.679Z","28-01-2026 14:09:18"
4516,"1490826564300205","14.2","10.2","4.1","80.0","343.933","590.676","semi","2026-01-28T08:39:12.905Z","28-01-2026 14:09:12"
4515,"1490826595888593","16.8","14.9","3.5","10.0","545.286","871.980","semi","2026-01-28T08:39:07.883Z","28-01-2026 14:09:07"
4514,"44172610376165","12.3","10.9","7.3","60.0","479.873","983.202","semi","2026-01-28T08:39:03.684Z","28-01-2026 14:09:03"
4513,"1490826591395923","17.9","13.0","3.7","40.0","478.498","866.279","semi","2026-01-28T08:38:57.704Z","28-01-2026 14:08:57"
4512,"1490826591348161","16.5","15.1","3.5","40.0","476.631","864.813","semi","2026-01-28T08:38:51.969Z","28-01-2026 14:08:51"
4511,"1490826596930790","12.7","11.9","4.2","180.0","257.449","639.075","semi","2026-01-28T08:38:44.664Z","28-01-2026 14:08:44"
4510,"1490826596389465","12.7","11.9","4.2","10.0","257.449","639.075","semi","2026-01-28T08:38:39.656Z","28-01-2026 14:08:39"
4509,"1490826530871775","20.0","9.9","1.3","20.0","201.219","258.507","semi","2026-01-28T08:38:36.029Z","28-01-2026 14:08:36"
4508,"1490826591923255","19.7","19.1","3.2","40.0","521.609","1214.849","semi","2026-01-28T08:38:32.650Z","28-01-2026 14:08:32"
4507,"115761187415276","15.8","13.5","4.4","50.0","416.840","943.040","semi","2026-01-28T08:38:27.654Z","28-01-2026 14:08:27"
4506,"1490826591518703","19.7","12.3","3.7","30.0","319.593","900.159","semi","2026-01-28T08:38:24.268Z","28-01-2026 14:08:24"
4505,"1490826591382122","19.1","18.6","5.7","40.0","1148.877","2034.903","semi","2026-01-28T08:38:20.512Z","28-01-2026 14:08:20"
4504,"47758410005843","21.1","21.1","3.7","60.0","896.450","1659.361","semi","2026-01-28T08:38:15.412Z","28-01-2026 14:08:15"
4503,"1490826584397931","16.9","14.2","1.8","90.00","335.540","435.021","semi","2026-01-28T08:38:10.740Z","28-01-2026 14:08:10"
4502,"1490826495980603","14.5","10.1","5.9","60.0","796.568","861.535","semi","2026-01-28T08:38:02.749Z","28-01-2026 14:08:02"
4501,"1490826591466531","20.0","16.5","3.7","180.0","631.957","1231.953","semi","2026-01-28T08:37:57.681Z","28-01-2026 14:07:57"
4500,"1490826591991085","14.6","10.8","3.3","20.0","396.761","529.695","semi","2026-01-28T08:37:53.182Z","28-01-2026 14:07:53"
4499,"1490826574686385","15.0","7.2","5.5","100.0","522.087","591.453","semi","2026-01-28T08:37:49.015Z","28-01-2026 14:07:49"
4498,"1490826572744364","16.4","12.7","4.7","80.00","597.450","985.416","semi","2026-01-28T08:37:44.345Z","28-01-2026 14:07:44"
4497,"1490826577588246","13.0","12.7","5.5","70.00","728.525","914.396","semi","2026-01-28T08:37:14.573Z","28-01-2026 14:07:14"
4496,"1490826541015873","15.3","14.3","6.3","130.0","856.282","1376.795","semi","2026-01-28T08:37:07.882Z","28-01-2026 14:07:07"
4495,"44172610379621","16.6","14.6","4.5","50.00","524.211","1085.383","semi","2026-01-28T08:37:03.828Z","28-01-2026 14:07:03"
4494,"44172610376725","15.4","12.7","4.5","40.0","488.631","871.506","semi","2026-01-28T08:36:54.713Z","28-01-2026 14:06:54"
4493,"1490826574006361","14.9","12.9","6.1","80.0","780.751","1167.245","semi","2026-01-28T08:36:48.773Z","28-01-2026 14:06:48"
4492,"44172610372665","16.4","13.1","5.2","90.00","501.208","1121.571","semi","2026-01-28T08:36:44.290Z","28-01-2026 14:06:44"
4491,"1490826590497786","14.1","12.4","4.2","60.0","395.260","741.585","semi","2026-01-28T08:36:36.805Z","28-01-2026 14:06:36"
4490,"1490826591423326","13.7","13.4","7.2","60.0","769.283","1318.261","semi","2026-01-28T08:36:31.850Z","28-01-2026 14:06:31"
4489,"44172610375443","18.1","17.2","4.7","60.0","612.637","1470.252","semi","2026-01-28T08:36:28.304Z","28-01-2026 14:06:28"
4488,"1490826541016385","16.7","15.7","6.1","40.0","788.445","1589.520","semi","2026-01-28T08:35:31.854Z","28-01-2026 14:05:31"
4487,"1490826591340623","17.8","12.9","5.5","60.0","651.623","1256.151","semi","2026-01-28T08:35:25.402Z","28-01-2026 14:05:25"
4486,"1490826591319063","17.0","12.6","6.2","50.00","696.225","1335.509","semi","2026-01-28T08:35:18.788Z","28-01-2026 14:05:18"
4485,"34323019549864","15.9","14.5","1.6","290.0","268.907","369.169","semi","2026-01-28T08:35:13.087Z","28-01-2026 14:05:13"
4484,"1490826500283481","19.2","15.7","5.8","80.00","1147.671","1758.517","semi","2026-01-28T08:35:07.851Z","28-01-2026 14:05:07"
4483,"7269563890820","16.8","10.7","5.8","240.0","908.446","1047.185","semi","2026-01-28T08:35:01.917Z","28-01-2026 14:05:01"
4482,"1490826591438332","14.9","12.7","6.1","200.0","838.628","1152.007","semi","2026-01-28T08:34:56.906Z","28-01-2026 14:04:56"
4481,"1490826591439275","18.4","15.5","4.5","220.0","557.802","1273.582","semi","2026-01-28T08:34:53.661Z","28-01-2026 14:04:53"
4480,"1490826591382240","15.4","12.1","5.8","70.0","842.681","1083.464","semi","2026-01-28T08:34:49.910Z","28-01-2026 14:04:49"
4479,"1490826591491904","14.9","9.2","4.9","160.0","401.252","669.092","semi","2026-01-28T08:34:46.617Z","28-01-2026 14:04:46"
4478,"1490826576278804","20.7","14.8","7.2","100.0","1559.626","2209.579","semi","2026-01-28T08:34:43.405Z","28-01-2026 14:04:43"
4477,"1490826571168900","15.3","11.7","5.7","320.0","910.037","1024.434","semi","2026-01-28T08:34:28.709Z","28-01-2026 14:04:28"
4476,"1490826591962654","12.3","11.2","4.5","200.0","292.817","618.989","semi","2026-01-28T08:34:23.609Z","28-01-2026 14:04:23"
4475,"1490826568013753","21.3","8.6","6.3","80.0","638.021","1150.217","semi","2026-01-28T08:34:19.886Z","28-01-2026 14:04:19"
4474,"23056518424124","15.7","12.6","6.0","120.0","632.695","1177.084","semi","2026-01-28T08:34:16.257Z","28-01-2026 14:04:16"
4473,"1490826591356911","16.6","16.5","4.7","60.0","793.334","1294.093","semi","2026-01-28T08:34:12.501Z","28-01-2026 14:04:12"
4472,"1490826541015910","15.9","14.3","4.4","40.0","528.074","992.958","semi","2026-01-28T08:34:08.166Z","28-01-2026 14:04:08"
4471,"1490826569648511","15.1","11.2","5.6","60.00","819.834","947.997","semi","2026-01-28T08:33:59.573Z","28-01-2026 14:03:59"
4470,"1490826591491834","19.2","18.4","3.2","150.0","453.787","1136.512","semi","2026-01-28T08:33:56.073Z","28-01-2026 14:03:56"
4469,"1490826591431376","25.0","5.3","4.0","50.0","437.531","526.578","semi","2026-01-28T08:33:52.779Z","28-01-2026 14:03:52"
4468,"1490826583922675","25.0","5.3","4.0","60.0","437.531","526.578","semi","2026-01-28T08:33:48.890Z","28-01-2026 14:03:48"
4467,"1490826563601196","24.7","5.3","3.9","50.0","469.290","517.664","semi","2026-01-28T08:32:55.497Z","28-01-2026 14:02:55"
4466,"1490826583922723","14.0","12.6","5.3","60.0","621.361","935.791","semi","2026-01-28T08:32:50.956Z","28-01-2026 14:02:50"
4465,"1490826591922861","14.2","8.0","8.8","40.0","626.937","994.518","semi","2026-01-28T08:32:44.824Z","28-01-2026 14:02:44"
4464,"40598110457870","14.0","9.9","6.2","220.0","620.991","861.279","semi","2026-01-28T08:32:38.721Z","28-01-2026 14:02:38"
4463,"1490826591382472","20.5","14.7","4.7","70.0","576.672","1421.339","semi","2026-01-28T08:32:31.152Z","28-01-2026 14:02:31"
4462,"1490826591357412","14.8","13.6","5.0","30.0","547.764","1012.721","semi","2026-01-28T08:32:27.554Z","28-01-2026 14:02:27"
4461,"1490826591467430","10.0","7.4","2.9","30.0","170.350","214.625","semi","2026-01-28T08:32:21.956Z","28-01-2026 14:02:21"
4460,"1490826574005775","10.5","9.9","5.5","70.0","529.131","568.979","semi","2026-01-28T08:32:14.525Z","28-01-2026 14:02:14"
4459,"40441725716713","17.1","14.2","5.3","100.0","677.731","1296.496","semi","2026-01-28T08:32:10.454Z","28-01-2026 14:02:10"
4458,"1490826591401803","14.6","13.0","4.2","50.0","421.535","805.039","semi","2026-01-28T08:32:06.877Z","28-01-2026 14:02:06"
4457,"1490826470734694","15.3","13.5","6.0","100.0","686.020","1237.728","semi","2026-01-28T08:32:02.793Z","28-01-2026 14:02:02"
4456,"44172610376375","15.1","9.8","5.6","60.0","771.017","838.499","semi","2026-01-28T08:31:58.900Z","28-01-2026 14:01:58"
4455,"1490826591446673","19.0","17.6","4.0","80.0","637.448","1331.417","semi","2026-01-28T08:31:53.546Z","28-01-2026 14:01:53"
4454,"1490826591536822","17.0","13.8","4.7","20.0","611.127","1114.626","semi","2026-01-28T08:31:50.165Z","28-01-2026 14:01:50"
4453,"1490826591416820","14.6","8.4","3.7","40.0","254.472","457.263","semi","2026-01-28T08:31:46.448Z","28-01-2026 14:01:46"
4452,"1490826529033796","12.8","7.8","7.3","60.0","634.895","723.890","semi","2026-01-28T08:31:42.419Z","28-01-2026 14:01:42"
4451,"1490826512941813","13.7","12.3","6.3","90.00","594.505","1064.094","semi","2026-01-28T08:31:38.362Z","28-01-2026 14:01:38"
4450,"1490826591423142","18.5","15.5","7.0","40.0","1042.124","2015.239","semi","2026-01-28T08:31:28.765Z","28-01-2026 14:01:28"
4449,"1490826591438995","15.3","11.5","3.8","200.0","355.467","665.164","semi","2026-01-28T08:31:23.318Z","28-01-2026 14:01:23"
4448,"1490826591952692","18.9","17.2","4.2","30.0","611.371","1374.215","semi","2026-01-28T08:31:19.818Z","28-01-2026 14:01:19"
4447,"1490826591390695","18.9","17.2","4.2","40.0","611.371","1374.215","semi","2026-01-28T08:31:14.243Z","28-01-2026 14:01:14"
4446,"1490826556015576","22.8","18.7","4.0","90.0","896.899","1691.607","semi","2026-01-28T08:30:57.850Z","28-01-2026 14:00:57"
4445,"46444911046161","16.5","12.9","6.6","140.0","865.082","1401.551","semi","2026-01-28T08:30:53.619Z","28-01-2026 14:00:53"
4444,"1490826591466822","20.6","13.9","5.2","70.0","586.664","1496.491","semi","2026-01-28T08:30:41.753Z","28-01-2026 14:00:41"
4443,"1490826591319656","22.3","6.2","5.0","50.0","567.345","696.549","semi","2026-01-28T08:30:36.883Z","28-01-2026 14:00:36"
4442,"1490826592371023","15.5","15.2","3.7","70.0","441.575","877.966","semi","2026-01-28T08:30:32.059Z","28-01-2026 14:00:32"
4441,"1490826591929673","18.5","16.8","5.3","50.0","755.233","1655.431","semi","2026-01-28T08:30:26.604Z","28-01-2026 14:00:26"
4440,"1490826591431041","15.9","13.3","4.5","50.0","449.380","942.319","semi","2026-01-28T08:30:21.049Z","28-01-2026 14:00:21"
4439,"1490826591347041","19.0","15.5","5.2","50.0","463.760","1539.788","semi","2026-01-28T08:30:16.797Z","28-01-2026 14:00:16"
4438,"1490826591319461","18.6","16.8","5.0","50.0","839.531","1558.849","semi","2026-01-28T08:30:11.583Z","28-01-2026 14:00:11"
4437,"1490826512029050","18.7","15.7","3.0","110.0","453.482","867.903","semi","2026-01-28T08:30:05.480Z","28-01-2026 14:00:05"
4436,"1490826591333343","20.1","19.6","3.2","40.0","654.279","1272.173","semi","2026-01-28T08:30:00.934Z","28-01-2026 14:00:00"
4435,"1490826575706926","21.5","21.1","6.4","40.0","1713.937","2915.019","semi","2026-01-28T08:29:56.238Z","28-01-2026 13:59:56"
4434,"1490826602285613","17.6","17.4","5.2","130.0","731.680","1596.091","semi","2026-01-28T08:29:49.562Z","28-01-2026 13:59:49"
4433,"1490826591536601","17.7","14.8","4.7","40.0","856.105","1223.216","semi","2026-01-28T08:29:43.475Z","28-01-2026 13:59:43"
4432,"1490826596169190","16.1","15.9","9.5","300.0","1379.119","2444.747","semi","2026-01-28T08:29:38.596Z","28-01-2026 13:59:38"
4431,"47758410005375","16.3","15.3","8.3","130.0","1329.474","2065.824","semi","2026-01-28T08:29:34.439Z","28-01-2026 13:59:34"
4430,"1490826595534150","13.4","8.4","5.0","280.0","317.225","555.546","semi","2026-01-28T08:29:31.073Z","28-01-2026 13:59:31"
4429,"1490826554770195","18.3","12.0","9.0","60.0","1284.153","1960.126","semi","2026-01-28T08:29:23.579Z","28-01-2026 13:59:23"
4428,"1490826541634754","15.8","13.8","6.8","190.0","892.217","1488.183","semi","2026-01-28T08:29:19.685Z","28-01-2026 13:59:19"
4427,"1490826591937384","13.0","12.6","5.7","30.0","443.669","936.100","semi","2026-01-28T08:29:15.121Z","28-01-2026 13:59:15"
4426,"34323019648656","18.5","16.6","4.5","50.0","594.207","1371.379","semi","2026-01-28T08:29:11.460Z","28-01-2026 13:59:11"
4425,"1490826591952563","16.8","11.8","5.9","40.00","681.814","1170.462","semi","2026-01-28T08:28:59.011Z","28-01-2026 13:58:59"
4424,"3159429632292","17.3","14.5","4.9","290.0","737.769","1219.761","semi","2026-01-28T08:28:54.725Z","28-01-2026 13:58:54"
4423,"1490826591527615","15.8","8.8","4.7","20.0","183.195","657.331","semi","2026-01-28T08:28:50.783Z","28-01-2026 13:58:50"
4422,"1490826591423304","25.7","15.7","6.6","30.0","1280.336","2653.451","semi","2026-01-28T08:28:42.705Z","28-01-2026 13:58:42"
4421,"1490826572932233","16.4","15.8","3.5","80.0","525.215","899.579","semi","2026-01-28T08:28:35.914Z","28-01-2026 13:58:35"
4420,"1490826564337773","16.4","15.8","3.5","30.0","525.215","899.579","semi","2026-01-28T08:28:32.821Z","28-01-2026 13:58:32"
4419,"1490826561595486","15.5","14.4","4.1","40.0","445.118","907.201","semi","2026-01-28T08:28:28.725Z","28-01-2026 13:58:28"
4418,"1490826591929441","15.8","13.2","6.9","40.0","891.776","1438.994","semi","2026-01-28T08:28:25.703Z","28-01-2026 13:58:25"
4417,"1490826595516635","36.7","19.2","5.0","50.0","1933.923","3499.033","semi","2026-01-28T08:28:21.839Z","28-01-2026 13:58:21"
4416,"1490826598704645","39.2","31.2","6.2","160.0","4177.061","7614.266","semi","2026-01-28T08:28:16.879Z","28-01-2026 13:58:16"
4415,"1490826595608781","19.2","15.7","4.5","330.00","583.355","1344.379","semi","2026-01-28T08:28:03.964Z","28-01-2026 13:58:03"
4414,"1490826591423190","15.9","13.7","6.5","40.0","861.594","1424.178","semi","2026-01-28T08:27:57.146Z","28-01-2026 13:57:57"
4413,"44172610374404","19.3","12.5","3.7","150.0","292.468","900.215","semi","2026-01-28T08:27:45.984Z","28-01-2026 13:57:45"
4412,"1490826591990680","17.4","14.4","6.4","30.0","974.534","1606.244","semi","2026-01-28T08:27:37.672Z","28-01-2026 13:57:37"
4411,"1490826591998542","15.1","11.6","6.5","90.00","960.002","1140.455","semi","2026-01-28T08:27:31.984Z","28-01-2026 13:57:31"
4410,"1490826591439161","15.3","11.6","6.1","200.0","600.840","1078.678","semi","2026-01-28T08:27:22.170Z","28-01-2026 13:57:22"
4409,"1490826591974742","17.6","17.2","3.7","130.0","514.084","1125.542","semi","2026-01-28T08:27:18.421Z","28-01-2026 13:57:18"
4408,"1490826591527346","16.0","14.1","5.3","20.0","668.223","1202.014","semi","2026-01-28T08:27:14.123Z","28-01-2026 13:57:14"
4407,"1490826591456031","15.8","12.8","5.3","120.0","655.946","1071.219","semi","2026-01-28T08:27:09.871Z","28-01-2026 13:57:09"
4406,"1490826591968862","13.9","10.9","7.1","130.0","653.371","1075.286","semi","2026-01-28T08:27:06.394Z","28-01-2026 13:57:06"
4405,"1490826591545734","14.3","13.7","5.2","80.0","437.491","1022.152","semi","2026-01-28T08:27:01.679Z","28-01-2026 13:57:01"
4404,"1490826591356885","19.1","16.1","2.2","30.0","387.104","684.409","semi","2026-01-28T08:26:57.575Z","28-01-2026 13:56:57"
4403,"1490826593125111","17.4","11.6","5.5","40.0","749.913","1108.042","semi","2026-01-28T08:26:53.096Z","28-01-2026 13:56:53"
4402,"1490826591474710","15.9","11.4","5.9","90.0","925.461","1069.000","semi","2026-01-28T08:26:48.027Z","28-01-2026 13:56:48"
4401,"1490826591962341","14.4","11.8","5.7","210.0","479.013","971.562","semi","2026-01-28T08:26:41.887Z","28-01-2026 13:56:41"
4400,"1490826591401840","15.3","10.1","6.1","40.0","801.508","932.757","semi","2026-01-28T08:25:43.463Z","28-01-2026 13:55:43"
4399,"1490826591962341","15.6","12.4","6.1","200.0","498.429","1176.512","semi","2026-01-28T08:25:40.439Z","28-01-2026 13:55:40"
4398,"1490826591536822","15.8","7.2","7.0","20.0","690.640","799.293","semi","2026-01-28T08:25:37.279Z","28-01-2026 13:55:37"
4397,"41332216562942","16.9","13.5","5.2","100.0","625.560","1192.395","semi","2026-01-28T08:25:33.060Z","28-01-2026 13:55:33"
4396,"44172610374986","22.4","18.2","9.7","50.00","2213.271","3977.666","semi","2026-01-28T08:25:27.191Z","28-01-2026 13:55:27"
4395,"1490826594383070","19.2","15.2","4.5","540.0","556.255","1308.328","semi","2026-01-28T08:25:18.771Z","28-01-2026 13:55:18"
4394,"1490826591402142","17.8","16.8","7.0","40.0","1034.310","2090.356","semi","2026-01-28T08:25:15.158Z","28-01-2026 13:55:15"
4393,"1490826591956413","17.0","13.3","5.2","40.0","587.231","1185.216","semi","2026-01-28T08:25:10.835Z","28-01-2026 13:55:10"
4392,"44172610375583","15.4","14.1","4.2","70.00","479.696","913.795","semi","2026-01-28T08:24:53.844Z","28-01-2026 13:54:53"
4391,"1490826470734580","16.2","15.8","5.3","90.0","604.407","1358.472","semi","2026-01-28T08:24:47.364Z","28-01-2026 13:54:47"
4390,"1490826541015840","22.0","21.3","11.9","40.00","2629.986","5609.535","semi","2026-01-28T08:24:42.252Z","28-01-2026 13:54:42"
4389,"1490826594383055","14.6","10.8","5.5","680.0","662.915","871.172","semi","2026-01-28T08:24:38.642Z","28-01-2026 13:54:38"
4388,"1490826599827040","24.5","17.1","2.5","80.0","609.518","1038.214","semi","2026-01-28T08:24:33.029Z","28-01-2026 13:54:33"
4387,"1091370200190372","18.6","17.6","7.2","130.0","1244.458","2366.762","semi","2026-01-28T08:24:27.294Z","28-01-2026 13:54:27"
4386,"1490826598817743","18.1","15.5","4.8","100.0","587.386","1336.671","semi","2026-01-28T08:24:11.214Z","28-01-2026 13:54:11"
4385,"1490826591340660","14.2","11.9","5.5","50.0","416.299","921.802","semi","2026-01-28T08:24:06.214Z","28-01-2026 13:54:06"
4384,"3159429623376","19.3","17.4","5.2","60.0","1122.390","1757.175","semi","2026-01-28T08:23:59.648Z","28-01-2026 13:53:59"
4383,"1490826594693085","21.8","15.1","11.3","200.0","2576.046","3716.220","semi","2026-01-28T08:23:55.531Z","28-01-2026 13:53:55"
4382,"1490826594346891","13.7","8.4","5.4","550.0","478.284","623.416","semi","2026-01-28T08:23:50.930Z","28-01-2026 13:53:50"
4381,"1490826484006204","15.1","10.8","4.2","120.0","382.611","689.623","semi","2026-01-28T08:23:46.887Z","28-01-2026 13:53:46"
4380,"1490826573987752","14.0","12.5","7.1","60.0","768.703","1244.120","semi","2026-01-28T08:23:42.809Z","28-01-2026 13:53:42"
4379,"1490826591389995","13.6","13.3","8.7","60.0","1129.052","1572.032","semi","2026-01-28T08:23:37.517Z","28-01-2026 13:53:37"
4378,"1490826597598833","21.7","12.2","10.7","180.0","2119.954","2836.077","semi","2026-01-28T08:23:33.030Z","28-01-2026 13:53:33"
4377,"1490826545531551","24.7","18.0","5.2","540.0","1175.158","2326.623","semi","2026-01-28T08:23:29.674Z","28-01-2026 13:53:29"
4376,"1490826594865005","11.8","11.5","5.3","80.0","477.924","719.470","semi","2026-01-28T08:23:25.733Z","28-01-2026 13:53:25"
4375,"1490826589099562","13.8","9.0","6.4","130.0","633.786","795.388","semi","2026-01-28T08:23:21.677Z","28-01-2026 13:53:21"
4374,"1490826603133490","19.8","15.6","3.6","50.0","735.596","1107.939","semi","2026-01-28T08:23:18.029Z","28-01-2026 13:53:18"
4373,"1490826561765096","17.3","13.0","1.5","300.0","213.196","340.286","semi","2026-01-28T08:23:09.303Z","28-01-2026 13:53:09"
4372,"1490826594852490","17.2","14.0","3.2","30.0","403.689","773.668","semi","2026-01-28T08:23:03.550Z","28-01-2026 13:53:03"
4371,"1490826529088654","16.4","15.6","5.2","70.00","715.214","1335.512","semi","2026-01-28T08:22:59.933Z","28-01-2026 13:52:59"
4370,"1652613477331","15.3","13.3","4.1","480.0","510.080","832.163","semi","2026-01-28T08:22:48.187Z","28-01-2026 13:52:48"
4369,"1490826576727714","19.7","17.7","4.0","40.0","815.766","1390.340","semi","2026-01-28T08:22:44.493Z","28-01-2026 13:52:44"
4368,"1490826594693450","15.1","14.4","1.3","100.0","194.513","284.130","semi","2026-01-28T08:22:40.277Z","28-01-2026 13:52:40"
4367,"1490826512774174","23.3","22.6","5.7","30.0","1548.917","3016.907","semi","2026-01-28T08:22:37.346Z","28-01-2026 13:52:37"
4366,"36288110010404","15.5","8.0","5.1","100.0","543.812","637.057","semi","2026-01-28T08:22:34.210Z","28-01-2026 13:52:34"
4365,"1490826572746070","17.8","14.8","3.7","70.0","554.151","982.839","semi","2026-01-28T08:22:26.019Z","28-01-2026 13:52:26"
4364,"1490826594671223","17.3","14.5","8.8","40.0","1153.214","2191.919","semi","2026-01-28T08:22:22.611Z","28-01-2026 13:52:22"
4363,"1490826595534043","10.5","9.8","5.2","290.0","514.227","535.775","semi","2026-01-28T08:22:19.114Z","28-01-2026 13:52:19"
4362,"39505213424691","15.9","12.7","4.9","100.0","531.723","996.565","semi","2026-01-28T08:22:15.140Z","28-01-2026 13:52:15"
4361,"1490826545678481","18.3","14.5","5.7","70.00","862.836","1519.296","semi","2026-01-28T08:21:43.511Z","28-01-2026 13:51:43"
4360,"40651410123071","15.7","14.3","5.6","110.0","778.707","1263.193","semi","2026-01-28T08:21:40.024Z","28-01-2026 13:51:40"
4359,"44172610380225","16.2","8.9","5.5","60.0","339.668","790.736","semi","2026-01-28T08:21:34.314Z","28-01-2026 13:51:34"
4358,"39241610149214","14.3","11.2","7.3","50.00","763.122","1167.140","semi","2026-01-28T08:21:24.050Z","28-01-2026 13:51:24"
4357,"1490826545425431","18.4","16.2","7.5","50.0","1245.623","2248.696","semi","2026-01-28T08:21:18.314Z","28-01-2026 13:51:18"
4356,"31411210112593","19.1","15.9","7.4","100.0","1506.030","2246.553","semi","2026-01-28T08:21:12.414Z","28-01-2026 13:51:12"
4355,"1490826595441374","25.0","14.8","9.1","230.0","1587.839","3376.890","semi","2026-01-28T08:21:08.517Z","28-01-2026 13:51:08"
4354,"44547810034366","21.2","20.7","7.6","110.0","2024.855","3355.152","semi","2026-01-28T08:21:04.551Z","28-01-2026 13:51:04"
4353,"1490826605983680","15.2","10.0","7.1","150.0","790.240","1079.223","semi","2026-01-28T08:20:57.603Z","28-01-2026 13:50:57"
4352,"7269563842015","19.1","13.8","3.7","120.0","591.533","977.791","semi","2026-01-28T08:20:51.290Z","28-01-2026 13:50:51"
4351,"1490826561762510","12.5","11.0","9.1","70.0","1054.091","1252.176","semi","2026-01-28T08:20:47.048Z","28-01-2026 13:50:47"
4350,"1490826592823831","16.3","10.7","5.5","60.0","793.310","956.681","semi","2026-01-28T08:20:41.914Z","28-01-2026 13:50:41"
4349,"1490826575723310","18.0","15.3","5.1","120.0","803.489","1395.625","semi","2026-01-28T08:20:33.808Z","28-01-2026 13:50:33"
4348,"1490826585494971","14.5","13.8","6.1","50.0","795.431","1230.459","semi","2026-01-28T08:20:30.113Z","28-01-2026 13:50:30"
4347,"37504610064164","10.3","6.0","7.5","40.0","296.993","462.989","semi","2026-01-28T08:20:26.418Z","28-01-2026 13:50:26"
4346,"1490826525235305","15.0","14.6","4.0","80.0","425.615","869.782","semi","2026-01-28T08:20:23.032Z","28-01-2026 13:50:23"
4345,"1490826541693112","14.4","14.1","2.6","10.0","388.143","531.150","semi","2026-01-28T08:20:13.159Z","28-01-2026 13:50:13"
4344,"34323019638403","14.5","14.5","5.0","100.0","681.436","1046.007","semi","2026-01-28T08:20:08.169Z","28-01-2026 13:50:08"
4343,"1490826536893481","13.7","9.1","6.5","170.0","433.858","809.650","semi","2026-01-28T08:20:05.119Z","28-01-2026 13:50:05"
4342,"1490826591319166","17.4","11.3","5.7","40.0","649.633","1129.522","semi","2026-01-28T08:20:01.012Z","28-01-2026 13:50:01"
4341,"34323019650771","16.7","14.8","3.2","280.0","466.895","796.351","semi","2026-01-28T08:19:47.988Z","28-01-2026 13:49:47"
4340,"1490826559553575","23.2","17.8","6.6","40.0","1536.637","2713.594","semi","2026-01-28T08:19:39.881Z","28-01-2026 13:49:39"
4339,"46445310009041","18.7","17.3","7.8","60.0","1340.329","2523.959","semi","2026-01-28T08:19:34.044Z","28-01-2026 13:49:34"
4338,"23056518406742","19.3","14.9","7.3","250.0","1356.390","2112.882","semi","2026-01-28T08:19:26.288Z","28-01-2026 13:49:26"
4337,"1490826600133485","18.5","16.3","8.7","60.0","1593.333","2631.537","semi","2026-01-28T08:19:20.749Z","28-01-2026 13:49:20"
4336,"1490826577205254","13.4","12.1","5.5","80.0","463.364","887.207","semi","2026-01-28T08:19:17.271Z","28-01-2026 13:49:17"
4335,"34323019637961","18.7","11.7","3.2","50.0","490.687","694.719","semi","2026-01-28T08:19:13.230Z","28-01-2026 13:49:13"
4334,"1490826558746276","17.2","12.2","5.5","50.0","522.873","1146.245","semi","2026-01-28T08:19:09.147Z","28-01-2026 13:49:09"
4333,"41175210044892","15.0","14.6","3.2","50.0","473.900","706.773","semi","2026-01-28T08:19:05.606Z","28-01-2026 13:49:05"
4332,"1490826570355511","29.4","23.1","4.0","10.0","1486.976","2696.715","semi","2026-01-28T08:19:00.771Z","28-01-2026 13:49:00"
4331,"1490826576444564","13.6","13.0","5.7","120.0","558.510","1007.869","semi","2026-01-28T08:18:55.754Z","28-01-2026 13:48:55"
4330,"34323019632475","14.8","12.3","4.2","50.0","420.419","769.182","semi","2026-01-28T08:18:34.486Z","28-01-2026 13:48:34"
4329,"1490826545373432","16.7","12.7","5.4","60.0","655.036","1147.649","semi","2026-01-28T08:18:30.751Z","28-01-2026 13:48:30"
4328,"44172610374706","16.8","9.3","8.2","90.0","815.642","1276.081","semi","2026-01-28T08:18:25.897Z","28-01-2026 13:48:25"
4327,"7269563841886","14.0","8.5","4.3","120.0","413.698","512.262","semi","2026-01-28T08:18:18.145Z","28-01-2026 13:48:18"
4326,"1490826580026011","15.9","11.6","4.6","110.0","461.727","845.582","semi","2026-01-28T08:18:12.154Z","28-01-2026 13:48:12"
4325,"1490826574006151","20.9","16.7","6.0","70.0","1051.332","2086.632","semi","2026-01-28T08:18:07.960Z","28-01-2026 13:48:07"
4324,"39241610148680","20.3","14.6","6.2","50.0","1166.925","1851.349","semi","2026-01-28T08:17:59.690Z","28-01-2026 13:47:59"
4323,"41175210045124","20.2","15.3","6.3","90.0","1273.571","1952.266","semi","2026-01-28T08:17:52.558Z","28-01-2026 13:47:52"
4322,"39241610149030","16.8","11.8","5.7","80.0","687.298","1130.824","semi","2026-01-28T08:17:47.341Z","28-01-2026 13:47:47"
4321,"34323019648553","14.8","12.9","2.7","260.0","403.978","516.737","semi","2026-01-28T08:17:43.494Z","28-01-2026 13:47:43"
4320,"19041864756383","12.9","10.1","3.9","70.0","466.287","505.392","semi","2026-01-28T08:17:40.016Z","28-01-2026 13:47:40"
4319,"5662089481452","15.3","15.2","4.2","160.0","337.270","977.707","semi","2026-01-28T08:17:34.224Z","28-01-2026 13:47:34"
4318,"1490826568012832","19.0","13.9","1.3","60.0","203.929","343.949","semi","2026-01-28T08:17:29.979Z","28-01-2026 13:47:29"
4317,"1490826568411412","16.9","14.4","6.4","60.00","847.651","1567.408","semi","2026-01-28T08:17:22.895Z","28-01-2026 13:47:22"
4316,"44172610374065","15.8","13.7","6.9","100.0","830.498","1493.636","semi","2026-01-28T08:17:03.551Z","28-01-2026 13:47:03"
4315,"44172610375126","17.3","16.9","5.7","130.0","711.891","1672.195","semi","2026-01-28T08:16:49.812Z","28-01-2026 13:46:49"
4314,"41175210044472","17.5","8.9","11.2","50.0","1364.422","1745.015","semi","2026-01-28T08:16:45.139Z","28-01-2026 13:46:45"
4313,"1490826589147545","15.7","13.9","6.4","130.0","737.619","1403.720","semi","2026-01-28T08:16:38.394Z","28-01-2026 13:46:38"
4312,"44172610374415","21.0","15.9","5.7","50.0","1103.483","1918.374","semi","2026-01-28T08:16:31.839Z","28-01-2026 13:46:31"
4311,"39241610148341","16.1","11.5","4.5","40.0","546.442","827.753","semi","2026-01-28T08:16:26.513Z","28-01-2026 13:46:26"
4310,"1490826577588261","16.2","10.2","4.2","60.0","483.411","689.478","semi","2026-01-28T08:16:20.150Z","28-01-2026 13:46:20"
4309,"1490826541387466","19.3","15.7","4.0","70.0","706.008","1199.778","semi","2026-01-28T08:16:16.566Z","28-01-2026 13:46:16"
4308,"SLP4814383874","13.8","11.5","8.0","140.0","879.178","1272.040","semi","2026-01-28T08:16:08.119Z","28-01-2026 13:46:08"
4307,"1490826575785116","17.7","7.5","8.3","110.0","748.624","1100.318","semi","2026-01-28T08:16:03.260Z","28-01-2026 13:46:03"
4306,"7269563659536","12.7","12.0","5.5","80.00","403.368","833.750","semi","2026-01-28T08:15:58.580Z","28-01-2026 13:45:58"
4305,"34323019648693","20.2","16.5","5.5","40.0","775.636","1825.584","semi","2026-01-28T08:15:52.475Z","28-01-2026 13:45:52"
4304,"41175210045205","17.8","15.6","7.1","50.0","1146.644","1967.412","semi","2026-01-28T08:15:45.257Z","28-01-2026 13:45:45"
4303,"41175210044855","14.9","11.4","5.9","80.00","825.602","1010.216","semi","2026-01-28T08:15:41.945Z","28-01-2026 13:45:41"
4302,"1490826591438402","12.1","12.1","9.4","190.0","1037.925","1378.945","semi","2026-01-28T08:15:38.443Z","28-01-2026 13:45:38"
4301,"1490826557965010","16.0","6.7","8.2","40.00","784.141","884.770","semi","2026-01-28T08:15:35.100Z","28-01-2026 13:45:35"
4300,"1490826590916051","17.4","14.6","4.7","190.0","560.058","1202.499","semi","2026-01-28T08:15:22.495Z","28-01-2026 13:45:22"
4299,"1490826591956030","18.0","14.9","4.2","20.0","522.314","1133.742","semi","2026-01-28T08:15:18.056Z","28-01-2026 13:45:18"
4298,"1490826541873760","14.2","10.4","5.5","20.0","384.035","811.334","semi","2026-01-28T08:15:13.073Z","28-01-2026 13:45:13"
4297,"3159429624323441","15.8","15.4","3.7","40.0","415.781","906.426","semi","2026-01-28T08:15:07.283Z","28-01-2026 13:45:07"
4296,"7269563675076","15.3","11.4","4.6","","423.661","795.370","semi","2026-01-28T08:14:44.275Z","28-01-2026 13:44:44"
4295,"1490826545678820","22.0","17.6","13.0","50.00","3768.555","5047.534","semi","2026-01-28T08:14:40.435Z","28-01-2026 13:44:40"
4294,"1490826589147501","19.1","11.0","6.0","220.0","489.776","1255.395","semi","2026-01-28T08:14:34.381Z","28-01-2026 13:44:34"
4293,"34323019650620","14.2","13.8","3.7","220.0","265.874","733.738","semi","2026-01-28T08:14:27.534Z","28-01-2026 13:44:27"
4292,"1490826475457620","16.4","14.9","4.5","","427.585","1090.551","semi","2026-01-28T08:14:21.723Z","28-01-2026 13:44:21"
4291,"44172610376795","19.5","14.9","3.7","20.0","610.278","1087.370","semi","2026-01-28T08:14:16.027Z","28-01-2026 13:44:16"
4290,"1490826564442460","15.6","11.0","4.5","30.0","420.069","768.135","semi","2026-01-28T08:14:09.616Z","28-01-2026 13:44:09"
4289,"1490826546721654","19.4","14.5","4.2","","664.718","1188.724","semi","2026-01-28T08:14:05.068Z","28-01-2026 13:44:05"
4288,"1490826575271202","18.6","9.0","9.5","10.0","1399.388","1592.565","semi","2026-01-28T08:14:01.378Z","28-01-2026 13:44:01"
4287,"48338810011001","15.0","13.1","5.5","330.0","684.499","1072.100","semi","2026-01-28T08:13:56.657Z","28-01-2026 13:43:56"
4286,"44172610373822","18.3","15.7","2.5","40.0","441.641","709.254","semi","2026-01-28T08:13:52.529Z","28-01-2026 13:43:52"
4285,"1490826510254104","17.4","15.3","4.1","20.0","720.504","1084.003","semi","2026-01-28T08:13:47.184Z","28-01-2026 13:43:47"
4284,"1490826581358693","18.2","9.2","5.3","90.00","577.580","890.148","semi","2026-01-28T08:13:42.841Z","28-01-2026 13:43:42"
4283,"1490826572745893","17.5","9.6","5.9","40.0","785.799","983.755","semi","2026-01-28T08:13:39.880Z","28-01-2026 13:43:39"
4282,"1490826578164195","10.5","9.8","7.6","80.00","570.312","787.954","semi","2026-01-28T08:13:36.254Z","28-01-2026 13:43:36"
4281,"44172610377101","18.2","14.5","4.3","100.0","774.927","1141.535","semi","2026-01-28T08:13:30.687Z","28-01-2026 13:43:30"
4280,"1490826564422252","14.7","9.5","6.2","30.000","676.423","863.868","semi","2026-01-28T08:13:20.087Z","28-01-2026 13:43:20"
4279,"1490826580729065","14.5","14.3","4.2","110.0","413.916","877.648","semi","2026-01-28T08:13:07.568Z","28-01-2026 13:43:07"
4278,"1490826568009881","15.9","9.8","3.9","90.0","322.192","608.420","semi","2026-01-28T08:13:04.164Z","28-01-2026 13:43:04"
4277,"1490826568016122","14.7","12.6","4.2","70.0","456.962","782.389","semi","2026-01-28T08:13:00.358Z","28-01-2026 13:43:00"
4276,"1490826574006394","21.9","13.5","10.5","70.00","2710.847","3101.560","semi","2026-01-28T08:12:54.152Z","28-01-2026 13:42:54"
4275,"1490826583294436","15.0","9.7","6.5","290.0","419.890","942.613","semi","2026-01-28T08:12:48.368Z","28-01-2026 13:42:48"
4274,"1490826591319310","23.9","13.3","14.9","40.0","2976.947","4748.293","semi","2026-01-28T08:12:44.263Z","28-01-2026 13:42:44"
4273,"1490826589147641","13.0","12.3","8.0","210.0","830.404","1269.651","semi","2026-01-28T08:12:32.723Z","28-01-2026 13:42:32"
4272,"1490826545425372","14.7","13.0","5.5","60.0","622.624","1051.274","semi","2026-01-28T08:12:26.958Z","28-01-2026 13:42:26"
4271,"1490826470734484","15.1","14.5","5.5","100.0","590.046","1203.676","semi","2026-01-28T08:12:22.289Z","28-01-2026 13:42:22"
4270,"44172610375535","14.4","11.5","3.8","50.00","281.403","636.831","semi","2026-01-28T08:12:18.151Z","28-01-2026 13:42:18"
4269,"1490826580936641","21.4","15.7","5.5","140.0","840.434","1840.807","semi","2026-01-28T08:12:08.522Z","28-01-2026 13:42:08"
4268,"47717410004701","22.2","17.8","10.6","50.0","3184.017","4190.940","semi","2026-01-28T08:12:04.843Z","28-01-2026 13:42:04"
4267,"1490826583294366","15.8","11.1","4.2","260.0","382.049","738.263","semi","2026-01-28T08:11:55.287Z","28-01-2026 13:41:55"
4266,"1490826545373874","17.8","12.4","2.4","80.0","321.138","533.129","semi","2026-01-28T08:11:50.180Z","28-01-2026 13:41:50"
4265,"1490826579047013","14.9","13.9","5.0","30.0","721.754","1032.832","semi","2026-01-28T08:11:46.317Z","28-01-2026 13:41:46"
4264,"1490826571288961","14.9","13.1","1.7","180.0","244.572","330.269","semi","2026-01-28T08:11:37.733Z","28-01-2026 13:41:37"
4263,"1490826500275232","13.8","8.8","4.8","70.0","509.758","585.873","semi","2026-01-28T08:11:33.205Z","28-01-2026 13:41:33"
4262,"31268110001713","15.0","14.4","4.0","150.0","415.738","861.136","semi","2026-01-28T08:11:28.267Z","28-01-2026 13:41:28"
4261,"7269564231624","14.4","13.7","12.0","20.0","1453.844","2385.617","semi","2026-01-28T08:09:43.316Z","28-01-2026 13:39:43"
4260,"1490826515150906","15.1","6.6","3.6","30.00","208.114","358.159","semi","2026-01-28T08:09:35.502Z","28-01-2026 13:39:35"
4259,"1490826601225161","27.2","20.4","9.3","120.00","3682.106","5179.435","semi","2026-01-28T08:09:29.491Z","28-01-2026 13:39:29"
4258,"1490826568891166","16.3","13.6","6.2","390.0","784.056","1379.660","semi","2026-01-28T08:09:18.446Z","28-01-2026 13:39:18"
4257,"44370710021873","14.2","10.0","6.1","50.0","740.356","874.956","semi","2026-01-28T08:09:13.523Z","28-01-2026 13:39:13"
4256,"35693013315174","17.4","14.5","4.3","90.00","725.902","1089.289","semi","2026-01-28T08:09:08.227Z","28-01-2026 13:39:08"
4255,"1490826587411324","9.8","8.6","4.8","40.0","314.303","405.462","semi","2026-01-28T08:09:03.476Z","28-01-2026 13:39:03"
4254,"1490826528403310","18.2","17.3","5.2","50.0","1016.965","1639.007","semi","2026-01-28T08:08:59.783Z","28-01-2026 13:38:59"
4253,"2535230509671","18.2","17.3","5.2","130.0","1016.965","1639.007","semi","2026-01-28T08:08:56.574Z","28-01-2026 13:38:56"
4252,"1490826586313875","16.6","14.8","4.2","50.0","449.861","1037.559","semi","2026-01-28T08:08:52.168Z","28-01-2026 13:38:52"
4251,"1490826566830856","10.5","9.9","5.3","60.00","507.223","549.039","semi","2026-01-28T08:08:48.836Z","28-01-2026 13:38:48"
4250,"40441725706950","16.4","13.1","9.0","100.0","1336.591","1921.129","semi","2026-01-28T08:08:45.297Z","28-01-2026 13:38:45"
4249,"1490826542236054","16.4","13.1","9.0","250.0","1336.591","1921.129","semi","2026-01-28T08:08:27.326Z","28-01-2026 13:38:27"
4248,"1490826598463930","19.9","11.8","4.2","50.0","500.480","993.046","semi","2026-01-28T08:08:23.889Z","28-01-2026 13:38:23"
4247,"1490826578162390","19.8","7.4","2.5","80.0","239.877","363.643","semi","2026-01-28T08:08:20.302Z","28-01-2026 13:38:20"
4246,"1490826572132026","15.7","14.4","4.5","60.0","639.724","1013.784","semi","2026-01-28T08:08:09.271Z","28-01-2026 13:38:09"
4245,"1490826570637504","15.6","15.2","5.5","90.0","633.657","1302.133","semi","2026-01-28T08:08:05.391Z","28-01-2026 13:38:05"
4244,"44172610379444","15.6","15.2","5.5","40.0","633.657","1302.133","semi","2026-01-28T08:08:01.865Z","28-01-2026 13:38:01"
4243,"1490710188645190","10.2","10.2","5.4","10.0","508.094","558.016","semi","2026-01-28T08:07:57.120Z","28-01-2026 13:37:57"
4242,"40441725471794","21.6","16.3","1.3","90.00","412.878","468.089","semi","2026-01-28T08:07:53.737Z","28-01-2026 13:37:53"
4241,"1490826534645582","16.8","9.7","4.9","40.0","590.619","795.792","semi","2026-01-28T08:07:49.372Z","28-01-2026 13:37:49"
4240,"1490826573987520","19.1","13.8","2.4","150.0","528.880","636.380","semi","2026-01-28T08:07:43.915Z","28-01-2026 13:37:43"
4239,"1490826575691692","15.4","11.4","2.9","70.0","337.132","500.586","semi","2026-01-28T08:07:35.972Z","28-01-2026 13:37:35"
4238,"1490826504462886","17.2","16.3","3.8","120.0","594.040","1056.030","semi","2026-01-28T08:07:28.014Z","28-01-2026 13:37:28"
4237,"1490826581956040","19.0","13.8","3.2","120.0","386.611","845.585","semi","2026-01-28T08:07:24.141Z","28-01-2026 13:37:24"
4236,"1490826603586810","15.8","14.6","3.5","70.0","460.070","803.275","semi","2026-01-28T08:07:11.276Z","28-01-2026 13:37:11"
4235,"1490826564337725","18.8","13.5","6.5","50.0","1180.280","1649.723","semi","2026-01-28T08:06:52.774Z","28-01-2026 13:36:52"
4234,"7269563890595","22.5","20.7","5.5","250.0","1230.376","2559.621","semi","2026-01-28T08:06:48.779Z","28-01-2026 13:36:48"
4233,"1490826560572775","19.7","19.6","3.7","240.0","505.801","1440.158","semi","2026-01-28T08:06:44.816Z","28-01-2026 13:36:44"
4232,"280890189755590","15.0","10.8","7.8","140.0","979.058","1269.879","semi","2026-01-28T08:06:40.893Z","28-01-2026 13:36:40"
4231,"1490826591967591","14.3","13.6","9.0","210.0","303.868","1749.044","semi","2026-01-28T08:06:36.417Z","28-01-2026 13:36:36"
4230,"44172610380192","14.3","13.6","9.0","100.0","303.868","1749.044","semi","2026-01-28T08:06:32.753Z","28-01-2026 13:36:32"
4229,"4092410333793","33.4","22.5","6.5","20.0","2771.277","4859.694","semi","2026-01-28T08:06:12.182Z","28-01-2026 13:36:12"
4228,"1490826566172963","15.2","7.8","3.7","380.0","384.816","435.630","semi","2026-01-28T08:06:07.941Z","28-01-2026 13:36:07"
4227,"1490826507995101","17.9","16.5","7.4","160.0","1356.446","2195.971","semi","2026-01-28T08:06:03.181Z","28-01-2026 13:36:03"
4226,"1490826591319586","14.8","12.2","5.6","40.0","796.667","1009.503","semi","2026-01-28T08:05:58.936Z","28-01-2026 13:35:58"
4225,"1490826591997621","16.3","15.1","5.7","90.0","908.047","1398.418","semi","2026-01-28T08:05:55.047Z","28-01-2026 13:35:55"
4224,"1490826591491425","10.1","9.9","10.2","160.0","922.811","1022.079","semi","2026-01-28T08:05:47.754Z","28-01-2026 13:35:47"
4223,"31187510436166","14.4","12.6","6.5","70.0","804.542","1182.236","semi","2026-01-28T08:05:41.090Z","28-01-2026 13:35:41"
4222,"44172610374500","20.4","16.7","4.7","150.0","1024.225","1614.449","semi","2026-01-28T08:05:37.124Z","28-01-2026 13:35:37"
4221,"1490826571101431","13.7","11.7","7.1","130.0","700.065","1135.299","semi","2026-01-28T08:05:32.633Z","28-01-2026 13:35:32"
4220,"1490826556678336","13.8","10.5","5.1","260.0","482.503","742.436","semi","2026-01-28T08:05:28.290Z","28-01-2026 13:35:28"
4219,"1490826591340682","11.4","6.1","11.5","60.00","525.125","792.001","semi","2026-01-28T08:05:20.513Z","28-01-2026 13:35:20"
4218,"44172610375734","11.4","6.1","11.5","150.0","525.125","792.001","semi","2026-01-28T08:05:16.017Z","28-01-2026 13:35:16"
4217,"1490826596289096","18.3","11.2","1.9","40.0","228.973","397.966","semi","2026-01-28T08:05:07.912Z","28-01-2026 13:35:07"
4216,"1490826570610521","19.3","14.3","6.5","30.0","1236.587","1793.216","semi","2026-01-28T08:05:04.408Z","28-01-2026 13:35:04"
4215,"7269563583612","14.8","11.7","6.5","250.0","864.315","1126.991","semi","2026-01-28T08:05:00.442Z","28-01-2026 13:35:00"
4214,"44172610374253","15.3","14.5","3.8","200.0","458.444","849.059","semi","2026-01-28T08:04:55.554Z","28-01-2026 13:34:55"
4213,"1490826571753400","14.3","12.0","7.0","80.0","800.466","1208.932","semi","2026-01-28T08:04:52.304Z","28-01-2026 13:34:52"
4212,"44172610373903","17.4","15.6","11.7","160.0","1638.125","3171.268","semi","2026-01-28T08:04:48.743Z","28-01-2026 13:34:48"
4211,"1490826537721673","20.0","11.7","1.4","40.0","231.428","328.552","semi","2026-01-28T08:04:40.439Z","28-01-2026 13:34:40"
4210,"1490826576711356","24.3","17.9","6.2","80.0","1458.052","2699.764","semi","2026-01-28T08:04:25.525Z","28-01-2026 13:34:25"
4209,"44547810034650","17.5","8.7","6.4","210.0","636.403","983.137","semi","2026-01-28T08:04:20.923Z","28-01-2026 13:34:20"
4208,"7269563659584","14.3","13.7","2.5","80.0","379.317","490.139","semi","2026-01-28T08:04:17.001Z","28-01-2026 13:34:17"
4207,"1490826568407201","16.2","11.2","4.2","50.0","453.192","765.829","semi","2026-01-28T08:04:11.934Z","28-01-2026 13:34:11"
4206,"1490826578169272","18.0","11.9","5.2","60.0","609.687","1120.944","semi","2026-01-28T08:04:06.480Z","28-01-2026 13:34:06"
4205,"1490826521230900","18.0","11.9","5.2","70.0","609.687","1120.944","semi","2026-01-28T08:03:59.992Z","28-01-2026 13:33:59"
4204,"1490826561766194","14.5","12.6","4.7","20.0","516.420","868.170","semi","2026-01-28T08:03:55.174Z","28-01-2026 13:33:55"
4203,"1490826541547383","16.5","7.7","7.4","40.00","631.133","930.398","semi","2026-01-28T08:03:45.742Z","28-01-2026 13:33:45"
4202,"7269563659632","20.4","11.7","14.3","100.0","2442.610","3399.346","semi","2026-01-28T08:03:33.737Z","28-01-2026 13:33:33"
4201,"1490826589147420","32.4","9.4","7.8","280.0","1495.980","2378.204","semi","2026-01-28T08:03:25.864Z","28-01-2026 13:33:25"
4200,"1490826599830875","16.4","13.8","6.6","380.00","835.024","1494.431","semi","2026-01-28T08:03:22.217Z","28-01-2026 13:33:22"
4199,"1490826600794543","17.4","12.0","5.9","50.0","741.241","1234.671","semi","2026-01-28T08:03:16.815Z","28-01-2026 13:33:16"
4198,"40651410122916","30.3","17.2","12.4","50.0","4507.672","6470.569","semi","2026-01-28T08:02:58.126Z","28-01-2026 13:32:58"
4197,"1490826603398403","14.3","10.5","3.3","550.0","327.416","501.978","semi","2026-01-28T08:02:52.756Z","28-01-2026 13:32:52"
4196,"1490826568016181","19.6","17.1","6.2","70.0","1224.916","2077.204","semi","2026-01-28T08:02:48.713Z","28-01-2026 13:32:48"
4195,"41175210044553","20.4","16.5","4.7","90.00","867.855","1586.102","semi","2026-01-28T08:02:44.719Z","28-01-2026 13:32:44"
4194,"1490826598026231","20.4","16.5","4.7","120.0","867.855","1586.102","semi","2026-01-28T08:02:41.001Z","28-01-2026 13:32:41"
4193,"1490826539939726","15.7","12.2","5.5","70.0","501.423","1053.481","semi","2026-01-28T08:02:36.071Z","28-01-2026 13:32:36"
4192,"1490826537167516","18.6","14.9","5.5","90.00","595.777","1525.734","semi","2026-01-28T08:02:31.553Z","28-01-2026 13:32:31"
4191,"46421710006683","22.9","19.9","7.1","50.0","1924.328","3227.331","semi","2026-01-28T08:02:11.355Z","28-01-2026 13:32:11"
4190,"1490826527675052","11.6","11.2","5.0","100.0","453.986","655.988","semi","2026-01-28T08:02:07.313Z","28-01-2026 13:32:07"
4189,"34323019634181","15.8","13.4","2.6","60.0","267.575","554.416","semi","2026-01-28T08:01:59.691Z","28-01-2026 13:31:59"
4188,"1490826583331455","29.5","18.2","6.9","30.0","1700.192","3723.650","semi","2026-01-28T08:01:52.015Z","28-01-2026 13:31:52"
4187,"1490826604352223","14.9","13.4","5.3","120.0","647.931","1057.533","semi","2026-01-28T08:01:33.905Z","28-01-2026 13:31:33"
4186,"34323019648391","14.9","14.0","2.0","90.00","367.848","426.621","semi","2026-01-28T08:01:24.676Z","28-01-2026 13:31:24"
4185,"1490826525172342","14.4","11.9","4.0","120.0","506.036","685.092","semi","2026-01-28T08:01:17.022Z","28-01-2026 13:31:17"
4184,"1490826599823035","18.6","10.2","4.2","90.00","423.517","806.537","semi","2026-01-28T08:01:10.531Z","28-01-2026 13:31:10"
4183,"1490826564339652","14.7","13.3","4.3","90.00","547.232","844.786","semi","2026-01-28T08:01:04.549Z","28-01-2026 13:31:04"
4182,"1490826564341295","16.7","14.3","5.1","80.00","816.210","1226.985","semi","2026-01-28T08:01:01.030Z","28-01-2026 13:31:01"
4181,"1490826594225953","19.1","18.7","3.2","110.0","651.420","1149.253","semi","2026-01-28T08:00:53.182Z","28-01-2026 13:30:53"
4180,"1490826594708043","14.3","6.1","4.4","110.00","284.947","382.583","semi","2026-01-28T08:00:49.132Z","28-01-2026 13:30:49"
4179,"1490826592378174","9.8","9.1","10.7","60.0","880.336","952.328","semi","2026-01-28T08:00:42.186Z","28-01-2026 13:30:42"
4178,"31187510435890","12.6","12.0","5.7","60.0","330.501","863.085","semi","2026-01-28T08:00:38.702Z","28-01-2026 13:30:38"
4177,"34323019648774","22.6","17.4","5.5","60.0","731.157","2147.786","semi","2026-01-28T08:00:31.894Z","28-01-2026 13:30:31"
4176,"47758410005935","21.7","5.8","4.6","60.0","433.281","575.981","semi","2026-01-28T08:00:26.002Z","28-01-2026 13:30:26"
4175,"1490826592370231","19.6","18.4","7.9","70.0","1769.930","2867.610","semi","2026-01-28T08:00:20.984Z","28-01-2026 13:30:20"
4174,"23056518415352","17.4","16.3","6.0","370.0","1083.433","1692.469","semi","2026-01-28T08:00:15.227Z","28-01-2026 13:30:15"
4173,"1490826595840606","14.4","13.3","6.0","70.0","668.467","1144.198","semi","2026-01-28T08:00:11.772Z","28-01-2026 13:30:11"
4172,"1490826571353335","15.5","15.0","3.3","50.0","596.888","778.351","semi","2026-01-28T08:00:06.824Z","28-01-2026 13:30:06"
4171,"1490826581956062","18.0","12.3","4.1","120.0","663.019","910.380","semi","2026-01-28T08:00:02.753Z","28-01-2026 13:30:02"
4170,"1490826578162261","13.3","13.1","5.8","80.00","819.340","1005.422","semi","2026-01-28T07:59:59.286Z","28-01-2026 13:29:59"
4169,"1490826581939623","15.8","14.5","1.6","210.0","258.681","366.273","semi","2026-01-28T07:59:54.119Z","28-01-2026 13:29:54"
4168,"1490826574735713","15.1","12.9","4.5","80.0","475.939","869.147","semi","2026-01-28T07:59:49.327Z","28-01-2026 13:29:49"
4167,"1490826564339582","24.5","21.2","7.7","80.00","1957.799","4005.386","semi","2026-01-28T07:59:44.346Z","28-01-2026 13:29:44"
4166,"36288110010382","19.9","15.0","9.2","100.0","1638.977","2744.760","semi","2026-01-28T07:59:38.582Z","28-01-2026 13:29:38"
4165,"47758410005272","20.2","15.9","4.5","130.0","521.596","1430.502","semi","2026-01-28T07:59:32.580Z","28-01-2026 13:29:32"
4164,"1490826591961991","18.6","14.3","2.4","50.0","546.427","649.867","semi","2026-01-28T07:59:27.448Z","28-01-2026 13:29:27"
4163,"1490826523154124","17.4","15.4","4.6","70.0","570.363","1229.086","semi","2026-01-28T07:59:22.201Z","28-01-2026 13:29:22"
4162,"1490826591509441","21.8","18.7","3.7","20.0","809.242","1522.127","semi","2026-01-28T07:59:17.363Z","28-01-2026 13:29:17"
4161,"46444911046076","32.2","24.9","9.0","140.0","2994.097","7213.690","semi","2026-01-28T07:59:13.044Z","28-01-2026 13:29:13"
4160,"28449587563910","19.8","19.3","4.5","200.00","1002.800","1711.040","semi","2026-01-28T07:59:06.746Z","28-01-2026 13:29:06"
4159,"1490826590586056","17.3","14.0","2.4","100.0","422.865","578.482","semi","2026-01-28T07:58:59.576Z","28-01-2026 13:28:59"
4158,"1490826528689934","15.9","13.7","5.5","70.0","739.924","1190.400","semi","2026-01-28T07:58:55.601Z","28-01-2026 13:28:55"
4157,"44172610380671","13.9","11.2","4.7","90.00","316.697","733.025","semi","2026-01-28T07:58:51.832Z","28-01-2026 13:28:51"
4156,"1490826591423186","28.4","16.5","11.7","40.000","3476.534","5484.843","semi","2026-01-28T07:58:47.000Z","28-01-2026 13:28:47"
4155,"1490826574968662","18.2","12.2","5.2","380.0","560.216","1167.459","semi","2026-01-28T07:58:38.549Z","28-01-2026 13:28:38"
4154,"1490826591390684","14.7","11.5","4.0","50.00","415.069","672.130","semi","2026-01-28T07:58:31.955Z","28-01-2026 13:28:31"
4153,"1490826584730744","22.1","17.7","4.5","210.0","911.600","1750.345","semi","2026-01-28T07:58:27.246Z","28-01-2026 13:28:27"
4152,"46444911025091","16.6","16.0","10.0","80.00","1550.078","2655.263","semi","2026-01-28T07:58:21.740Z","28-01-2026 13:28:21"
4151,"47758410005471","15.5","15.1","2.0","120.0","341.755","464.431","semi","2026-01-28T07:58:16.715Z","28-01-2026 13:28:16"
4150,"1490826599357896","13.6","13.3","8.9","110.0","884.139","1618.476","semi","2026-01-28T07:58:11.249Z","28-01-2026 13:28:11"
4149,"1490826595894484","17.6","10.9","2.6","190.0","351.319","494.807","semi","2026-01-28T07:58:06.858Z","28-01-2026 13:28:06"
4148,"1490826527544826","15.7","7.3","5.5","120.0","543.843","626.330","semi","2026-01-28T07:58:03.623Z","28-01-2026 13:28:03"
4147,"1490826575931243","21.6","16.4","8.2","80.00","1661.928","2899.404","semi","2026-01-28T07:58:00.225Z","28-01-2026 13:28:00"
4146,"47758410005482","12.7","12.1","5.7","130.0","396.594","884.849","semi","2026-01-28T07:57:56.220Z","28-01-2026 13:27:56"
4145,"34323019636513","16.5","14.0","5.4","50.0","842.921","1247.400","semi","2026-01-28T07:57:53.062Z","28-01-2026 13:27:53"
4144,"7269564062994","18.1","12.6","6.4","210.0","790.723","1460.519","semi","2026-01-28T07:57:49.746Z","28-01-2026 13:27:49"
4143,"29753911002562","25.5","24.1","2.7","90.00","1162.867","1674.756","semi","2026-01-28T07:57:44.821Z","28-01-2026 13:27:44"
4142,"1490826594686612","13.0","12.9","5.7","210.0","363.304","965.658","semi","2026-01-28T07:57:36.992Z","28-01-2026 13:27:36"
4141,"34323019645613","15.1","11.4","6.2","50.00","653.998","1072.344","semi","2026-01-28T07:57:33.446Z","28-01-2026 13:27:33"
4140,"34323019636535","22.0","19.4","2.5","480.0","569.366","1058.048","semi","2026-01-28T07:57:25.855Z","28-01-2026 13:27:25"
4139,"1490826575727941","24.1","20.6","6.0","40.0","1741.051","2966.847","semi","2026-01-28T07:57:21.863Z","28-01-2026 13:27:21"
4138,"1490826584400963","15.3","7.4","5.2","120.0","507.984","593.045","semi","2026-01-28T07:57:17.580Z","28-01-2026 13:27:17"
4137,"1490826572751386","15.1","11.4","5.6","70.0","673.232","962.667","semi","2026-01-28T07:57:13.148Z","28-01-2026 13:27:13"
4136,"1490826596098044","16.6","11.2","4.8","110.0","437.389","901.160","semi","2026-01-28T07:57:09.682Z","28-01-2026 13:27:09"
4135,"1490826591340520","14.1","11.6","5.5","60.0","486.170","906.211","semi","2026-01-28T07:57:05.427Z","28-01-2026 13:27:05"
4134,"34323019636325","25.9","22.5","6.7","50.00","2274.493","3882.955","semi","2026-01-28T07:57:01.644Z","28-01-2026 13:27:01"
4133,"27685711107256","16.3","13.4","5.6","440.0","695.381","1218.030","semi","2026-01-28T07:56:49.157Z","28-01-2026 13:26:49"
4132,"44172610373376","21.1","20.1","13.0","60.0","3141.933","5502.444","semi","2026-01-28T07:56:45.649Z","28-01-2026 13:26:45"
4131,"1490826518949036","15.0","11.9","3.7","130.0","323.287","666.691","semi","2026-01-28T07:56:40.842Z","28-01-2026 13:26:40"
4130,"1490826535812843","12.8","7.3","6.5","90.00","468.689","608.350","semi","2026-01-28T07:56:35.639Z","28-01-2026 13:26:35"
4129,"1490826571123735","15.2","12.4","6.7","130.0","709.522","1261.290","semi","2026-01-28T07:56:31.936Z","28-01-2026 13:26:31"
4128,"1490826571773350","21.6","15.3","5.5","60.00","1150.197","1802.308","semi","2026-01-28T07:56:27.956Z","28-01-2026 13:26:27"
4127,"7269564061712","17.1","13.5","6.7","170.0","1044.777","1545.138","semi","2026-01-28T07:56:21.780Z","28-01-2026 13:26:21"
4126,"27813710295282","17.4","13.7","1.9","500.0","384.280","446.780","semi","2026-01-28T07:56:17.840Z","28-01-2026 13:26:17"
4125,"1490826571080766","14.6","13.4","3.8","50.0","499.797","740.855","semi","2026-01-28T07:56:11.071Z","28-01-2026 13:26:11"
4124,"1490826576679344","15.7","14.6","5.4","40.0","669.271","1233.705","semi","2026-01-28T07:56:06.331Z","28-01-2026 13:26:06"
4123,"1490826564300640","17.0","13.0","5.6","30.00","717.713","1227.652","semi","2026-01-28T07:56:02.551Z","28-01-2026 13:26:02"
4122,"34323019648785","18.1","12.6","5.8","250.0","638.768","1333.255","semi","2026-01-28T07:55:57.324Z","28-01-2026 13:25:57"
4121,"34323019650480","15.1","14.0","3.7","230.0","404.088","790.349","semi","2026-01-28T07:55:51.638Z","28-01-2026 13:25:51"
4120,"1490826571619490","17.7","13.7","4.8","80.00","776.939","1157.717","semi","2026-01-28T07:55:43.391Z","28-01-2026 13:25:43"
4119,"1490826594665800","18.5","14.4","3.2","50.00","502.485","858.351","semi","2026-01-28T07:55:37.788Z","28-01-2026 13:25:37"
4118,"1490826571773405","16.6","11.0","6.2","60.00","748.327","1132.067","semi","2026-01-28T07:55:30.988Z","28-01-2026 13:25:30"
4117,"1490826591967856","15.6","14.7","3.5","130.0","454.278","794.914","semi","2026-01-28T07:55:27.714Z","28-01-2026 13:25:27"
4116,"1490826564296683","19.9","14.6","2.5","40.0","551.584","716.846","semi","2026-01-28T07:55:24.444Z","28-01-2026 13:25:24"
4115,"21033410021162","12.6","9.7","3.9","180.0","457.718","481.178","semi","2026-01-28T07:55:20.615Z","28-01-2026 13:25:20"
4114,"5662089482686","18.2","14.3","5.7","170.0","671.273","1488.888","semi","2026-01-28T07:55:16.776Z","28-01-2026 13:25:16"
4113,"30634810201876","14.6","10.4","5.5","90.00","592.463","832.035","semi","2026-01-28T07:55:09.237Z","28-01-2026 13:25:09"
4112,"1490826575078746","10.5","10.2","5.3","110.0","517.021","564.728","semi","2026-01-28T07:55:04.492Z","28-01-2026 13:25:04"
4111,"40441725725172","13.7","11.7","6.5","100.0","759.293","1039.301","semi","2026-01-28T07:55:00.479Z","28-01-2026 13:25:00"
4110,"44172610378125","20.8","16.7","1.3","210.0","330.475","453.996","semi","2026-01-28T07:54:55.367Z","28-01-2026 13:24:55"
4109,"1490826517016605","15.0","12.7","6.4","60.0","640.100","1221.835","semi","2026-01-28T07:54:46.580Z","28-01-2026 13:24:46"
4108,"1490826591365565","13.7","12.3","5.7","50.00","410.321","966.632","semi","2026-01-28T07:54:42.875Z","28-01-2026 13:24:42"
4107,"34323019546681","18.4","17.1","4.2","60.00","681.698","1324.499","semi","2026-01-28T07:54:37.122Z","28-01-2026 13:24:37"
4106,"1490826591396494","20.9","17.1","6.4","50.0","1536.443","2270.090","semi","2026-01-28T07:54:27.105Z","28-01-2026 13:24:27"
4105,"1490826598855204","29.4","29.2","4.7","250.0","1965.567","4055.753","semi","2026-01-28T07:54:23.514Z","28-01-2026 13:24:23"
4104,"1490826595852753","18.6","18.6","4.0","290.0","842.864","1379.157","semi","2026-01-28T07:54:19.103Z","28-01-2026 13:24:19"
4103,"1490826594701662","17.5","17.3","4.2","150.0","558.304","1277.171","semi","2026-01-28T07:54:04.651Z","28-01-2026 13:24:04"
4102,"1490826568329033","17.5","14.0","9.0","100.0","1712.315","2224.049","semi","2026-01-28T07:54:01.198Z","28-01-2026 13:24:01"
4101,"47758410005736","15.4","10.0","5.7","180.0","784.246","875.437","semi","2026-01-28T07:53:55.540Z","28-01-2026 13:23:55"
4100,"1490826591432290","25.2","20.5","9.4","200.0","2701.965","4882.008","semi","2026-01-28T07:53:51.836Z","28-01-2026 13:23:51"
4099,"1490826594346924","16.3","11.1","4.2","550.0","138.657","759.782","semi","2026-01-28T07:53:47.069Z","28-01-2026 13:23:47"
4098,"1490826553265965","17.2","13.6","5.7","70.0","695.730","1336.196","semi","2026-01-28T07:53:43.689Z","28-01-2026 13:23:43"
4097,"44172610374463","13.8","10.1","2.7","60.00","321.856","371.175","semi","2026-01-28T07:53:40.613Z","28-01-2026 13:23:40"
4096,"1490826596981993","20.7","14.5","9.0","120.0","1388.663","2702.190","semi","2026-01-28T07:53:28.611Z","28-01-2026 13:23:28"
4095,"47758410005725","15.8","14.0","3.7","180.0","547.755","826.457","semi","2026-01-28T07:53:24.169Z","28-01-2026 13:23:24"
4094,"1490826564296635","22.9","15.7","8.5","40.00","1680.722","3057.684","semi","2026-01-28T07:53:20.454Z","28-01-2026 13:23:20"
4093,"47758410005703","14.7","14.2","4.7","180.0","450.999","987.415","semi","2026-01-28T07:53:16.900Z","28-01-2026 13:23:16"
4092,"1490826591937852","20.7","19.8","2.9","40.0","431.057","1199.085","semi","2026-01-28T07:53:13.221Z","28-01-2026 13:23:13"
4091,"1490826534587062","16.3","13.6","5.7","40.0","683.321","1271.332","semi","2026-01-28T07:53:07.691Z","28-01-2026 13:23:07"
4090,"44172610380181","16.3","15.3","8.6","60.00","1279.503","2135.349","semi","2026-01-28T07:53:03.494Z","28-01-2026 13:23:03"
4089,"47758410005563","17.5","13.6","9.6","180.0","1452.255","2296.764","semi","2026-01-28T07:52:59.120Z","28-01-2026 13:22:59"
4088,"47758410005666","13.3","12.9","4.8","170.0","538.127","822.565","semi","2026-01-28T07:52:53.919Z","28-01-2026 13:22:53"
4087,"1490826570354030","14.6","13.0","4.2","50.0","459.579","802.902","semi","2026-01-28T07:52:49.493Z","28-01-2026 13:22:49"
4086,"1490826574006453","17.2","11.4","5.1","70.0","776.808","1007.621","semi","2026-01-28T07:52:46.171Z","28-01-2026 13:22:46"
4085,"1490826591537080","16.3","12.5","4.2","80.0","446.162","858.120","semi","2026-01-28T07:52:37.629Z","28-01-2026 13:22:37"
4084,"1490826594649324","17.0","16.1","2.7","60.0","364.119","743.022","semi","2026-01-28T07:52:33.031Z","28-01-2026 13:22:33"
4083,"1652613477213","30.7","27.8","9.3","100.0","4646.966","7963.882","semi","2026-01-28T07:52:28.339Z","28-01-2026 13:22:28"
4082,"29656813694235","16.4","12.7","8.6","680.0","1167.699","1799.343","semi","2026-01-28T07:52:23.000Z","28-01-2026 13:22:23"
4081,"43863810253455","11.8","11.1","3.7","190.0","276.536","482.129","semi","2026-01-28T07:52:16.640Z","28-01-2026 13:22:16"
4080,"1490826581169026","11.8","11.1","3.7","30.0","276.536","482.129","semi","2026-01-28T07:52:08.249Z","28-01-2026 13:22:08"
4079,"1490826594495033","15.0","12.2","6.1","40.0","777.815","1116.281","semi","2026-01-28T07:52:04.238Z","28-01-2026 13:22:04"
4078,"44172610373472","17.8","14.5","2.0","50.00","332.528","502.495","semi","2026-01-28T07:51:57.770Z","28-01-2026 13:21:57"
4077,"1490826528798493","11.6","11.5","5.9","90.00","644.672","779.716","semi","2026-01-28T07:51:53.309Z","28-01-2026 13:21:53"
4076,"1490826561670073","23.3","18.3","2.7","470.0","555.247","1161.533","semi","2026-01-28T07:51:45.113Z","28-01-2026 13:21:45"
4075,"1490826553090696","22.2","17.4","5.2","90.00","1025.776","2022.059","semi","2026-01-28T07:51:40.887Z","28-01-2026 13:21:40"
4074,"1490826570874233","12.8","12.4","5.2","120.0","771.794","830.230","semi","2026-01-28T07:51:35.685Z","28-01-2026 13:21:35"
4073,"1490826597155700","16.4","13.1","5.3","270.0","718.897","1143.780","semi","2026-01-28T07:51:32.270Z","28-01-2026 13:21:32"
4072,"44172610377370","17.9","13.8","6.8","100.0","887.828","1689.272","semi","2026-01-28T07:51:27.721Z","28-01-2026 13:21:27"
4071,"34088610060793","20.6","14.2","7.3","160.0","1348.155","2143.107","semi","2026-01-28T07:51:23.381Z","28-01-2026 13:21:23"
4070,"1490826599448351","17.8","14.1","5.2","80.00","735.178","1308.013","semi","2026-01-28T07:51:19.031Z","28-01-2026 13:21:19"
4069,"44172610373365","14.6","13.0","5.1","90.00","567.922","961.715","semi","2026-01-28T07:51:13.982Z","28-01-2026 13:21:13"
4068,"1490826556678292","19.2","14.2","6.9","90.00","1214.936","1888.467","semi","2026-01-28T07:51:05.126Z","28-01-2026 13:21:05"
4067,"1490826603465264","16.3","13.1","5.7","60.00","709.918","1222.582","semi","2026-01-28T07:51:01.241Z","28-01-2026 13:21:01"
4066,"44172610373940","15.9","11.7","5.2","100.0","520.801","968.306","semi","2026-01-28T07:50:56.578Z","28-01-2026 13:20:56"
4065,"1490826578172536","14.1","13.8","4.5","90.00","564.112","884.824","semi","2026-01-28T07:50:46.708Z","28-01-2026 13:20:46"
4064,"1490826527743125","14.9","11.9","4.7","60.0","431.902","838.381","semi","2026-01-28T07:50:43.197Z","28-01-2026 13:20:43"
4063,"1490826564300286","14.3","13.6","4.2","90.0","526.193","823.046","semi","2026-01-28T07:50:37.165Z","28-01-2026 13:20:37"
4062,"1490826541651602","13.1","8.2","3.6","60.0","208.774","384.117","semi","2026-01-28T07:50:32.138Z","28-01-2026 13:20:32"
4061,"1490826551758051","15.4","9.8","3.2","70.0","215.157","489.747","semi","2026-01-28T07:50:22.715Z","28-01-2026 13:20:22"
4060,"44172610378711","15.4","14.3","2.8","50.00","565.600","615.961","semi","2026-01-28T07:50:18.285Z","28-01-2026 13:20:18"
4059,"1490826534917720","19.2","14.9","4.0","110.0","669.484","1133.089","semi","2026-01-28T07:50:14.120Z","28-01-2026 13:20:14"
4058,"1490826535984796","13.2","12.9","4.3","100.0","367.313","736.774","semi","2026-01-28T07:50:08.616Z","28-01-2026 13:20:08"
4057,"1490826592497616","18.7","11.8","1.8","30.0","277.778","402.274","semi","2026-01-28T07:50:05.210Z","28-01-2026 13:20:05"
4056,"1490826574722870","21.1","18.1","4.0","70.0","700.933","1516.463","semi","2026-01-28T07:50:01.491Z","28-01-2026 13:20:01"
4055,"1490826595539853","13.2","12.9","4.5","320.0","377.384","765.764","semi","2026-01-28T07:49:57.859Z","28-01-2026 13:19:57"
4054,"1490826564296521","17.1","12.3","4.0","40.0","306.047","836.602","semi","2026-01-28T07:49:54.638Z","28-01-2026 13:19:54"
4053,"1490826586834292","18.2","15.2","6.7","50.0","1078.984","1859.735","semi","2026-01-28T07:49:45.955Z","28-01-2026 13:19:45"
4052,"41175210045150","12.9","11.3","5.3","90.00","584.308","775.996","semi","2026-01-28T07:49:40.975Z","28-01-2026 13:19:40"
4051,"34323019632416","17.6","14.2","3.2","100.0","425.145","807.610","semi","2026-01-28T07:49:37.223Z","28-01-2026 13:19:37"
4050,"1490826576481082","14.1","9.6","3.5","30.0","414.691","475.206","semi","2026-01-28T07:49:28.080Z","28-01-2026 13:19:28"
4049,"1490826517857832","15.5","12.3","11.7","140.0","1480.393","2222.976","semi","2026-01-28T07:49:22.606Z","28-01-2026 13:19:22"
4048,"1490826515150873","29.6","18.8","11.4","20.0","3984.950","6348.357","semi","2026-01-28T07:49:18.689Z","28-01-2026 13:19:18"
4047,"1490826575459535","23.5","16.3","11.6","500.0","3038.903","4461.712","semi","2026-01-28T07:49:14.264Z","28-01-2026 13:19:14"
4046,"1490826553745583","16.5","13.1","7.0","470.0","846.572","1512.807","semi","2026-01-28T07:49:09.321Z","28-01-2026 13:19:09"
4045,"1490826576795474","12.3","12.3","9.7","60.0","1156.037","1468.473","semi","2026-01-28T07:49:04.846Z","28-01-2026 13:19:04"
4044,"1490826592823610","17.6","14.2","4.7","50.0","725.641","1174.557","semi","2026-01-28T07:49:00.877Z","28-01-2026 13:19:00"
4043,"1490826576178133","15.6","14.6","1.8","260.0","353.069","417.504","semi","2026-01-28T07:48:38.873Z","28-01-2026 13:18:38"
4042,"1490826576862302","15.7","10.6","5.6","100.0","682.252","925.338","semi","2026-01-28T07:48:22.151Z","28-01-2026 13:18:22"
4041,"1490826574618091","15.5","12.3","5.0","150.0","470.976","949.067","semi","2026-01-28T07:48:15.715Z","28-01-2026 13:18:15"
4040,"1490826571726671","11.8","11.4","4.2","60.0","262.849","571.484","semi","2026-01-28T07:48:10.408Z","28-01-2026 13:18:10"
4039,"1490826568006532","16.2","14.6","5.7","60.0","622.001","1354.016","semi","2026-01-28T07:48:05.037Z","28-01-2026 13:18:05"
4038,"47717410004583","16.7","11.6","3.5","40.00","455.229","672.031","semi","2026-01-28T07:47:59.121Z","28-01-2026 13:17:59"
4037,"1490826597714064","12.7","8.7","3.6","290.0","280.575","400.309","semi","2026-01-28T07:47:53.238Z","28-01-2026 13:17:53"
4036,"1490826568002192","10.5","8.2","8.3","50.0","614.981","709.516","semi","2026-01-28T07:47:48.232Z","28-01-2026 13:17:48"
4035,"1490826541696262","18.6","10.2","2.5","80.0","342.299","482.966","semi","2026-01-28T07:47:44.329Z","28-01-2026 13:17:44"
4034,"1490826596649924","17.1","13.6","6.0","100.0","717.507","1389.110","semi","2026-01-28T07:47:36.545Z","28-01-2026 13:17:36"
4033,"44172610380100","13.6","10.5","7.1","40.0","787.411","1011.346","semi","2026-01-28T07:47:33.325Z","28-01-2026 13:17:33"
4032,"1490826591967720","21.2","18.1","8.1","70.0","1789.467","3125.908","semi","2026-01-28T07:47:28.452Z","28-01-2026 13:17:28"
4031,"1490826599483163","17.2","9.6","7.5","240.0","609.718","1242.561","semi","2026-01-28T07:47:25.252Z","28-01-2026 13:17:25"
4030,"1490826577588622","22.0","20.3","8.5","70.0","2136.218","3770.346","semi","2026-01-28T07:47:20.308Z","28-01-2026 13:17:20"
4029,"1490826605983713","15.7","14.5","6.0","130.0","797.967","1358.562","semi","2026-01-28T07:47:15.054Z","28-01-2026 13:17:15"
4028,"44370710021965","16.9","11.0","5.1","90.00","605.485","951.579","semi","2026-01-28T07:47:08.262Z","28-01-2026 13:17:08"
4027,"1490826578162541","18.7","9.6","11.1","90.00","1572.897","1992.351","semi","2026-01-28T07:47:02.275Z","28-01-2026 13:17:02"
4026,"48338810013716","12.9","10.6","9.7","190.0","1100.066","1325.880","semi","2026-01-28T07:46:58.583Z","28-01-2026 13:16:58"
4025,"1490826557965076","20.7","16.8","6.7","50.000","1022.964","2342.567","semi","2026-01-28T07:46:50.218Z","28-01-2026 13:16:50"
4024,"39241610149251","16.0","15.4","2.1","50.00","354.418","516.547","semi","2026-01-28T07:46:40.845Z","28-01-2026 13:16:40"
4023,"1490826556935041","20.3","19.2","2.5","130.0","531.157","964.013","semi","2026-01-28T07:46:33.417Z","28-01-2026 13:16:33"
4022,"1490826575736680","19.9","14.4","2.7","50.0","391.360","779.054","semi","2026-01-28T07:46:27.797Z","28-01-2026 13:16:27"
4021,"1490826561762753","16.8","14.0","5.2","40.0","705.154","1228.280","semi","2026-01-28T07:46:24.050Z","28-01-2026 13:16:24"
4020,"44172610380240","29.8","11.5","4.2","100.0","1067.442","1454.580","semi","2026-01-28T07:46:21.060Z","28-01-2026 13:16:21"
4019,"1490826491921502","16.4","14.6","9.7","100.0","1248.018","2323.477","semi","2026-01-28T07:46:13.206Z","28-01-2026 13:16:13"
4018,"1490826568946190","14.7","14.7","4.4","70.00","647.503","944.366","semi","2026-01-28T07:46:09.979Z","28-01-2026 13:16:09"
4017,"1490826561527181","23.6","21.0","5.1","220.0","1546.402","2519.442","semi","2026-01-28T07:46:06.364Z","28-01-2026 13:16:06"
4016,"1490826534574333","18.4","15.3","6.0","100.0","996.519","1679.948","semi","2026-01-28T07:46:02.778Z","28-01-2026 13:16:02"
4015,"39241610148606","15.2","14.1","3.0","340.0","510.083","641.543","semi","2026-01-28T07:45:59.123Z","28-01-2026 13:15:59"
4014,"1490826540295282","14.8","12.2","3.4","80.0","404.115","616.675","semi","2026-01-28T07:45:51.948Z","28-01-2026 13:15:51"
4013,"1490826599831295","16.3","8.9","7.9","60.00","783.764","1154.194","semi","2026-01-28T07:45:47.756Z","28-01-2026 13:15:47"
4012,"7269563840733","17.2","8.5","6.5","130.0","218.744","958.957","semi","2026-01-28T07:45:42.683Z","28-01-2026 13:15:42"
4011,"1490826560648880","16.3","13.2","5.4","100.0","780.181","1162.148","semi","2026-01-28T07:45:35.386Z","28-01-2026 13:15:35"
4010,"7269564062305","15.6","8.8","5.2","230.0","573.971","714.434","semi","2026-01-28T07:45:29.423Z","28-01-2026 13:15:29"
4009,"1490826572744515","13.3","13.2","4.6","70.0","606.885","805.233","semi","2026-01-28T07:45:25.044Z","28-01-2026 13:15:25"
4008,"1490826570355441","17.4","10.9","6.3","40.0","897.277","1185.358","semi","2026-01-28T07:45:20.457Z","28-01-2026 13:15:20"
4007,"1490826591491812","11.9","7.5","8.0","150.0","549.550","711.932","semi","2026-01-28T07:45:15.146Z","28-01-2026 13:15:15"
4006,"37277487155","16.7","15.7","9.8","110.0","1669.703","2574.352","semi","2026-01-28T07:45:08.152Z","28-01-2026 13:15:08"
4005,"1490826537721710","14.7","8.6","5.3","40.0","575.920","669.380","semi","2026-01-28T07:45:01.012Z","28-01-2026 13:15:01"
4004,"1490826602293066","14.6","11.7","4.2","130.0","384.688","722.910","semi","2026-01-28T07:44:55.734Z","28-01-2026 13:14:55"
4003,"1490826545678691","13.5","10.0","5.6","70.0","574.838","747.322","semi","2026-01-28T07:44:49.904Z","28-01-2026 13:14:49"
4002,"1490826575284874","14.4","6.3","7.1","90.00","588.397","641.776","semi","2026-01-28T07:44:41.385Z","28-01-2026 13:14:41"
4001,"1490826603861663","20.3","18.1","5.8","240.0","1464.471","2136.097","semi","2026-01-28T07:44:35.055Z","28-01-2026 13:14:35"
4000,"1490826571272614","15.5","10.6","5.3","250.0","585.410","878.692","semi","2026-01-28T07:44:29.963Z","28-01-2026 13:14:29"
3999,"1490826599133141","28.6","15.4","11.0","130.0","3486.346","4825.860","semi","2026-01-28T07:44:25.651Z","28-01-2026 13:14:25"
3998,"1490826574969351","13.0","10.4","7.0","390.0","686.336","949.041","semi","2026-01-28T07:44:19.949Z","28-01-2026 13:14:19"
3997,"1490826591446883","11.8","8.8","8.6","120.0","791.178","891.587","semi","2026-01-28T07:44:16.665Z","28-01-2026 13:14:16"
3996,"1490826541371930","21.2","19.2","3.2","340.0","711.638","1310.344","semi","2026-01-28T07:44:12.140Z","28-01-2026 13:14:12"
3995,"1490826574563804","15.8","10.7","3.4","230.0","312.924","572.070","semi","2026-01-28T07:44:07.786Z","28-01-2026 13:14:07"
3994,"1490826568013591","13.6","9.9","3.7","80.00","365.890","499.564","semi","2026-01-28T07:44:04.740Z","28-01-2026 13:14:04"
3993,"1490826579569040","13.8","7.7","2.9","170.0","232.796","308.418","semi","2026-01-28T07:43:58.523Z","28-01-2026 13:13:58"
3992,"1490826524991252","17.9","11.8","5.3","50.0","688.432","1127.741","semi","2026-01-28T07:43:55.183Z","28-01-2026 13:13:55"
3991,"1490826524932695","20.0","16.7","5.9","80.00","1295.848","1961.847","semi","2026-01-28T07:43:52.013Z","28-01-2026 13:13:52"
3990,"41175210045091","14.7","6.7","2.5","80.0","181.145","245.506","semi","2026-01-28T07:43:45.250Z","28-01-2026 13:13:45"
3989,"1490826570569420","12.9","11.5","4.2","50.0","360.872","629.021","semi","2026-01-28T07:43:39.814Z","28-01-2026 13:13:39"
3988,"1490826545373443","17.2","13.1","2.7","60.0","475.610","608.808","semi","2026-01-28T07:43:33.780Z","28-01-2026 13:13:33"
3987,"1490826557778622","16.7","14.4","4.7","100.0","692.686","1137.972","semi","2026-01-28T07:43:29.666Z","28-01-2026 13:13:29"
3986,"1490826576038634","20.9","11.9","2.5","70.0","326.470","617.394","semi","2026-01-28T07:43:25.317Z","28-01-2026 13:13:25"
3985,"1490826507475325","16.4","12.3","5.2","70.0","579.592","1056.523","semi","2026-01-28T07:43:21.779Z","28-01-2026 13:13:21"
3984,"1490826529033940","15.7","14.2","4.3","60.0","573.147","956.723","semi","2026-01-28T07:43:18.550Z","28-01-2026 13:13:18"
3983,"1490826576727740","18.9","18.7","3.7","40.0","608.484","1317.963","semi","2026-01-28T07:43:14.914Z","28-01-2026 13:13:14"
3982,"1490826597950336","16.5","8.5","5.2","170.0","544.433","723.110","semi","2026-01-28T07:43:09.050Z","28-01-2026 13:13:09"
3981,"1490826572744725","17.2","9.5","4.2","70.0","287.193","690.936","semi","2026-01-28T07:43:04.913Z","28-01-2026 13:13:04"
3980,"1490826591518740","13.1","12.4","5.7","960.00","415.165","931.361","semi","2026-01-28T07:43:01.372Z","28-01-2026 13:13:01"
3979,"34323019632486","13.1","12.4","5.7","90.0","415.165","931.361","semi","2026-01-28T07:42:49.743Z","28-01-2026 13:12:49"
3978,"1490826563598105","19.2","14.3","5.8","30.0","1017.398","1605.947","semi","2026-01-28T07:42:44.581Z","28-01-2026 13:12:44"
3977,"39241610149026","28.2","23.8","4.7","60.00","1639.651","3165.503","semi","2026-01-28T07:42:35.816Z","28-01-2026 13:12:35"
3976,"1490826594441542","20.3","15.5","3.2","120.0","611.080","1012.131","semi","2026-01-28T07:42:32.364Z","28-01-2026 13:12:32"
3975,"1490826564424783","18.0","14.2","5.7","30.0","1019.438","1448.227","semi","2026-01-28T07:42:28.010Z","28-01-2026 13:12:28"
3974,"39241610148923","24.5","16.7","9.6","80.0","2776.579","3916.266","semi","2026-01-28T07:42:24.171Z","28-01-2026 13:12:24"
3973,"1490826545532310","13.6","13.2","2.2","560.0","213.850","399.335","semi","2026-01-28T07:42:20.467Z","28-01-2026 13:12:20"
3972,"1490826571076430","21.1","15.5","5.5","30.0","837.411","1782.826","semi","2026-01-28T07:42:15.909Z","28-01-2026 13:12:15"
3971,"41175210045076","19.5","16.1","5.0","40.00","989.045","1556.201","semi","2026-01-28T07:42:11.452Z","28-01-2026 13:12:11"
3970,"115761187377955","18.3","12.0","4.8","130.0","596.344","1063.876","semi","2026-01-28T07:42:04.882Z","28-01-2026 13:12:04"
3969,"1490826578155795","16.1","15.0","11.2","60.0","1347.382","2702.435","semi","2026-01-28T07:41:50.577Z","28-01-2026 13:11:50"
3968,"1490826515150803","15.5","11.0","3.7","40.00","347.088","635.112","semi","2026-01-28T07:41:44.690Z","28-01-2026 13:11:44"
3967,"1490826526611634","13.0","8.2","3.0","200.0","252.452","321.884","semi","2026-01-28T07:41:33.682Z","28-01-2026 13:11:33"
3966,"1490826600099233","15.0","11.7","6.6","100.0","793.542","1161.787","semi","2026-01-28T07:41:30.113Z","28-01-2026 13:11:30"
3965,"1490826591552082","19.2","14.4","3.0","80.0","383.905","825.019","semi","2026-01-28T07:41:27.067Z","28-01-2026 13:11:27"
3964,"1490826561710905","18.4","14.5","3.2","20.00","462.678","860.095","semi","2026-01-28T07:41:23.295Z","28-01-2026 13:11:23"
3963,"1490826561710813","10.9","9.5","6.8","60.0","545.785","701.523","semi","2026-01-28T07:41:04.377Z","28-01-2026 13:11:04"
3962,"1490826591069266","15.6","15.5","5.2","120.0","684.368","1264.860","semi","2026-01-28T07:40:59.261Z","28-01-2026 13:10:59"
3961,"44172610379691","13.5","11.9","4.8","40.0","403.225","780.280","semi","2026-01-28T07:40:55.076Z","28-01-2026 13:10:55"
3960,"1490826573364866","15.0","13.7","4.0","60.0","429.068","815.966","semi","2026-01-28T07:40:51.709Z","28-01-2026 13:10:51"
3959,"1490826564422086","19.4","15.2","7.4","50.0","1178.526","2190.750","semi","2026-01-28T07:40:48.228Z","28-01-2026 13:10:48"
3958,"41175210044903","15.3","15.1","4.0","80.0","508.995","920.318","semi","2026-01-28T07:40:40.318Z","28-01-2026 13:10:40"
3957,"1490826553600193","19.5","16.6","6.0","150.0","1060.018","1950.785","semi","2026-01-28T07:40:36.650Z","28-01-2026 13:10:36"
3956,"41175210044461","17.5","12.5","4.7","220.0","607.624","1028.971","semi","2026-01-28T07:40:32.411Z","28-01-2026 13:10:32"
3955,"1490826578155460","13.2","9.7","4.1","70.0","485.326","524.172","semi","2026-01-28T07:40:28.678Z","28-01-2026 13:10:28"
3954,"5662089468012","13.2","9.7","4.1","90.00","485.326","524.172","semi","2026-01-28T07:40:24.491Z","28-01-2026 13:10:24"
3953,"29753911001280","17.8","11.5","1.9","100.0","301.467","385.169","semi","2026-01-28T07:40:13.600Z","28-01-2026 13:10:13"
3952,"1490826528798762","15.9","14.2","5.1","80.0","524.101","1146.694","semi","2026-01-28T07:40:07.138Z","28-01-2026 13:10:07"
3951,"1490826568407050","19.1","15.8","4.3","40.0","1048.840","1312.518","semi","2026-01-28T07:40:03.609Z","28-01-2026 13:10:03"
3950,"1490826580779314","19.7","14.1","4.7","440.0","798.024","1309.838","semi","2026-01-28T07:40:00.161Z","28-01-2026 13:10:00"
3949,"1490826525806424","15.4","13.7","4.0","30.0","468.990","839.613","semi","2026-01-28T07:39:56.762Z","28-01-2026 13:09:56"
3948,"1490826542150411","15.3","12.6","3.8","310.0","479.538","730.410","semi","2026-01-28T07:39:53.215Z","28-01-2026 13:09:53"
3947,"1490826539715914","15.7","12.1","5.3","100.0","856.465","998.249","semi","2026-01-28T07:39:49.375Z","28-01-2026 13:09:49"
3946,"44792510054762","17.5","12.1","2.7","150.0","433.712","575.499","semi","2026-01-28T07:39:41.918Z","28-01-2026 13:09:41"
3945,"1490826564893433","15.6","13.9","4.5","120.0","585.111","968.605","semi","2026-01-28T07:39:30.591Z","28-01-2026 13:09:30"
3944,"44172610375642","14.7","14.3","3.2","60.0","400.597","678.724","semi","2026-01-28T07:39:26.389Z","28-01-2026 13:09:26"
3943,"1490826583799615","18.7","14.8","4.5","70.0","712.514","1235.714","semi","2026-01-28T07:39:19.331Z","28-01-2026 13:09:19"
3942,"1490826541330545","14.2","12.4","8.4","60.0","894.665","1482.348","semi","2026-01-28T07:39:06.541Z","28-01-2026 13:09:06"
3941,"1490826545425394","18.9","14.7","1.8","60.0","391.299","505.261","semi","2026-01-28T07:39:02.054Z","28-01-2026 13:09:02"
3940,"1490826580783245","13.1","12.3","5.7","160.0","480.563","922.361","semi","2026-01-28T07:38:56.156Z","28-01-2026 13:08:56"
3939,"34323019632781","10.4","10.0","9.5","90.0","915.484","991.926","semi","2026-01-28T07:38:52.976Z","28-01-2026 13:08:52"
3938,"1490826592823761","28.2","24.1","13.7","60.0","5713.238","9319.462","semi","2026-01-28T07:38:48.724Z","28-01-2026 13:08:48"
3937,"1490826583297225","14.6","12.4","4.2","460.0","375.249","766.523","semi","2026-01-28T07:38:42.711Z","28-01-2026 13:08:42"
3936,"1490826545678444","22.7","7.6","2.6","70.0","225.818","443.193","semi","2026-01-28T07:38:37.867Z","28-01-2026 13:08:37"
3935,"1490826524993783","14.6","13.7","4.0","50.0","447.027","798.927","semi","2026-01-28T07:38:33.119Z","28-01-2026 13:08:33"
3934,"1490826592066582","17.0","15.5","5.8","80.0","840.597","1532.525","semi","2026-01-28T07:38:28.699Z","28-01-2026 13:08:28"
3933,"1490826568528500","8.6","7.6","4.0","120.0","223.211","264.576","semi","2026-01-28T07:38:23.842Z","28-01-2026 13:08:23"
3932,"1490826584000574","17.9","8.3","7.0","40.0","750.985","1035.411","semi","2026-01-28T07:38:05.982Z","28-01-2026 13:08:05"
3931,"7269563660472","19.6","15.1","5.7","120.0","1061.790","1690.225","semi","2026-01-28T07:37:51.444Z","28-01-2026 13:07:51"
3930,"39241610148816","14.7","8.6","5.3","90.0","495.470","672.737","semi","2026-01-28T07:37:46.574Z","28-01-2026 13:07:46"
3929,"1490826568009181","18.3","16.1","4.2","100.0","648.037","1243.946","semi","2026-01-28T07:37:41.974Z","28-01-2026 13:07:41"
3928,"7269564176442","29.9","19.7","12.6","70.0","4544.689","7399.702","semi","2026-01-28T07:37:21.562Z","28-01-2026 13:07:21"
3927,"1490826575459406","16.8","15.6","6.2","530.0","610.004","1626.635","semi","2026-01-28T07:37:18.328Z","28-01-2026 13:07:18"
3926,"39241610148525","20.7","14.4","6.2","50.0","894.695","1863.199","semi","2026-01-28T07:37:14.271Z","28-01-2026 13:07:14"
3925,"41175210044424","14.7","11.9","4.7","60.0","444.361","830.380","semi","2026-01-28T07:37:08.598Z","28-01-2026 13:07:08"
3924,"1490826561319362","15.4","9.1","1.8","60.0","179.433","254.026","semi","2026-01-28T07:37:05.023Z","28-01-2026 13:07:05"
3923,"1490826541925103","20.3","16.0","6.2","20.0","1331.328","2001.481","semi","2026-01-28T07:37:01.360Z","28-01-2026 13:07:01"
3922,"41175210045172","20.8","16.2","5.7","70.00","1226.342","1917.852","semi","2026-01-28T07:36:58.245Z","28-01-2026 13:06:58"
3921,"41175210045043","20.5","14.6","7.2","40.0","1213.027","2165.828","semi","2026-01-28T07:36:54.130Z","28-01-2026 13:06:54"
3920,"41175210045286","13.7","9.3","6.9","220.0","483.964","879.090","semi","2026-01-28T07:36:48.776Z","28-01-2026 13:06:48"
3919,"1490826567864841","16.9","13.4","3.7","70.0","583.688","839.290","semi","2026-01-28T07:36:44.421Z","28-01-2026 13:06:44"
3918,"1490826595756094","14.6","11.5","5.3","70.0","627.223","892.043","semi","2026-01-28T07:36:38.931Z","28-01-2026 13:06:38"
3917,"1490826541394153","21.4","14.6","6.0","20.0","740.235","1871.835","semi","2026-01-28T07:36:34.757Z","28-01-2026 13:06:34"
3916,"41175210044590","15.2","10.8","6.0","30.0","545.237","991.344","semi","2026-01-28T07:36:30.332Z","28-01-2026 13:06:30"
3915,"1490826578169493","15.7","13.2","7.6","60.00","859.408","1566.522","semi","2026-01-28T07:36:27.011Z","28-01-2026 13:06:27"
3914,"37359210003253","13.9","9.6","5.9","110.0","486.251","791.057","semi","2026-01-28T07:36:22.674Z","28-01-2026 13:06:22"
3913,"1490826601630741","10.6","10.1","2.9","80.00","228.586","307.943","semi","2026-01-28T07:36:16.852Z","28-01-2026 13:06:16"
3912,"1490826581208650","13.0","11.7","4.9","100.0","561.786","743.584","semi","2026-01-28T07:36:13.288Z","28-01-2026 13:06:13"
3911,"1490820381159063","13.0","11.7","4.9","70.0","561.786","743.584","semi","2026-01-28T07:36:10.081Z","28-01-2026 13:06:10"
3910,"1490826557315373","15.6","11.7","4.1","","407.418","739.596","semi","2026-01-28T07:36:06.732Z","28-01-2026 13:06:06"
3909,"1490826540500721","19.0","17.3","8.8","70.000","1909.726","2900.033","semi","2026-01-28T07:36:00.746Z","28-01-2026 13:06:00"
3908,"1490826598696164","15.9","13.0","4.7","70.0","548.053","977.395","semi","2026-01-28T07:35:50.106Z","28-01-2026 13:05:50"
3907,"1490826545678411","19.1","14.8","6.3","80.0","1186.228","1784.581","semi","2026-01-28T07:35:46.793Z","28-01-2026 13:05:46"
3906,"47717410004712","21.6","16.2","13.4","80.0","3506.917","4695.098","semi","2026-01-28T07:35:42.239Z","28-01-2026 13:05:42"
3905,"1490826583294720","15.0","11.6","4.5","310.0","497.871","783.758","semi","2026-01-28T07:35:38.183Z","28-01-2026 13:05:38"
3904,"1490826578571326","15.9","15.0","4.2","80.00","623.801","1007.782","semi","2026-01-28T07:35:32.307Z","28-01-2026 13:05:32"
3903,"1490826597519210","17.8","16.3","2.7","30.0","328.603","791.417","semi","2026-01-28T07:35:24.835Z","28-01-2026 13:05:24"
3902,"1490826583722114","22.8","20.0","6.0","60.0","985.423","2717.266","semi","2026-01-28T07:35:20.737Z","28-01-2026 13:05:20"
3901,"44547810034635","15.6","15.2","4.2","40.0","593.588","999.212","semi","2026-01-28T07:35:14.241Z","28-01-2026 13:05:14"
3900,"77664762420","32.6","12.0","11.9","10.0","3190.661","4662.589","semi","2026-01-28T07:35:02.672Z","28-01-2026 13:05:02"
3899,"1490826602039143","39.2","29.3","19.7","210.0","22005.783","22563.898","semi","2026-01-28T07:34:49.931Z","28-01-2026 13:04:49"
3898,"12345678912345","19.9","13.3","6.2","4000.0","1276.775","1642.318","semi","2026-01-28T07:34:35.109Z","28-01-2026 13:04:35"